p,q,wp,wq,box,coefficient,inf,sup,inf_attained,sup_attained,oracle_value_calls,oracle_set_points
-3,-2,-2,-2,0,-2,-5/8,5/8,True,False,30,16
-3,-2,-2,-2,0,0,-1/4,1/4,True,False,30,16
-3,-2,-2,-2,0,3,-3/4,3/4,True,True,30,16
-3,-2,-2,-2,1,-2,-1/2,1/2,True,False,114,60
-3,-2,-2,-2,1,0,-1/4,1/4,True,False,114,60
-3,-2,-2,-2,1,3,-5/8,5/8,True,False,114,60
-3,-2,-2,-2,2,-2,-1/50,1/50,True,True,6,4
-3,-2,-2,-2,2,0,-1/25,1/25,True,True,6,4
-3,-2,-2,-2,2,3,-7/100,7/100,True,True,6,4
-3,-2,-2,-2,3,-2,-31/28,-1/28,True,False,146,76
-3,-2,-2,-2,3,0,-1/4,1/4,True,False,146,76
-3,-2,-2,-2,3,3,5/28,43/28,True,False,146,76
-3,-2,-2,-2,4,-2,-1/4,1/4,True,False,54,28
-3,-2,-2,-2,4,0,-1/4,1/4,True,False,54,28
-3,-2,-2,-2,4,3,-1/4,1/4,True,False,54,28
-3,-2,-2,-1,0,-2,-9/16,9/16,True,False,30,16
-3,-2,-2,-1,0,0,-3/16,3/16,True,False,30,16
-3,-2,-2,-1,0,3,-3/4,3/4,True,True,30,16
-3,-2,-2,-1,1,-2,-7/16,7/16,True,False,114,60
-3,-2,-2,-1,1,0,-3/16,3/16,True,False,114,60
-3,-2,-2,-1,1,3,-9/16,9/16,True,False,114,60
-3,-2,-2,-1,2,-2,-1/100,1/100,True,True,6,4
-3,-2,-2,-1,2,0,-3/100,3/100,True,True,6,4
-3,-2,-2,-1,2,3,-3/50,3/50,True,True,6,4
-3,-2,-2,-1,3,-2,-117/112,-11/112,True,False,146,76
-3,-2,-2,-1,3,0,-3/16,3/16,True,False,146,76
-3,-2,-2,-1,3,3,27/112,165/112,True,False,146,76
-3,-2,-2,-1,4,-2,-3/16,3/16,True,False,54,28
-3,-2,-2,-1,4,0,-3/16,3/16,True,False,54,28
-3,-2,-2,-1,4,3,-3/16,3/16,True,False,54,28
-3,-2,-2,0,0,-2,-1/2,1/2,True,True,30,16
-3,-2,-2,0,0,0,-1/8,1/8,True,False,30,16
-3,-2,-2,0,0,3,-3/4,3/4,True,True,30,16
-3,-2,-2,0,1,-2,-3/8,3/8,True,False,114,60
-3,-2,-2,0,1,0,-1/8,1/8,True,False,114,60
-3,-2,-2,0,1,3,-1/2,1/2,True,False,114,60
-3,-2,-2,0,2,-2,0,0,True,True,6,4
-3,-2,-2,0,2,0,-1/50,1/50,True,True,6,4
-3,-2,-2,0,2,3,-1/20,1/20,True,True,6,4
-3,-2,-2,0,3,-2,-55/56,-9/56,True,False,146,76
-3,-2,-2,0,3,0,-1/8,1/8,True,False,146,76
-3,-2,-2,0,3,3,17/56,79/56,True,False,146,76
-3,-2,-2,0,4,-2,-1/8,1/8,True,False,54,28
-3,-2,-2,0,4,0,-1/8,1/8,True,False,54,28
-3,-2,-2,0,4,3,-1/8,1/8,True,False,54,28
-3,-2,-2,1,0,-2,-1/2,1/2,True,True,30,16
-3,-2,-2,1,0,0,-3/16,3/16,True,False,30,16
-3,-2,-2,1,0,3,-3/4,3/4,True,True,30,16
-3,-2,-2,1,1,-2,-7/16,7/16,True,False,114,60
-3,-2,-2,1,1,0,-3/16,3/16,True,False,114,60
-3,-2,-2,1,1,3,-9/16,9/16,True,False,114,60
-3,-2,-2,1,2,-2,-1/100,1/100,True,True,6,4
-3,-2,-2,1,2,0,-1/100,1/100,True,True,6,4
-3,-2,-2,1,2,3,-1/25,1/25,True,True,6,4
-3,-2,-2,1,3,-2,-117/112,-11/112,True,False,146,76
-3,-2,-2,1,3,0,-3/16,3/16,True,False,146,76
-3,-2,-2,1,3,3,27/112,165/112,True,False,146,76
-3,-2,-2,1,4,-2,-3/16,3/16,True,False,54,28
-3,-2,-2,1,4,0,-3/16,3/16,True,False,54,28
-3,-2,-2,1,4,3,-3/16,3/16,True,False,54,28
-3,-2,-2,2,0,-2,-1/2,1/2,True,True,30,16
-3,-2,-2,2,0,0,-1/4,1/4,True,True,30,16
-3,-2,-2,2,0,3,-13/16,13/16,True,False,30,16
-3,-2,-2,2,1,-2,-1/2,1/2,True,True,114,60
-3,-2,-2,2,1,0,-1/4,1/4,True,True,114,60
-3,-2,-2,2,1,3,-5/8,5/8,True,True,114,60
-3,-2,-2,2,2,-2,-1/50,1/50,True,True,6,4
-3,-2,-2,2,2,0,0,0,True,True,6,4
-3,-2,-2,2,2,3,-3/100,3/100,True,True,6,4
-3,-2,-2,2,3,-2,-31/28,-1/28,True,True,146,76
-3,-2,-2,2,3,0,-1/4,1/4,True,True,146,76
-3,-2,-2,2,3,3,5/28,43/28,True,True,146,76
-3,-2,-2,2,4,-2,-1/4,1/4,True,True,54,28
-3,-2,-2,2,4,0,-1/4,1/4,True,True,54,28
-3,-2,-2,2,4,3,-1/4,1/4,True,True,54,28
-3,-2,-1,-2,0,-2,-9/16,9/16,True,False,30,16
-3,-2,-1,-2,0,0,-1/4,1/4,True,False,30,16
-3,-2,-1,-2,0,3,-3/4,3/4,True,True,30,16
-3,-2,-1,-2,1,-2,-1/2,1/2,True,False,114,60
-3,-2,-1,-2,1,0,-1/4,1/4,True,False,114,60
-3,-2,-1,-2,1,3,-5/8,5/8,True,False,114,60
-3,-2,-1,-2,2,-2,-1/100,1/100,True,True,6,4
-3,-2,-1,-2,2,0,-3/100,3/100,True,True,6,4
-3,-2,-1,-2,2,3,-3/50,3/50,True,True,6,4
-3,-2,-1,-2,3,-2,-31/28,-1/28,True,False,146,76
-3,-2,-1,-2,3,0,-1/4,1/4,True,False,146,76
-3,-2,-1,-2,3,3,5/28,43/28,True,False,146,76
-3,-2,-1,-2,4,-2,-1/4,1/4,True,False,54,28
-3,-2,-1,-2,4,0,-1/4,1/4,True,False,54,28
-3,-2,-1,-2,4,3,-1/4,1/4,True,False,54,28
-3,-2,-1,-1,0,-2,-1/2,1/2,True,True,30,16
-3,-2,-1,-1,0,0,-1/8,1/8,True,False,30,16
-3,-2,-1,-1,0,3,-3/4,3/4,True,True,30,16
-3,-2,-1,-1,1,-2,-3/8,3/8,True,False,114,60
-3,-2,-1,-1,1,0,-1/8,1/8,True,False,114,60
-3,-2,-1,-1,1,3,-1/2,1/2,True,False,114,60
-3,-2,-1,-1,2,-2,0,0,True,True,6,4
-3,-2,-1,-1,2,0,-1/50,1/50,True,True,6,4
-3,-2,-1,-1,2,3,-1/20,1/20,True,True,6,4
-3,-2,-1,-1,3,-2,-55/56,-9/56,True,False,146,76
-3,-2,-1,-1,3,0,-1/8,1/8,True,False,146,76
-3,-2,-1,-1,3,3,17/56,79/56,True,False,146,76
-3,-2,-1,-1,4,-2,-1/8,1/8,True,False,54,28
-3,-2,-1,-1,4,0,-1/8,1/8,True,False,54,28
-3,-2,-1,-1,4,3,-1/8,1/8,True,False,54,28
-3,-2,-1,0,0,-2,-1/2,1/2,True,True,30,16
-3,-2,-1,0,0,0,-1/16,1/16,True,False,30,16
-3,-2,-1,0,0,3,-3/4,3/4,True,True,30,16
-3,-2,-1,0,1,-2,-5/16,5/16,True,False,114,60
-3,-2,-1,0,1,0,-1/16,1/16,True,False,114,60
-3,-2,-1,0,1,3,-7/16,7/16,True,False,114,60
-3,-2,-1,0,2,-2,-1/100,1/100,True,True,6,4
-3,-2,-1,0,2,0,-1/100,1/100,True,True,6,4
-3,-2,-1,0,2,3,-1/25,1/25,True,True,6,4
-3,-2,-1,0,3,-2,-103/112,-25/112,True,False,146,76
-3,-2,-1,0,3,0,-1/16,1/16,True,False,146,76
-3,-2,-1,0,3,3,41/112,151/112,True,False,146,76
-3,-2,-1,0,4,-2,-1/16,1/16,True,False,54,28
-3,-2,-1,0,4,0,-1/16,1/16,True,False,54,28
-3,-2,-1,0,4,3,-1/16,1/16,True,False,54,28
-3,-2,-1,1,0,-2,-1/2,1/2,True,True,30,16
-3,-2,-1,1,0,0,-1/8,1/8,True,True,30,16
-3,-2,-1,1,0,3,-3/4,3/4,True,True,30,16
-3,-2,-1,1,1,-2,-3/8,3/8,True,True,114,60
-3,-2,-1,1,1,0,-1/8,1/8,True,True,114,60
-3,-2,-1,1,1,3,-1/2,1/2,True,True,114,60
-3,-2,-1,1,2,-2,-1/50,1/50,True,True,6,4
-3,-2,-1,1,2,0,0,0,True,True,6,4
-3,-2,-1,1,2,3,-3/100,3/100,True,True,6,4
-3,-2,-1,1,3,-2,-55/56,-9/56,True,True,146,76
-3,-2,-1,1,3,0,-1/8,1/8,True,True,146,76
-3,-2,-1,1,3,3,17/56,79/56,True,True,146,76
-3,-2,-1,1,4,-2,-1/8,1/8,True,True,54,28
-3,-2,-1,1,4,0,-1/8,1/8,True,True,54,28
-3,-2,-1,1,4,3,-1/8,1/8,True,True,54,28
-3,-2,-1,2,0,-2,-1/2,1/2,True,True,30,16
-3,-2,-1,2,0,0,-1/4,1/4,False,True,30,16
-3,-2,-1,2,0,3,-3/4,3/4,True,True,30,16
-3,-2,-1,2,1,-2,-1/2,1/2,False,True,114,60
-3,-2,-1,2,1,0,-1/4,1/4,False,True,114,60
-3,-2,-1,2,1,3,-5/8,5/8,False,True,114,60
-3,-2,-1,2,2,-2,-3/100,3/100,True,True,6,4
-3,-2,-1,2,2,0,-1/100,1/100,True,True,6,4
-3,-2,-1,2,2,3,-1/50,1/50,True,True,6,4
-3,-2,-1,2,3,-2,-31/28,-1/28,False,True,146,76
-3,-2,-1,2,3,0,-1/4,1/4,False,True,146,76
-3,-2,-1,2,3,3,5/28,43/28,False,True,146,76
-3,-2,-1,2,4,-2,-1/4,1/4,False,True,54,28
-3,-2,-1,2,4,0,-1/4,1/4,False,True,54,28
-3,-2,-1,2,4,3,-1/4,1/4,False,True,54,28
-3,-2,0,-2,0,-2,-1/2,1/2,True,True,30,16
-3,-2,0,-2,0,0,-1/4,1/4,True,False,30,16
-3,-2,0,-2,0,3,-3/4,3/4,True,True,30,16
-3,-2,0,-2,1,-2,-1/2,1/2,True,False,114,60
-3,-2,0,-2,1,0,-1/4,1/4,True,False,114,60
-3,-2,0,-2,1,3,-5/8,5/8,True,False,114,60
-3,-2,0,-2,2,-2,0,0,True,True,6,4
-3,-2,0,-2,2,0,-1/50,1/50,True,True,6,4
-3,-2,0,-2,2,3,-1/20,1/20,True,True,6,4
-3,-2,0,-2,3,-2,-31/28,-1/28,True,False,146,76
-3,-2,0,-2,3,0,-1/4,1/4,True,False,146,76
-3,-2,0,-2,3,3,5/28,43/28,True,False,146,76
-3,-2,0,-2,4,-2,-1/4,1/4,True,False,54,28
-3,-2,0,-2,4,0,-1/4,1/4,True,False,54,28
-3,-2,0,-2,4,3,-1/4,1/4,True,False,54,28
-3,-2,0,-1,0,-2,-1/2,1/2,True,True,30,16
-3,-2,0,-1,0,0,-1/8,1/8,True,False,30,16
-3,-2,0,-1,0,3,-3/4,3/4,True,True,30,16
-3,-2,0,-1,1,-2,-3/8,3/8,True,False,114,60
-3,-2,0,-1,1,0,-1/8,1/8,True,False,114,60
-3,-2,0,-1,1,3,-1/2,1/2,True,False,114,60
-3,-2,0,-1,2,-2,-1/100,1/100,True,True,6,4
-3,-2,0,-1,2,0,-1/100,1/100,True,True,6,4
-3,-2,0,-1,2,3,-1/25,1/25,True,True,6,4
-3,-2,0,-1,3,-2,-55/56,-9/56,True,False,146,76
-3,-2,0,-1,3,0,-1/8,1/8,True,False,146,76
-3,-2,0,-1,3,3,17/56,79/56,True,False,146,76
-3,-2,0,-1,4,-2,-1/8,1/8,True,False,54,28
-3,-2,0,-1,4,0,-1/8,1/8,True,False,54,28
-3,-2,0,-1,4,3,-1/8,1/8,True,False,54,28
-3,-2,0,0,0,-2,-1/2,1/2,True,True,30,16
-3,-2,0,0,0,0,0,0,True,True,30,16
-3,-2,0,0,0,3,-3/4,3/4,True,True,30,16
-3,-2,0,0,1,-2,-1/4,1/4,True,True,114,60
-3,-2,0,0,1,0,0,0,True,True,114,60
-3,-2,0,0,1,3,-3/8,3/8,True,True,114,60
-3,-2,0,0,2,-2,-1/50,1/50,True,True,6,4
-3,-2,0,0,2,0,0,0,True,True,6,4
-3,-2,0,0,2,3,-3/100,3/100,True,True,6,4
-3,-2,0,0,3,-2,-6/7,-2/7,True,True,146,76
-3,-2,0,0,3,0,0,0,True,True,146,76
-3,-2,0,0,3,3,3/7,9/7,True,True,146,76
-3,-2,0,0,4,-2,0,0,True,True,54,28
-3,-2,0,0,4,0,0,0,True,True,54,28
-3,-2,0,0,4,3,0,0,True,True,54,28
-3,-2,0,1,0,-2,-1/2,1/2,True,True,30,16
-3,-2,0,1,0,0,-1/8,1/8,False,True,30,16
-3,-2,0,1,0,3,-3/4,3/4,True,True,30,16
-3,-2,0,1,1,-2,-3/8,3/8,False,True,114,60
-3,-2,0,1,1,0,-1/8,1/8,False,True,114,60
-3,-2,0,1,1,3,-1/2,1/2,False,True,114,60
-3,-2,0,1,2,-2,-3/100,3/100,True,True,6,4
-3,-2,0,1,2,0,-1/100,1/100,True,True,6,4
-3,-2,0,1,2,3,-1/50,1/50,True,True,6,4
-3,-2,0,1,3,-2,-55/56,-9/56,False,True,146,76
-3,-2,0,1,3,0,-1/8,1/8,False,True,146,76
-3,-2,0,1,3,3,17/56,79/56,False,True,146,76
-3,-2,0,1,4,-2,-1/8,1/8,False,True,54,28
-3,-2,0,1,4,0,-1/8,1/8,False,True,54,28
-3,-2,0,1,4,3,-1/8,1/8,False,True,54,28
-3,-2,0,2,0,-2,-1/2,1/2,True,True,30,16
-3,-2,0,2,0,0,-1/4,1/4,False,True,30,16
-3,-2,0,2,0,3,-3/4,3/4,True,True,30,16
-3,-2,0,2,1,-2,-1/2,1/2,False,True,114,60
-3,-2,0,2,1,0,-1/4,1/4,False,True,114,60
-3,-2,0,2,1,3,-5/8,5/8,False,True,114,60
-3,-2,0,2,2,-2,-1/25,1/25,True,True,6,4
-3,-2,0,2,2,0,-1/50,1/50,True,True,6,4
-3,-2,0,2,2,3,-1/100,1/100,True,True,6,4
-3,-2,0,2,3,-2,-31/28,-1/28,False,True,146,76
-3,-2,0,2,3,0,-1/4,1/4,False,True,146,76
-3,-2,0,2,3,3,5/28,43/28,False,True,146,76
-3,-2,0,2,4,-2,-1/4,1/4,False,True,54,28
-3,-2,0,2,4,0,-1/4,1/4,False,True,54,28
-3,-2,0,2,4,3,-1/4,1/4,False,True,54,28
-3,-2,1,-2,0,-2,-9/16,9/16,False,True,30,16
-3,-2,1,-2,0,0,-1/4,1/4,True,False,30,16
-3,-2,1,-2,0,3,-3/4,3/4,True,True,30,16
-3,-2,1,-2,1,-2,-1/2,1/2,True,False,114,60
-3,-2,1,-2,1,0,-1/4,1/4,True,False,114,60
-3,-2,1,-2,1,3,-5/8,5/8,True,False,114,60
-3,-2,1,-2,2,-2,-1/100,1/100,True,True,6,4
-3,-2,1,-2,2,0,-1/100,1/100,True,True,6,4
-3,-2,1,-2,2,3,-1/25,1/25,True,True,6,4
-3,-2,1,-2,3,-2,-31/28,-1/28,True,False,146,76
-3,-2,1,-2,3,0,-1/4,1/4,True,False,146,76
-3,-2,1,-2,3,3,5/28,43/28,True,False,146,76
-3,-2,1,-2,4,-2,-1/4,1/4,True,False,54,28
-3,-2,1,-2,4,0,-1/4,1/4,True,False,54,28
-3,-2,1,-2,4,3,-1/4,1/4,True,False,54,28
-3,-2,1,-1,0,-2,-1/2,1/2,True,True,30,16
-3,-2,1,-1,0,0,-1/8,1/8,True,True,30,16
-3,-2,1,-1,0,3,-3/4,3/4,True,True,30,16
-3,-2,1,-1,1,-2,-3/8,3/8,True,True,114,60
-3,-2,1,-1,1,0,-1/8,1/8,True,True,114,60
-3,-2,1,-1,1,3,-1/2,1/2,True,True,114,60
-3,-2,1,-1,2,-2,-1/50,1/50,True,True,6,4
-3,-2,1,-1,2,0,0,0,True,True,6,4
-3,-2,1,-1,2,3,-3/100,3/100,True,True,6,4
-3,-2,1,-1,3,-2,-55/56,-9/56,True,True,146,76
-3,-2,1,-1,3,0,-1/8,1/8,True,True,146,76
-3,-2,1,-1,3,3,17/56,79/56,True,True,146,76
-3,-2,1,-1,4,-2,-1/8,1/8,True,True,54,28
-3,-2,1,-1,4,0,-1/8,1/8,True,True,54,28
-3,-2,1,-1,4,3,-1/8,1/8,True,True,54,28
-3,-2,1,0,0,-2,-1/2,1/2,True,True,30,16
-3,-2,1,0,0,0,-1/16,1/16,False,True,30,16
-3,-2,1,0,0,3,-3/4,3/4,True,True,30,16
-3,-2,1,0,1,-2,-5/16,5/16,False,True,114,60
-3,-2,1,0,1,0,-1/16,1/16,False,True,114,60
-3,-2,1,0,1,3,-7/16,7/16,False,True,114,60
-3,-2,1,0,2,-2,-3/100,3/100,True,True,6,4
-3,-2,1,0,2,0,-1/100,1/100,True,True,6,4
-3,-2,1,0,2,3,-1/50,1/50,True,True,6,4
-3,-2,1,0,3,-2,-103/112,-25/112,False,True,146,76
-3,-2,1,0,3,0,-1/16,1/16,False,True,146,76
-3,-2,1,0,3,3,41/112,151/112,False,True,146,76
-3,-2,1,0,4,-2,-1/16,1/16,False,True,54,28
-3,-2,1,0,4,0,-1/16,1/16,False,True,54,28
-3,-2,1,0,4,3,-1/16,1/16,False,True,54,28
-3,-2,1,1,0,-2,-1/2,1/2,True,True,30,16
-3,-2,1,1,0,0,-1/8,1/8,False,True,30,16
-3,-2,1,1,0,3,-3/4,3/4,True,True,30,16
-3,-2,1,1,1,-2,-3/8,3/8,False,True,114,60
-3,-2,1,1,1,0,-1/8,1/8,False,True,114,60
-3,-2,1,1,1,3,-1/2,1/2,False,True,114,60
-3,-2,1,1,2,-2,-1/25,1/25,True,True,6,4
-3,-2,1,1,2,0,-1/50,1/50,True,True,6,4
-3,-2,1,1,2,3,-1/100,1/100,True,True,6,4
-3,-2,1,1,3,-2,-55/56,-9/56,False,True,146,76
-3,-2,1,1,3,0,-1/8,1/8,False,True,146,76
-3,-2,1,1,3,3,17/56,79/56,False,True,146,76
-3,-2,1,1,4,-2,-1/8,1/8,False,True,54,28
-3,-2,1,1,4,0,-1/8,1/8,False,True,54,28
-3,-2,1,1,4,3,-1/8,1/8,False,True,54,28
-3,-2,1,2,0,-2,-1/2,1/2,True,True,30,16
-3,-2,1,2,0,0,-1/4,1/4,False,True,30,16
-3,-2,1,2,0,3,-3/4,3/4,True,True,30,16
-3,-2,1,2,1,-2,-1/2,1/2,False,True,114,60
-3,-2,1,2,1,0,-1/4,1/4,False,True,114,60
-3,-2,1,2,1,3,-5/8,5/8,False,True,114,60
-3,-2,1,2,2,-2,-1/20,1/20,True,True,6,4
-3,-2,1,2,2,0,-3/100,3/100,True,True,6,4
-3,-2,1,2,2,3,0,0,True,True,6,4
-3,-2,1,2,3,-2,-31/28,-1/28,False,True,146,76
-3,-2,1,2,3,0,-1/4,1/4,False,True,146,76
-3,-2,1,2,3,3,5/28,43/28,False,True,146,76
-3,-2,1,2,4,-2,-1/4,1/4,False,True,54,28
-3,-2,1,2,4,0,-1/4,1/4,False,True,54,28
-3,-2,1,2,4,3,-1/4,1/4,False,True,54,28
-3,-2,2,-2,0,-2,-5/8,5/8,False,True,30,16
-3,-2,2,-2,0,0,-1/4,1/4,True,True,30,16
-3,-2,2,-2,0,3,-3/4,3/4,True,True,30,16
-3,-2,2,-2,1,-2,-1/2,1/2,True,True,114,60
-3,-2,2,-2,1,0,-1/4,1/4,True,True,114,60
-3,-2,2,-2,1,3,-5/8,5/8,True,True,114,60
-3,-2,2,-2,2,-2,-1/50,1/50,True,True,6,4
-3,-2,2,-2,2,0,0,0,True,True,6,4
-3,-2,2,-2,2,3,-3/100,3/100,True,True,6,4
-3,-2,2,-2,3,-2,-31/28,-1/28,True,True,146,76
-3,-2,2,-2,3,0,-1/4,1/4,True,True,146,76
-3,-2,2,-2,3,3,5/28,43/28,True,True,146,76
-3,-2,2,-2,4,-2,-1/4,1/4,True,True,54,28
-3,-2,2,-2,4,0,-1/4,1/4,True,True,54,28
-3,-2,2,-2,4,3,-1/4,1/4,True,True,54,28
-3,-2,2,-1,0,-2,-9/16,9/16,False,True,30,16
-3,-2,2,-1,0,0,-3/16,3/16,False,True,30,16
-3,-2,2,-1,0,3,-3/4,3/4,True,True,30,16
-3,-2,2,-1,1,-2,-7/16,7/16,False,True,114,60
-3,-2,2,-1,1,0,-3/16,3/16,False,True,114,60
-3,-2,2,-1,1,3,-9/16,9/16,False,True,114,60
-3,-2,2,-1,2,-2,-3/100,3/100,True,True,6,4
-3,-2,2,-1,2,0,-1/100,1/100,True,True,6,4
-3,-2,2,-1,2,3,-1/50,1/50,True,True,6,4
-3,-2,2,-1,3,-2,-117/112,-11/112,False,True,146,76
-3,-2,2,-1,3,0,-3/16,3/16,False,True,146,76
-3,-2,2,-1,3,3,27/112,165/112,False,True,146,76
-3,-2,2,-1,4,-2,-3/16,3/16,False,True,54,28
-3,-2,2,-1,4,0,-3/16,3/16,False,True,54,28
-3,-2,2,-1,4,3,-3/16,3/16,False,True,54,28
-3,-2,2,0,0,-2,-1/2,1/2,True,True,30,16
-3,-2,2,0,0,0,-1/8,1/8,False,True,30,16
-3,-2,2,0,0,3,-3/4,3/4,True,True,30,16
-3,-2,2,0,1,-2,-3/8,3/8,False,True,114,60
-3,-2,2,0,1,0,-1/8,1/8,False,True,114,60
-3,-2,2,0,1,3,-1/2,1/2,False,True,114,60
-3,-2,2,0,2,-2,-1/25,1/25,True,True,6,4
-3,-2,2,0,2,0,-1/50,1/50,True,True,6,4
-3,-2,2,0,2,3,-1/100,1/100,True,True,6,4
-3,-2,2,0,3,-2,-55/56,-9/56,False,True,146,76
-3,-2,2,0,3,0,-1/8,1/8,False,True,146,76
-3,-2,2,0,3,3,17/56,79/56,False,True,146,76
-3,-2,2,0,4,-2,-1/8,1/8,False,True,54,28
-3,-2,2,0,4,0,-1/8,1/8,False,True,54,28
-3,-2,2,0,4,3,-1/8,1/8,False,True,54,28
-3,-2,2,1,0,-2,-1/2,1/2,True,True,30,16
-3,-2,2,1,0,0,-3/16,3/16,False,True,30,16
-3,-2,2,1,0,3,-3/4,3/4,True,True,30,16
-3,-2,2,1,1,-2,-7/16,7/16,False,True,114,60
-3,-2,2,1,1,0,-3/16,3/16,False,True,114,60
-3,-2,2,1,1,3,-9/16,9/16,False,True,114,60
-3,-2,2,1,2,-2,-1/20,1/20,True,True,6,4
-3,-2,2,1,2,0,-3/100,3/100,True,True,6,4
-3,-2,2,1,2,3,0,0,True,True,6,4
-3,-2,2,1,3,-2,-117/112,-11/112,False,True,146,76
-3,-2,2,1,3,0,-3/16,3/16,False,True,146,76
-3,-2,2,1,3,3,27/112,165/112,False,True,146,76
-3,-2,2,1,4,-2,-3/16,3/16,False,True,54,28
-3,-2,2,1,4,0,-3/16,3/16,False,True,54,28
-3,-2,2,1,4,3,-3/16,3/16,False,True,54,28
-3,-2,2,2,0,-2,-1/2,1/2,True,True,30,16
-3,-2,2,2,0,0,-1/4,1/4,False,True,30,16
-3,-2,2,2,0,3,-13/16,13/16,False,True,30,16
-3,-2,2,2,1,-2,-1/2,1/2,False,True,114,60
-3,-2,2,2,1,0,-1/4,1/4,False,True,114,60
-3,-2,2,2,1,3,-5/8,5/8,False,True,114,60
-3,-2,2,2,2,-2,-3/50,3/50,True,True,6,4
-3,-2,2,2,2,0,-1/25,1/25,True,True,6,4
-3,-2,2,2,2,3,-1/100,1/100,True,True,6,4
-3,-2,2,2,3,-2,-31/28,-1/28,False,True,146,76
-3,-2,2,2,3,0,-1/4,1/4,False,True,146,76
-3,-2,2,2,3,3,5/28,43/28,False,True,146,76
-3,-2,2,2,4,-2,-1/4,1/4,False,True,54,28
-3,-2,2,2,4,0,-1/4,1/4,False,True,54,28
-3,-2,2,2,4,3,-1/4,1/4,False,True,54,28
-3,-1,-2,-2,0,-2,-1,1/8,True,False,22,12
-3,-1,-2,-2,0,0,-1/2,1/2,True,False,22,12
-3,-1,-2,-2,0,3,-5/4,5/4,True,False,22,12
-3,-1,-2,-2,1,-2,-3/4,3/4,True,False,106,56
-3,-1,-2,-2,1,0,-1/2,1/2,True,False,106,56
-3,-1,-2,-2,1,3,-7/8,7/8,True,False,106,56
-3,-1,-2,-2,2,-2,-1/50,1/50,True,True,6,4
-3,-1,-2,-2,2,0,-1/25,1/25,True,True,6,4
-3,-1,-2,-2,2,3,-7/100,7/100,True,True,6,4
-3,-1,-2,-2,3,-2,-19/14,3/14,True,False,126,66
-3,-1,-2,-2,3,0,-1/2,1/2,True,False,126,66
-3,-1,-2,-2,3,3,-1/14,25/14,True,False,126,66
-3,-1,-2,-2,4,-2,-1/2,1/2,True,False,46,24
-3,-1,-2,-2,4,0,-1/2,1/2,True,False,46,24
-3,-1,-2,-2,4,3,-1/2,1/2,True,False,46,24
-3,-1,-2,-1,0,-2,-3/4,5/16,True,False,22,12
-3,-1,-2,-1,0,0,-5/16,5/16,True,False,22,12
-3,-1,-2,-1,0,3,-1,1,True,False,22,12
-3,-1,-2,-1,1,-2,-9/16,9/16,True,False,106,56
-3,-1,-2,-1,1,0,-5/16,5/16,True,False,106,56
-3,-1,-2,-1,1,3,-11/16,11/16,True,False,106,56
-3,-1,-2,-1,2,-2,-1/100,1/100,True,True,6,4
-3,-1,-2,-1,2,0,-3/100,3/100,True,True,6,4
-3,-1,-2,-1,2,3,-3/50,3/50,True,True,6,4
-3,-1,-2,-1,3,-2,-131/112,3/112,True,False,126,66
-3,-1,-2,-1,3,0,-5/16,5/16,True,False,126,66
-3,-1,-2,-1,3,3,13/112,179/112,True,False,126,66
-3,-1,-2,-1,4,-2,-5/16,5/16,True,False,46,24
-3,-1,-2,-1,4,0,-5/16,5/16,True,False,46,24
-3,-1,-2,-1,4,3,-5/16,5/16,True,False,46,24
-3,-1,-2,0,0,-2,-1/2,1/2,True,True,22,12
-3,-1,-2,0,0,0,-1/8,1/8,True,False,22,12
-3,-1,-2,0,0,3,-3/4,3/4,True,True,22,12
-3,-1,-2,0,1,-2,-3/8,3/8,True,False,106,56
-3,-1,-2,0,1,0,-1/8,1/8,True,False,106,56
-3,-1,-2,0,1,3,-1/2,1/2,True,False,106,56
-3,-1,-2,0,2,-2,0,0,True,True,6,4
-3,-1,-2,0,2,0,-1/50,1/50,True,True,6,4
-3,-1,-2,0,2,3,-1/20,1/20,True,True,6,4
-3,-1,-2,0,3,-2,-55/56,-9/56,True,False,126,66
-3,-1,-2,0,3,0,-1/8,1/8,True,False,126,66
-3,-1,-2,0,3,3,17/56,79/56,True,False,126,66
-3,-1,-2,0,4,-2,-1/8,1/8,True,False,46,24
-3,-1,-2,0,4,0,-1/8,1/8,True,False,46,24
-3,-1,-2,0,4,3,-1/8,1/8,True,False,46,24
-3,-1,-2,1,0,-2,-3/4,3/4,False,True,22,12
-3,-1,-2,1,0,0,-5/16,5/16,True,False,22,12
-3,-1,-2,1,0,3,-1/2,1,True,True,22,12
-3,-1,-2,1,1,-2,-9/16,9/16,True,False,106,56
-3,-1,-2,1,1,0,-5/16,5/16,True,False,106,56
-3,-1,-2,1,1,3,-11/16,11/16,True,False,106,56
-3,-1,-2,1,2,-2,-1/100,1/100,True,True,6,4
-3,-1,-2,1,2,0,-1/100,1/100,True,True,6,4
-3,-1,-2,1,2,3,-1/25,1/25,True,True,6,4
-3,-1,-2,1,3,-2,-131/112,3/112,True,False,126,66
-3,-1,-2,1,3,0,-5/16,5/16,True,False,126,66
-3,-1,-2,1,3,3,13/112,179/112,True,False,126,66
-3,-1,-2,1,4,-2,-5/16,5/16,True,False,46,24
-3,-1,-2,1,4,0,-5/16,5/16,True,False,46,24
-3,-1,-2,1,4,3,-5/16,5/16,True,False,46,24
-3,-1,-2,2,0,-2,-1,1,False,True,22,12
-3,-1,-2,2,0,0,-1/2,1/2,True,True,22,12
-3,-1,-2,2,0,3,-5/16,5/4,True,True,22,12
-3,-1,-2,2,1,-2,-3/4,3/4,True,True,106,56
-3,-1,-2,2,1,0,-1/2,1/2,True,True,106,56
-3,-1,-2,2,1,3,-7/8,7/8,True,True,106,56
-3,-1,-2,2,2,-2,-1/50,1/50,True,True,6,4
-3,-1,-2,2,2,0,0,0,True,True,6,4
-3,-1,-2,2,2,3,-3/100,3/100,True,True,6,4
-3,-1,-2,2,3,-2,-19/14,3/14,True,True,126,66
-3,-1,-2,2,3,0,-1/2,1/2,True,True,126,66
-3,-1,-2,2,3,3,-1/14,25/14,True,True,126,66
-3,-1,-2,2,4,-2,-1/2,1/2,True,True,46,24
-3,-1,-2,2,4,0,-1/2,1/2,True,True,46,24
-3,-1,-2,2,4,3,-1/2,1/2,True,True,46,24
-3,-1,-1,-2,0,-2,-1,1/16,True,False,22,12
-3,-1,-1,-2,0,0,-1/2,1/2,True,False,22,12
-3,-1,-1,-2,0,3,-5/4,5/4,True,False,22,12
-3,-1,-1,-2,1,-2,-3/4,3/4,True,False,106,56
-3,-1,-1,-2,1,0,-1/2,1/2,True,False,106,56
-3,-1,-1,-2,1,3,-7/8,7/8,True,False,106,56
-3,-1,-1,-2,2,-2,-1/100,1/100,True,True,6,4
-3,-1,-1,-2,2,0,-3/100,3/100,True,True,6,4
-3,-1,-1,-2,2,3,-3/50,3/50,True,True,6,4
-3,-1,-1,-2,3,-2,-19/14,3/14,True,False,126,66
-3,-1,-1,-2,3,0,-1/2,1/2,True,False,126,66
-3,-1,-1,-2,3,3,-1/14,25/14,True,False,126,66
-3,-1,-1,-2,4,-2,-1/2,1/2,True,False,46,24
-3,-1,-1,-2,4,0,-1/2,1/2,True,False,46,24
-3,-1,-1,-2,4,3,-1/2,1/2,True,False,46,24
-3,-1,-1,-1,0,-2,-3/4,1/4,True,True,22,12
-3,-1,-1,-1,0,0,-1/4,1/4,True,False,22,12
-3,-1,-1,-1,0,3,-1,1,True,False,22,12
-3,-1,-1,-1,1,-2,-1/2,1/2,True,False,106,56
-3,-1,-1,-1,1,0,-1/4,1/4,True,False,106,56
-3,-1,-1,-1,1,3,-5/8,5/8,True,False,106,56
-3,-1,-1,-1,2,-2,0,0,True,True,6,4
-3,-1,-1,-1,2,0,-1/50,1/50,True,True,6,4
-3,-1,-1,-1,2,3,-1/20,1/20,True,True,6,4
-3,-1,-1,-1,3,-2,-31/28,-1/28,True,False,126,66
-3,-1,-1,-1,3,0,-1/4,1/4,True,False,126,66
-3,-1,-1,-1,3,3,5/28,43/28,True,False,126,66
-3,-1,-1,-1,4,-2,-1/4,1/4,True,False,46,24
-3,-1,-1,-1,4,0,-1/4,1/4,True,False,46,24
-3,-1,-1,-1,4,3,-1/4,1/4,True,False,46,24
-3,-1,-1,0,0,-2,-1/2,1/2,True,True,22,12
-3,-1,-1,0,0,0,-1/16,1/16,True,False,22,12
-3,-1,-1,0,0,3,-3/4,3/4,True,True,22,12
-3,-1,-1,0,1,-2,-5/16,5/16,True,False,106,56
-3,-1,-1,0,1,0,-1/16,1/16,True,False,106,56
-3,-1,-1,0,1,3,-7/16,7/16,True,False,106,56
-3,-1,-1,0,2,-2,-1/100,1/100,True,True,6,4
-3,-1,-1,0,2,0,-1/100,1/100,True,True,6,4
-3,-1,-1,0,2,3,-1/25,1/25,True,True,6,4
-3,-1,-1,0,3,-2,-103/112,-25/112,True,False,126,66
-3,-1,-1,0,3,0,-1/16,1/16,True,False,126,66
-3,-1,-1,0,3,3,41/112,151/112,True,False,126,66
-3,-1,-1,0,4,-2,-1/16,1/16,True,False,46,24
-3,-1,-1,0,4,0,-1/16,1/16,True,False,46,24
-3,-1,-1,0,4,3,-1/16,1/16,True,False,46,24
-3,-1,-1,1,0,-2,-3/4,3/4,False,True,22,12
-3,-1,-1,1,0,0,-1/4,1/4,True,True,22,12
-3,-1,-1,1,0,3,-1/2,1,True,True,22,12
-3,-1,-1,1,1,-2,-1/2,1/2,True,True,106,56
-3,-1,-1,1,1,0,-1/4,1/4,True,True,106,56
-3,-1,-1,1,1,3,-5/8,5/8,True,True,106,56
-3,-1,-1,1,2,-2,-1/50,1/50,True,True,6,4
-3,-1,-1,1,2,0,0,0,True,True,6,4
-3,-1,-1,1,2,3,-3/100,3/100,True,True,6,4
-3,-1,-1,1,3,-2,-31/28,-1/28,True,True,126,66
-3,-1,-1,1,3,0,-1/4,1/4,True,True,126,66
-3,-1,-1,1,3,3,5/28,43/28,True,True,126,66
-3,-1,-1,1,4,-2,-1/4,1/4,True,True,46,24
-3,-1,-1,1,4,0,-1/4,1/4,True,True,46,24
-3,-1,-1,1,4,3,-1/4,1/4,True,True,46,24
-3,-1,-1,2,0,-2,-1,1,False,True,22,12
-3,-1,-1,2,0,0,-1/2,1/2,False,True,22,12
-3,-1,-1,2,0,3,-1/4,5/4,True,True,22,12
-3,-1,-1,2,1,-2,-3/4,3/4,False,True,106,56
-3,-1,-1,2,1,0,-1/2,1/2,False,True,106,56
-3,-1,-1,2,1,3,-7/8,7/8,False,True,106,56
-3,-1,-1,2,2,-2,-3/100,3/100,True,True,6,4
-3,-1,-1,2,2,0,-1/100,1/100,True,True,6,4
-3,-1,-1,2,2,3,-1/50,1/50,True,True,6,4
-3,-1,-1,2,3,-2,-19/14,3/14,False,True,126,66
-3,-1,-1,2,3,0,-1/2,1/2,False,True,126,66
-3,-1,-1,2,3,3,-1/14,25/14,False,True,126,66
-3,-1,-1,2,4,-2,-1/2,1/2,False,True,46,24
-3,-1,-1,2,4,0,-1/2,1/2,False,True,46,24
-3,-1,-1,2,4,3,-1/2,1/2,False,True,46,24
-3,-1,0,-2,0,-2,-1,0,True,True,22,12
-3,-1,0,-2,0,0,-1/2,1/2,True,False,22,12
-3,-1,0,-2,0,3,-5/4,5/4,True,False,22,12
-3,-1,0,-2,1,-2,-3/4,3/4,True,False,106,56
-3,-1,0,-2,1,0,-1/2,1/2,True,False,106,56
-3,-1,0,-2,1,3,-7/8,7/8,True,False,106,56
-3,-1,0,-2,2,-2,0,0,True,True,6,4
-3,-1,0,-2,2,0,-1/50,1/50,True,True,6,4
-3,-1,0,-2,2,3,-1/20,1/20,True,True,6,4
-3,-1,0,-2,3,-2,-19/14,3/14,True,False,126,66
-3,-1,0,-2,3,0,-1/2,1/2,True,False,126,66
-3,-1,0,-2,3,3,-1/14,25/14,True,False,126,66
-3,-1,0,-2,4,-2,-1/2,1/2,True,False,46,24
-3,-1,0,-2,4,0,-1/2,1/2,True,False,46,24
-3,-1,0,-2,4,3,-1/2,1/2,True,False,46,24
-3,-1,0,-1,0,-2,-3/4,1/4,True,True,22,12
-3,-1,0,-1,0,0,-1/4,1/4,True,False,22,12
-3,-1,0,-1,0,3,-1,1,True,False,22,12
-3,-1,0,-1,1,-2,-1/2,1/2,True,False,106,56
-3,-1,0,-1,1,0,-1/4,1/4,True,False,106,56
-3,-1,0,-1,1,3,-5/8,5/8,True,False,106,56
-3,-1,0,-1,2,-2,-1/100,1/100,True,True,6,4
-3,-1,0,-1,2,0,-1/100,1/100,True,True,6,4
-3,-1,0,-1,2,3,-1/25,1/25,True,True,6,4
-3,-1,0,-1,3,-2,-31/28,-1/28,True,False,126,66
-3,-1,0,-1,3,0,-1/4,1/4,True,False,126,66
-3,-1,0,-1,3,3,5/28,43/28,True,False,126,66
-3,-1,0,-1,4,-2,-1/4,1/4,True,False,46,24
-3,-1,0,-1,4,0,-1/4,1/4,True,False,46,24
-3,-1,0,-1,4,3,-1/4,1/4,True,False,46,24
-3,-1,0,0,0,-2,-1/2,1/2,True,True,22,12
-3,-1,0,0,0,0,0,0,True,True,22,12
-3,-1,0,0,0,3,-3/4,3/4,True,True,22,12
-3,-1,0,0,1,-2,-1/4,1/4,True,True,106,56
-3,-1,0,0,1,0,0,0,True,True,106,56
-3,-1,0,0,1,3,-3/8,3/8,True,True,106,56
-3,-1,0,0,2,-2,-1/50,1/50,True,True,6,4
-3,-1,0,0,2,0,0,0,True,True,6,4
-3,-1,0,0,2,3,-3/100,3/100,True,True,6,4
-3,-1,0,0,3,-2,-6/7,-2/7,True,True,126,66
-3,-1,0,0,3,0,0,0,True,True,126,66
-3,-1,0,0,3,3,3/7,9/7,True,True,126,66
-3,-1,0,0,4,-2,0,0,True,True,46,24
-3,-1,0,0,4,0,0,0,True,True,46,24
-3,-1,0,0,4,3,0,0,True,True,46,24
-3,-1,0,1,0,-2,-3/4,3/4,False,True,22,12
-3,-1,0,1,0,0,-1/4,1/4,False,True,22,12
-3,-1,0,1,0,3,-1/2,1,True,True,22,12
-3,-1,0,1,1,-2,-1/2,1/2,False,True,106,56
-3,-1,0,1,1,0,-1/4,1/4,False,True,106,56
-3,-1,0,1,1,3,-5/8,5/8,False,True,106,56
-3,-1,0,1,2,-2,-3/100,3/100,True,True,6,4
-3,-1,0,1,2,0,-1/100,1/100,True,True,6,4
-3,-1,0,1,2,3,-1/50,1/50,True,True,6,4
-3,-1,0,1,3,-2,-31/28,-1/28,False,True,126,66
-3,-1,0,1,3,0,-1/4,1/4,False,True,126,66
-3,-1,0,1,3,3,5/28,43/28,False,True,126,66
-3,-1,0,1,4,-2,-1/4,1/4,False,True,46,24
-3,-1,0,1,4,0,-1/4,1/4,False,True,46,24
-3,-1,0,1,4,3,-1/4,1/4,False,True,46,24
-3,-1,0,2,0,-2,-1,1,False,True,22,12
-3,-1,0,2,0,0,-1/2,1/2,False,True,22,12
-3,-1,0,2,0,3,-1/4,5/4,True,True,22,12
-3,-1,0,2,1,-2,-3/4,3/4,False,True,106,56
-3,-1,0,2,1,0,-1/2,1/2,False,True,106,56
-3,-1,0,2,1,3,-7/8,7/8,False,True,106,56
-3,-1,0,2,2,-2,-1/25,1/25,True,True,6,4
-3,-1,0,2,2,0,-1/50,1/50,True,True,6,4
-3,-1,0,2,2,3,-1/100,1/100,True,True,6,4
-3,-1,0,2,3,-2,-19/14,3/14,False,True,126,66
-3,-1,0,2,3,0,-1/2,1/2,False,True,126,66
-3,-1,0,2,3,3,-1/14,25/14,False,True,126,66
-3,-1,0,2,4,-2,-1/2,1/2,False,True,46,24
-3,-1,0,2,4,0,-1/2,1/2,False,True,46,24
-3,-1,0,2,4,3,-1/2,1/2,False,True,46,24
-3,-1,1,-2,0,-2,-1,1/16,True,True,22,12
-3,-1,1,-2,0,0,-1/2,1/2,True,False,22,12
-3,-1,1,-2,0,3,-5/4,5/4,True,False,22,12
-3,-1,1,-2,1,-2,-3/4,3/4,True,False,106,56
-3,-1,1,-2,1,0,-1/2,1/2,True,False,106,56
-3,-1,1,-2,1,3,-7/8,7/8,True,False,106,56
-3,-1,1,-2,2,-2,-1/100,1/100,True,True,6,4
-3,-1,1,-2,2,0,-1/100,1/100,True,True,6,4
-3,-1,1,-2,2,3,-1/25,1/25,True,True,6,4
-3,-1,1,-2,3,-2,-19/14,3/14,True,False,126,66
-3,-1,1,-2,3,0,-1/2,1/2,True,False,126,66
-3,-1,1,-2,3,3,-1/14,25/14,True,False,126,66
-3,-1,1,-2,4,-2,-1/2,1/2,True,False,46,24
-3,-1,1,-2,4,0,-1/2,1/2,True,False,46,24
-3,-1,1,-2,4,3,-1/2,1/2,True,False,46,24
-3,-1,1,-1,0,-2,-3/4,1/4,True,True,22,12
-3,-1,1,-1,0,0,-1/4,1/4,True,True,22,12
-3,-1,1,-1,0,3,-1,1,True,False,22,12
-3,-1,1,-1,1,-2,-1/2,1/2,True,True,106,56
-3,-1,1,-1,1,0,-1/4,1/4,True,True,106,56
-3,-1,1,-1,1,3,-5/8,5/8,True,True,106,56
-3,-1,1,-1,2,-2,-1/50,1/50,True,True,6,4
-3,-1,1,-1,2,0,0,0,True,True,6,4
-3,-1,1,-1,2,3,-3/100,3/100,True,True,6,4
-3,-1,1,-1,3,-2,-31/28,-1/28,True,True,126,66
-3,-1,1,-1,3,0,-1/4,1/4,True,True,126,66
-3,-1,1,-1,3,3,5/28,43/28,True,True,126,66
-3,-1,1,-1,4,-2,-1/4,1/4,True,True,46,24
-3,-1,1,-1,4,0,-1/4,1/4,True,True,46,24
-3,-1,1,-1,4,3,-1/4,1/4,True,True,46,24
-3,-1,1,0,0,-2,-1/2,1/2,True,True,22,12
-3,-1,1,0,0,0,-1/16,1/16,False,True,22,12
-3,-1,1,0,0,3,-3/4,3/4,True,True,22,12
-3,-1,1,0,1,-2,-5/16,5/16,False,True,106,56
-3,-1,1,0,1,0,-1/16,1/16,False,True,106,56
-3,-1,1,0,1,3,-7/16,7/16,False,True,106,56
-3,-1,1,0,2,-2,-3/100,3/100,True,True,6,4
-3,-1,1,0,2,0,-1/100,1/100,True,True,6,4
-3,-1,1,0,2,3,-1/50,1/50,True,True,6,4
-3,-1,1,0,3,-2,-103/112,-25/112,False,True,126,66
-3,-1,1,0,3,0,-1/16,1/16,False,True,126,66
-3,-1,1,0,3,3,41/112,151/112,False,True,126,66
-3,-1,1,0,4,-2,-1/16,1/16,False,True,46,24
-3,-1,1,0,4,0,-1/16,1/16,False,True,46,24
-3,-1,1,0,4,3,-1/16,1/16,False,True,46,24
-3,-1,1,1,0,-2,-3/4,3/4,False,True,22,12
-3,-1,1,1,0,0,-1/4,1/4,False,True,22,12
-3,-1,1,1,0,3,-1/2,1,True,True,22,12
-3,-1,1,1,1,-2,-1/2,1/2,False,True,106,56
-3,-1,1,1,1,0,-1/4,1/4,False,True,106,56
-3,-1,1,1,1,3,-5/8,5/8,False,True,106,56
-3,-1,1,1,2,-2,-1/25,1/25,True,True,6,4
-3,-1,1,1,2,0,-1/50,1/50,True,True,6,4
-3,-1,1,1,2,3,-1/100,1/100,True,True,6,4
-3,-1,1,1,3,-2,-31/28,-1/28,False,True,126,66
-3,-1,1,1,3,0,-1/4,1/4,False,True,126,66
-3,-1,1,1,3,3,5/28,43/28,False,True,126,66
-3,-1,1,1,4,-2,-1/4,1/4,False,True,46,24
-3,-1,1,1,4,0,-1/4,1/4,False,True,46,24
-3,-1,1,1,4,3,-1/4,1/4,False,True,46,24
-3,-1,1,2,0,-2,-1,1,False,True,22,12
-3,-1,1,2,0,0,-1/2,1/2,False,True,22,12
-3,-1,1,2,0,3,-1/4,5/4,True,True,22,12
-3,-1,1,2,1,-2,-3/4,3/4,False,True,106,56
-3,-1,1,2,1,0,-1/2,1/2,False,True,106,56
-3,-1,1,2,1,3,-7/8,7/8,False,True,106,56
-3,-1,1,2,2,-2,-1/20,1/20,True,True,6,4
-3,-1,1,2,2,0,-3/100,3/100,True,True,6,4
-3,-1,1,2,2,3,0,0,True,True,6,4
-3,-1,1,2,3,-2,-19/14,3/14,False,True,126,66
-3,-1,1,2,3,0,-1/2,1/2,False,True,126,66
-3,-1,1,2,3,3,-1/14,25/14,False,True,126,66
-3,-1,1,2,4,-2,-1/2,1/2,False,True,46,24
-3,-1,1,2,4,0,-1/2,1/2,False,True,46,24
-3,-1,1,2,4,3,-1/2,1/2,False,True,46,24
-3,-1,2,-2,0,-2,-1,1/8,True,True,22,12
-3,-1,2,-2,0,0,-1/2,1/2,True,True,22,12
-3,-1,2,-2,0,3,-5/4,5/4,True,False,22,12
-3,-1,2,-2,1,-2,-3/4,3/4,True,True,106,56
-3,-1,2,-2,1,0,-1/2,1/2,True,True,106,56
-3,-1,2,-2,1,3,-7/8,7/8,True,True,106,56
-3,-1,2,-2,2,-2,-1/50,1/50,True,True,6,4
-3,-1,2,-2,2,0,0,0,True,True,6,4
-3,-1,2,-2,2,3,-3/100,3/100,True,True,6,4
-3,-1,2,-2,3,-2,-19/14,3/14,True,True,126,66
-3,-1,2,-2,3,0,-1/2,1/2,True,True,126,66
-3,-1,2,-2,3,3,-1/14,25/14,True,True,126,66
-3,-1,2,-2,4,-2,-1/2,1/2,True,True,46,24
-3,-1,2,-2,4,0,-1/2,1/2,True,True,46,24
-3,-1,2,-2,4,3,-1/2,1/2,True,True,46,24
-3,-1,2,-1,0,-2,-3/4,5/16,True,True,22,12
-3,-1,2,-1,0,0,-5/16,5/16,False,True,22,12
-3,-1,2,-1,0,3,-1,1,True,False,22,12
-3,-1,2,-1,1,-2,-9/16,9/16,False,True,106,56
-3,-1,2,-1,1,0,-5/16,5/16,False,True,106,56
-3,-1,2,-1,1,3,-11/16,11/16,False,True,106,56
-3,-1,2,-1,2,-2,-3/100,3/100,True,True,6,4
-3,-1,2,-1,2,0,-1/100,1/100,True,True,6,4
-3,-1,2,-1,2,3,-1/50,1/50,True,True,6,4
-3,-1,2,-1,3,-2,-131/112,3/112,False,True,126,66
-3,-1,2,-1,3,0,-5/16,5/16,False,True,126,66
-3,-1,2,-1,3,3,13/112,179/112,False,True,126,66
-3,-1,2,-1,4,-2,-5/16,5/16,False,True,46,24
-3,-1,2,-1,4,0,-5/16,5/16,False,True,46,24
-3,-1,2,-1,4,3,-5/16,5/16,False,True,46,24
-3,-1,2,0,0,-2,-1/2,1/2,True,True,22,12
-3,-1,2,0,0,0,-1/8,1/8,False,True,22,12
-3,-1,2,0,0,3,-3/4,3/4,True,True,22,12
-3,-1,2,0,1,-2,-3/8,3/8,False,True,106,56
-3,-1,2,0,1,0,-1/8,1/8,False,True,106,56
-3,-1,2,0,1,3,-1/2,1/2,False,True,106,56
-3,-1,2,0,2,-2,-1/25,1/25,True,True,6,4
-3,-1,2,0,2,0,-1/50,1/50,True,True,6,4
-3,-1,2,0,2,3,-1/100,1/100,True,True,6,4
-3,-1,2,0,3,-2,-55/56,-9/56,False,True,126,66
-3,-1,2,0,3,0,-1/8,1/8,False,True,126,66
-3,-1,2,0,3,3,17/56,79/56,False,True,126,66
-3,-1,2,0,4,-2,-1/8,1/8,False,True,46,24
-3,-1,2,0,4,0,-1/8,1/8,False,True,46,24
-3,-1,2,0,4,3,-1/8,1/8,False,True,46,24
-3,-1,2,1,0,-2,-3/4,3/4,False,True,22,12
-3,-1,2,1,0,0,-5/16,5/16,False,True,22,12
-3,-1,2,1,0,3,-1/2,1,True,True,22,12
-3,-1,2,1,1,-2,-9/16,9/16,False,True,106,56
-3,-1,2,1,1,0,-5/16,5/16,False,True,106,56
-3,-1,2,1,1,3,-11/16,11/16,False,True,106,56
-3,-1,2,1,2,-2,-1/20,1/20,True,True,6,4
-3,-1,2,1,2,0,-3/100,3/100,True,True,6,4
-3,-1,2,1,2,3,0,0,True,True,6,4
-3,-1,2,1,3,-2,-131/112,3/112,False,True,126,66
-3,-1,2,1,3,0,-5/16,5/16,False,True,126,66
-3,-1,2,1,3,3,13/112,179/112,False,True,126,66
-3,-1,2,1,4,-2,-5/16,5/16,False,True,46,24
-3,-1,2,1,4,0,-5/16,5/16,False,True,46,24
-3,-1,2,1,4,3,-5/16,5/16,False,True,46,24
-3,-1,2,2,0,-2,-1,1,False,True,22,12
-3,-1,2,2,0,0,-1/2,1/2,False,True,22,12
-3,-1,2,2,0,3,-5/16,5/4,False,True,22,12
-3,-1,2,2,1,-2,-3/4,3/4,False,True,106,56
-3,-1,2,2,1,0,-1/2,1/2,False,True,106,56
-3,-1,2,2,1,3,-7/8,7/8,False,True,106,56
-3,-1,2,2,2,-2,-3/50,3/50,True,True,6,4
-3,-1,2,2,2,0,-1/25,1/25,True,True,6,4
-3,-1,2,2,2,3,-1/100,1/100,True,True,6,4
-3,-1,2,2,3,-2,-19/14,3/14,False,True,126,66
-3,-1,2,2,3,0,-1/2,1/2,False,True,126,66
-3,-1,2,2,3,3,-1/14,25/14,False,True,126,66
-3,-1,2,2,4,-2,-1/2,1/2,False,True,46,24
-3,-1,2,2,4,0,-1/2,1/2,False,True,46,24
-3,-1,2,2,4,3,-1/2,1/2,False,True,46,24
-3,0,-2,-2,0,-2,-1/8,1/8,True,False,22,12
-3,0,-2,-2,0,0,-1/2,1/2,True,True,22,12
-3,0,-2,-2,0,3,-5/4,5/4,True,True,22,12
-3,0,-2,-2,1,-2,-5/4,5/4,True,False,98,52
-3,0,-2,-2,1,0,-1,1,True,False,98,52
-3,0,-2,-2,1,3,-11/8,11/8,True,False,98,52
-3,0,-2,-2,2,-2,-1,1,True,False,10,6
-3,0,-2,-2,2,0,-1,1,True,False,10,6
-3,0,-2,-2,2,3,-1,1,True,False,10,6
-3,0,-2,-2,3,-2,-13/7,5/7,True,False,110,58
-3,0,-2,-2,3,0,-1,1,True,False,110,58
-3,0,-2,-2,3,3,-4/7,16/7,True,False,110,58
-3,0,-2,-2,4,-2,-1,1,True,False,38,20
-3,0,-2,-2,4,0,-1,1,True,False,38,20
-3,0,-2,-2,4,3,-1,1,True,False,38,20
-3,0,-2,-1,0,-2,-5/16,5/16,True,False,22,12
-3,0,-2,-1,0,0,-5/16,5/16,True,False,22,12
-3,0,-2,-1,0,3,-1,1,True,True,22,12
-3,0,-2,-1,1,-2,-13/16,13/16,True,False,98,52
-3,0,-2,-1,1,0,-9/16,9/16,True,False,98,52
-3,0,-2,-1,1,3,-15/16,15/16,True,False,98,52
-3,0,-2,-1,2,-2,-1/2,1/2,True,False,10,6
-3,0,-2,-1,2,0,-1/2,1/2,True,False,10,6
-3,0,-2,-1,2,3,-1/2,1/2,True,False,10,6
-3,0,-2,-1,3,-2,-159/112,31/112,True,False,110,58
-3,0,-2,-1,3,0,-9/16,9/16,True,False,110,58
-3,0,-2,-1,3,3,-15/112,207/112,True,False,110,58
-3,0,-2,-1,4,-2,-9/16,9/16,True,False,38,20
-3,0,-2,-1,4,0,-9/16,9/16,True,False,38,20
-3,0,-2,-1,4,3,-9/16,9/16,True,False,38,20
-3,0,-2,0,0,-2,-1/2,1/2,True,True,22,12
-3,0,-2,0,0,0,-1/8,1/8,True,False,22,12
-3,0,-2,0,0,3,-3/4,3/4,True,True,22,12
-3,0,-2,0,1,-2,-3/8,3/8,True,False,98,52
-3,0,-2,0,1,0,-1/8,1/8,True,False,98,52
-3,0,-2,0,1,3,-1/2,1/2,True,False,98,52
-3,0,-2,0,2,-2,0,0,True,True,10,6
-3,0,-2,0,2,0,-1/50,1/50,True,True,10,6
-3,0,-2,0,2,3,-1/20,1/20,True,True,10,6
-3,0,-2,0,3,-2,-55/56,-9/56,True,False,110,58
-3,0,-2,0,3,0,-1/8,1/8,True,False,110,58
-3,0,-2,0,3,3,17/56,79/56,True,False,110,58
-3,0,-2,0,4,-2,-1/8,1/8,True,False,38,20
-3,0,-2,0,4,0,-1/8,1/8,True,False,38,20
-3,0,-2,0,4,3,-1/8,1/8,True,False,38,20
-3,0,-2,1,0,-2,-3/4,3/4,True,True,22,12
-3,0,-2,1,0,0,-5/16,5/16,True,False,22,12
-3,0,-2,1,0,3,-1/2,1/2,True,True,22,12
-3,0,-2,1,1,-2,-13/16,13/16,True,False,98,52
-3,0,-2,1,1,0,-9/16,9/16,True,False,98,52
-3,0,-2,1,1,3,-15/16,15/16,True,False,98,52
-3,0,-2,1,2,-2,-1/2,1/2,False,True,10,6
-3,0,-2,1,2,0,-51/100,51/100,True,True,10,6
-3,0,-2,1,2,3,-27/50,27/50,True,True,10,6
-3,0,-2,1,3,-2,-159/112,31/112,True,False,110,58
-3,0,-2,1,3,0,-9/16,9/16,True,False,110,58
-3,0,-2,1,3,3,-15/112,207/112,True,False,110,58
-3,0,-2,1,4,-2,-9/16,9/16,True,False,38,20
-3,0,-2,1,4,0,-9/16,9/16,True,False,38,20
-3,0,-2,1,4,3,-9/16,9/16,True,False,38,20
-3,0,-2,2,0,-2,-1,1,True,True,22,12
-3,0,-2,2,0,0,-1/2,1/2,True,True,22,12
-3,0,-2,2,0,3,-5/16,5/16,True,False,22,12
-3,0,-2,2,1,-2,-5/4,5/4,True,True,98,52
-3,0,-2,2,1,0,-1,1,True,True,98,52
-3,0,-2,2,1,3,-11/8,11/8,True,True,98,52
-3,0,-2,2,2,-2,-1,1,False,True,10,6
-3,0,-2,2,2,0,-1,1,True,True,10,6
-3,0,-2,2,2,3,-103/100,103/100,True,True,10,6
-3,0,-2,2,3,-2,-13/7,5/7,True,True,110,58
-3,0,-2,2,3,0,-1,1,True,True,110,58
-3,0,-2,2,3,3,-4/7,16/7,True,True,110,58
-3,0,-2,2,4,-2,-1,1,True,True,38,20
-3,0,-2,2,4,0,-1,1,True,True,38,20
-3,0,-2,2,4,3,-1,1,True,True,38,20
-3,0,-1,-2,0,-2,-1/16,1/16,True,False,22,12
-3,0,-1,-2,0,0,-1/2,1/2,True,True,22,12
-3,0,-1,-2,0,3,-5/4,5/4,True,True,22,12
-3,0,-1,-2,1,-2,-5/4,5/4,True,False,98,52
-3,0,-1,-2,1,0,-1,1,True,False,98,52
-3,0,-1,-2,1,3,-11/8,11/8,True,False,98,52
-3,0,-1,-2,2,-2,-1,1,True,False,10,6
-3,0,-1,-2,2,0,-1,1,True,False,10,6
-3,0,-1,-2,2,3,-1,1,True,False,10,6
-3,0,-1,-2,3,-2,-13/7,5/7,True,False,110,58
-3,0,-1,-2,3,0,-1,1,True,False,110,58
-3,0,-1,-2,3,3,-4/7,16/7,True,False,110,58
-3,0,-1,-2,4,-2,-1,1,True,False,38,20
-3,0,-1,-2,4,0,-1,1,True,False,38,20
-3,0,-1,-2,4,3,-1,1,True,False,38,20
-3,0,-1,-1,0,-2,-1/4,1/4,True,True,22,12
-3,0,-1,-1,0,0,-1/4,1/4,True,True,22,12
-3,0,-1,-1,0,3,-1,1,True,True,22,12
-3,0,-1,-1,1,-2,-3/4,3/4,True,False,98,52
-3,0,-1,-1,1,0,-1/2,1/2,True,False,98,52
-3,0,-1,-1,1,3,-7/8,7/8,True,False,98,52
-3,0,-1,-1,2,-2,-1/2,1/2,True,True,10,6
-3,0,-1,-1,2,0,-1/2,1/2,True,False,10,6
-3,0,-1,-1,2,3,-1/2,1/2,True,False,10,6
-3,0,-1,-1,3,-2,-19/14,3/14,True,False,110,58
-3,0,-1,-1,3,0,-1/2,1/2,True,False,110,58
-3,0,-1,-1,3,3,-1/14,25/14,True,False,110,58
-3,0,-1,-1,4,-2,-1/2,1/2,True,False,38,20
-3,0,-1,-1,4,0,-1/2,1/2,True,False,38,20
-3,0,-1,-1,4,3,-1/2,1/2,True,False,38,20
-3,0,-1,0,0,-2,-1/2,1/2,True,True,22,12
-3,0,-1,0,0,0,-1/16,1/16,True,False,22,12
-3,0,-1,0,0,3,-3/4,3/4,True,True,22,12
-3,0,-1,0,1,-2,-5/16,5/16,True,False,98,52
-3,0,-1,0,1,0,-1/16,1/16,True,False,98,52
-3,0,-1,0,1,3,-7/16,7/16,True,False,98,52
-3,0,-1,0,2,-2,-1/100,1/100,True,True,10,6
-3,0,-1,0,2,0,-1/100,1/100,True,True,10,6
-3,0,-1,0,2,3,-1/25,1/25,True,True,10,6
-3,0,-1,0,3,-2,-103/112,-25/112,True,False,110,58
-3,0,-1,0,3,0,-1/16,1/16,True,False,110,58
-3,0,-1,0,3,3,41/112,151/112,True,False,110,58
-3,0,-1,0,4,-2,-1/16,1/16,True,False,38,20
-3,0,-1,0,4,0,-1/16,1/16,True,False,38,20
-3,0,-1,0,4,3,-1/16,1/16,True,False,38,20
-3,0,-1,1,0,-2,-3/4,3/4,True,True,22,12
-3,0,-1,1,0,0,-1/4,1/4,True,True,22,12
-3,0,-1,1,0,3,-1/2,1/2,True,True,22,12
-3,0,-1,1,1,-2,-3/4,3/4,True,True,98,52
-3,0,-1,1,1,0,-1/2,1/2,True,True,98,52
-3,0,-1,1,1,3,-7/8,7/8,True,True,98,52
-3,0,-1,1,2,-2,-1/2,1/2,False,True,10,6
-3,0,-1,1,2,0,-1/2,1/2,True,True,10,6
-3,0,-1,1,2,3,-53/100,53/100,True,True,10,6
-3,0,-1,1,3,-2,-19/14,3/14,True,True,110,58
-3,0,-1,1,3,0,-1/2,1/2,True,True,110,58
-3,0,-1,1,3,3,-1/14,25/14,True,True,110,58
-3,0,-1,1,4,-2,-1/2,1/2,True,True,38,20
-3,0,-1,1,4,0,-1/2,1/2,True,True,38,20
-3,0,-1,1,4,3,-1/2,1/2,True,True,38,20
-3,0,-1,2,0,-2,-1,1,True,True,22,12
-3,0,-1,2,0,0,-1/2,1/2,True,True,22,12
-3,0,-1,2,0,3,-1/4,1/4,True,True,22,12
-3,0,-1,2,1,-2,-5/4,5/4,False,True,98,52
-3,0,-1,2,1,0,-1,1,False,True,98,52
-3,0,-1,2,1,3,-11/8,11/8,False,True,98,52
-3,0,-1,2,2,-2,-1,1,False,True,10,6
-3,0,-1,2,2,0,-1,1,False,True,10,6
-3,0,-1,2,2,3,-51/50,51/50,True,True,10,6
-3,0,-1,2,3,-2,-13/7,5/7,False,True,110,58
-3,0,-1,2,3,0,-1,1,False,True,110,58
-3,0,-1,2,3,3,-4/7,16/7,False,True,110,58
-3,0,-1,2,4,-2,-1,1,False,True,38,20
-3,0,-1,2,4,0,-1,1,False,True,38,20
-3,0,-1,2,4,3,-1,1,False,True,38,20
-3,0,0,-2,0,-2,0,0,True,True,22,12
-3,0,0,-2,0,0,-1/2,1/2,True,True,22,12
-3,0,0,-2,0,3,-5/4,5/4,True,True,22,12
-3,0,0,-2,1,-2,-5/4,5/4,True,False,98,52
-3,0,0,-2,1,0,-1,1,True,False,98,52
-3,0,0,-2,1,3,-11/8,11/8,True,False,98,52
-3,0,0,-2,2,-2,-1,1,True,True,10,6
-3,0,0,-2,2,0,-1,1,True,False,10,6
-3,0,0,-2,2,3,-1,1,True,False,10,6
-3,0,0,-2,3,-2,-13/7,5/7,True,False,110,58
-3,0,0,-2,3,0,-1,1,True,False,110,58
-3,0,0,-2,3,3,-4/7,16/7,True,False,110,58
-3,0,0,-2,4,-2,-1,1,True,False,38,20
-3,0,0,-2,4,0,-1,1,True,False,38,20
-3,0,0,-2,4,3,-1,1,True,False,38,20
-3,0,0,-1,0,-2,-1/4,1/4,True,True,22,12
-3,0,0,-1,0,0,-1/4,1/4,True,True,22,12
-3,0,0,-1,0,3,-1,1,True,True,22,12
-3,0,0,-1,1,-2,-3/4,3/4,True,False,98,52
-3,0,0,-1,1,0,-1/2,1/2,True,False,98,52
-3,0,0,-1,1,3,-7/8,7/8,True,False,98,52
-3,0,0,-1,2,-2,-51/100,51/100,True,True,10,6
-3,0,0,-1,2,0,-1/2,1/2,True,False,10,6
-3,0,0,-1,2,3,-1/2,1/2,True,False,10,6
-3,0,0,-1,3,-2,-19/14,3/14,True,False,110,58
-3,0,0,-1,3,0,-1/2,1/2,True,False,110,58
-3,0,0,-1,3,3,-1/14,25/14,True,False,110,58
-3,0,0,-1,4,-2,-1/2,1/2,True,False,38,20
-3,0,0,-1,4,0,-1/2,1/2,True,False,38,20
-3,0,0,-1,4,3,-1/2,1/2,True,False,38,20
-3,0,0,0,0,-2,-1/2,1/2,True,True,22,12
-3,0,0,0,0,0,0,0,True,True,22,12
-3,0,0,0,0,3,-3/4,3/4,True,True,22,12
-3,0,0,0,1,-2,-1/4,1/4,True,True,98,52
-3,0,0,0,1,0,0,0,True,True,98,52
-3,0,0,0,1,3,-3/8,3/8,True,True,98,52
-3,0,0,0,2,-2,-1/50,1/50,True,True,10,6
-3,0,0,0,2,0,0,0,True,True,10,6
-3,0,0,0,2,3,-3/100,3/100,True,True,10,6
-3,0,0,0,3,-2,-6/7,-2/7,True,True,110,58
-3,0,0,0,3,0,0,0,True,True,110,58
-3,0,0,0,3,3,3/7,9/7,True,True,110,58
-3,0,0,0,4,-2,0,0,True,True,38,20
-3,0,0,0,4,0,0,0,True,True,38,20
-3,0,0,0,4,3,0,0,True,True,38,20
-3,0,0,1,0,-2,-3/4,3/4,True,True,22,12
-3,0,0,1,0,0,-1/4,1/4,True,True,22,12
-3,0,0,1,0,3,-1/2,1/2,True,True,22,12
-3,0,0,1,1,-2,-3/4,3/4,False,True,98,52
-3,0,0,1,1,0,-1/2,1/2,False,True,98,52
-3,0,0,1,1,3,-7/8,7/8,False,True,98,52
-3,0,0,1,2,-2,-1/2,1/2,False,True,10,6
-3,0,0,1,2,0,-1/2,1/2,False,True,10,6
-3,0,0,1,2,3,-13/25,13/25,True,True,10,6
-3,0,0,1,3,-2,-19/14,3/14,False,True,110,58
-3,0,0,1,3,0,-1/2,1/2,False,True,110,58
-3,0,0,1,3,3,-1/14,25/14,False,True,110,58
-3,0,0,1,4,-2,-1/2,1/2,False,True,38,20
-3,0,0,1,4,0,-1/2,1/2,False,True,38,20
-3,0,0,1,4,3,-1/2,1/2,False,True,38,20
-3,0,0,2,0,-2,-1,1,True,True,22,12
-3,0,0,2,0,0,-1/2,1/2,True,True,22,12
-3,0,0,2,0,3,-1/4,1/4,True,True,22,12
-3,0,0,2,1,-2,-5/4,5/4,False,True,98,52
-3,0,0,2,1,0,-1,1,False,True,98,52
-3,0,0,2,1,3,-11/8,11/8,False,True,98,52
-3,0,0,2,2,-2,-1,1,False,True,10,6
-3,0,0,2,2,0,-1,1,False,True,10,6
-3,0,0,2,2,3,-101/100,101/100,True,True,10,6
-3,0,0,2,3,-2,-13/7,5/7,False,True,110,58
-3,0,0,2,3,0,-1,1,False,True,110,58
-3,0,0,2,3,3,-4/7,16/7,False,True,110,58
-3,0,0,2,4,-2,-1,1,False,True,38,20
-3,0,0,2,4,0,-1,1,False,True,38,20
-3,0,0,2,4,3,-1,1,False,True,38,20
-3,0,1,-2,0,-2,-1/16,1/16,False,True,22,12
-3,0,1,-2,0,0,-1/2,1/2,True,True,22,12
-3,0,1,-2,0,3,-5/4,5/4,True,True,22,12
-3,0,1,-2,1,-2,-5/4,5/4,True,False,98,52
-3,0,1,-2,1,0,-1,1,True,False,98,52
-3,0,1,-2,1,3,-11/8,11/8,True,False,98,52
-3,0,1,-2,2,-2,-101/100,101/100,True,True,10,6
-3,0,1,-2,2,0,-1,1,True,False,10,6
-3,0,1,-2,2,3,-1,1,True,False,10,6
-3,0,1,-2,3,-2,-13/7,5/7,True,False,110,58
-3,0,1,-2,3,0,-1,1,True,False,110,58
-3,0,1,-2,3,3,-4/7,16/7,True,False,110,58
-3,0,1,-2,4,-2,-1,1,True,False,38,20
-3,0,1,-2,4,0,-1,1,True,False,38,20
-3,0,1,-2,4,3,-1,1,True,False,38,20
-3,0,1,-1,0,-2,-1/4,1/4,True,True,22,12
-3,0,1,-1,0,0,-1/4,1/4,True,True,22,12
-3,0,1,-1,0,3,-1,1,True,True,22,12
-3,0,1,-1,1,-2,-3/4,3/4,True,True,98,52
-3,0,1,-1,1,0,-1/2,1/2,True,True,98,52
-3,0,1,-1,1,3,-7/8,7/8,True,True,98,52
-3,0,1,-1,2,-2,-13/25,13/25,True,True,10,6
-3,0,1,-1,2,0,-1/2,1/2,True,True,10,6
-3,0,1,-1,2,3,-1/2,1/2,True,False,10,6
-3,0,1,-1,3,-2,-19/14,3/14,True,True,110,58
-3,0,1,-1,3,0,-1/2,1/2,True,True,110,58
-3,0,1,-1,3,3,-1/14,25/14,True,True,110,58
-3,0,1,-1,4,-2,-1/2,1/2,True,True,38,20
-3,0,1,-1,4,0,-1/2,1/2,True,True,38,20
-3,0,1,-1,4,3,-1/2,1/2,True,True,38,20
-3,0,1,0,0,-2,-1/2,1/2,True,True,22,12
-3,0,1,0,0,0,-1/16,1/16,False,True,22,12
-3,0,1,0,0,3,-3/4,3/4,True,True,22,12
-3,0,1,0,1,-2,-5/16,5/16,False,True,98,52
-3,0,1,0,1,0,-1/16,1/16,False,True,98,52
-3,0,1,0,1,3,-7/16,7/16,False,True,98,52
-3,0,1,0,2,-2,-3/100,3/100,True,True,10,6
-3,0,1,0,2,0,-1/100,1/100,True,True,10,6
-3,0,1,0,2,3,-1/50,1/50,True,True,10,6
-3,0,1,0,3,-2,-103/112,-25/112,False,True,110,58
-3,0,1,0,3,0,-1/16,1/16,False,True,110,58
-3,0,1,0,3,3,41/112,151/112,False,True,110,58
-3,0,1,0,4,-2,-1/16,1/16,False,True,38,20
-3,0,1,0,4,0,-1/16,1/16,False,True,38,20
-3,0,1,0,4,3,-1/16,1/16,False,True,38,20
-3,0,1,1,0,-2,-3/4,3/4,True,True,22,12
-3,0,1,1,0,0,-1/4,1/4,True,True,22,12
-3,0,1,1,0,3,-1/2,1/2,True,True,22,12
-3,0,1,1,1,-2,-3/4,3/4,False,True,98,52
-3,0,1,1,1,0,-1/2,1/2,False,True,98,52
-3,0,1,1,1,3,-7/8,7/8,False,True,98,52
-3,0,1,1,2,-2,-1/2,1/2,False,True,10,6
-3,0,1,1,2,0,-1/2,1/2,False,True,10,6
-3,0,1,1,2,3,-51/100,51/100,True,True,10,6
-3,0,1,1,3,-2,-19/14,3/14,False,True,110,58
-3,0,1,1,3,0,-1/2,1/2,False,True,110,58
-3,0,1,1,3,3,-1/14,25/14,False,True,110,58
-3,0,1,1,4,-2,-1/2,1/2,False,True,38,20
-3,0,1,1,4,0,-1/2,1/2,False,True,38,20
-3,0,1,1,4,3,-1/2,1/2,False,True,38,20
-3,0,1,2,0,-2,-1,1,True,True,22,12
-3,0,1,2,0,0,-1/2,1/2,True,True,22,12
-3,0,1,2,0,3,-1/4,1/4,True,True,22,12
-3,0,1,2,1,-2,-5/4,5/4,False,True,98,52
-3,0,1,2,1,0,-1,1,False,True,98,52
-3,0,1,2,1,3,-11/8,11/8,False,True,98,52
-3,0,1,2,2,-2,-1,1,False,True,10,6
-3,0,1,2,2,0,-1,1,False,True,10,6
-3,0,1,2,2,3,-1,1,True,True,10,6
-3,0,1,2,3,-2,-13/7,5/7,False,True,110,58
-3,0,1,2,3,0,-1,1,False,True,110,58
-3,0,1,2,3,3,-4/7,16/7,False,True,110,58
-3,0,1,2,4,-2,-1,1,False,True,38,20
-3,0,1,2,4,0,-1,1,False,True,38,20
-3,0,1,2,4,3,-1,1,False,True,38,20
-3,0,2,-2,0,-2,-1/8,1/8,False,True,22,12
-3,0,2,-2,0,0,-1/2,1/2,True,True,22,12
-3,0,2,-2,0,3,-5/4,5/4,True,True,22,12
-3,0,2,-2,1,-2,-5/4,5/4,True,True,98,52
-3,0,2,-2,1,0,-1,1,True,True,98,52
-3,0,2,-2,1,3,-11/8,11/8,True,True,98,52
-3,0,2,-2,2,-2,-51/50,51/50,True,True,10,6
-3,0,2,-2,2,0,-1,1,True,True,10,6
-3,0,2,-2,2,3,-1,1,True,False,10,6
-3,0,2,-2,3,-2,-13/7,5/7,True,True,110,58
-3,0,2,-2,3,0,-1,1,True,True,110,58
-3,0,2,-2,3,3,-4/7,16/7,True,True,110,58
-3,0,2,-2,4,-2,-1,1,True,True,38,20
-3,0,2,-2,4,0,-1,1,True,True,38,20
-3,0,2,-2,4,3,-1,1,True,True,38,20
-3,0,2,-1,0,-2,-5/16,5/16,False,True,22,12
-3,0,2,-1,0,0,-5/16,5/16,False,True,22,12
-3,0,2,-1,0,3,-1,1,True,True,22,12
-3,0,2,-1,1,-2,-13/16,13/16,False,True,98,52
-3,0,2,-1,1,0,-9/16,9/16,False,True,98,52
-3,0,2,-1,1,3,-15/16,15/16,False,True,98,52
-3,0,2,-1,2,-2,-53/100,53/100,True,True,10,6
-3,0,2,-1,2,0,-51/100,51/100,True,True,10,6
-3,0,2,-1,2,3,-1/2,1/2,True,False,10,6
-3,0,2,-1,3,-2,-159/112,31/112,False,True,110,58
-3,0,2,-1,3,0,-9/16,9/16,False,True,110,58
-3,0,2,-1,3,3,-15/112,207/112,False,True,110,58
-3,0,2,-1,4,-2,-9/16,9/16,False,True,38,20
-3,0,2,-1,4,0,-9/16,9/16,False,True,38,20
-3,0,2,-1,4,3,-9/16,9/16,False,True,38,20
-3,0,2,0,0,-2,-1/2,1/2,True,True,22,12
-3,0,2,0,0,0,-1/8,1/8,False,True,22,12
-3,0,2,0,0,3,-3/4,3/4,True,True,22,12
-3,0,2,0,1,-2,-3/8,3/8,False,True,98,52
-3,0,2,0,1,0,-1/8,1/8,False,True,98,52
-3,0,2,0,1,3,-1/2,1/2,False,True,98,52
-3,0,2,0,2,-2,-1/25,1/25,True,True,10,6
-3,0,2,0,2,0,-1/50,1/50,True,True,10,6
-3,0,2,0,2,3,-1/100,1/100,True,True,10,6
-3,0,2,0,3,-2,-55/56,-9/56,False,True,110,58
-3,0,2,0,3,0,-1/8,1/8,False,True,110,58
-3,0,2,0,3,3,17/56,79/56,False,True,110,58
-3,0,2,0,4,-2,-1/8,1/8,False,True,38,20
-3,0,2,0,4,0,-1/8,1/8,False,True,38,20
-3,0,2,0,4,3,-1/8,1/8,False,True,38,20
-3,0,2,1,0,-2,-3/4,3/4,True,True,22,12
-3,0,2,1,0,0,-5/16,5/16,False,True,22,12
-3,0,2,1,0,3,-1/2,1/2,True,True,22,12
-3,0,2,1,1,-2,-13/16,13/16,False,True,98,52
-3,0,2,1,1,0,-9/16,9/16,False,True,98,52
-3,0,2,1,1,3,-15/16,15/16,False,True,98,52
-3,0,2,1,2,-2,-1/2,1/2,False,True,10,6
-3,0,2,1,2,0,-1/2,1/2,False,True,10,6
-3,0,2,1,2,3,-1/2,1/2,True,True,10,6
-3,0,2,1,3,-2,-159/112,31/112,False,True,110,58
-3,0,2,1,3,0,-9/16,9/16,False,True,110,58
-3,0,2,1,3,3,-15/112,207/112,False,True,110,58
-3,0,2,1,4,-2,-9/16,9/16,False,True,38,20
-3,0,2,1,4,0,-9/16,9/16,False,True,38,20
-3,0,2,1,4,3,-9/16,9/16,False,True,38,20
-3,0,2,2,0,-2,-1,1,True,True,22,12
-3,0,2,2,0,0,-1/2,1/2,True,True,22,12
-3,0,2,2,0,3,-5/16,5/16,False,True,22,12
-3,0,2,2,1,-2,-5/4,5/4,False,True,98,52
-3,0,2,2,1,0,-1,1,False,True,98,52
-3,0,2,2,1,3,-11/8,11/8,False,True,98,52
-3,0,2,2,2,-2,-1,1,False,True,10,6
-3,0,2,2,2,0,-1,1,False,True,10,6
-3,0,2,2,2,3,-1,1,False,True,10,6
-3,0,2,2,3,-2,-13/7,5/7,False,True,110,58
-3,0,2,2,3,0,-1,1,False,True,110,58
-3,0,2,2,3,3,-4/7,16/7,False,True,110,58
-3,0,2,2,4,-2,-1,1,False,True,38,20
-3,0,2,2,4,0,-1,1,False,True,38,20
-3,0,2,2,4,3,-1,1,False,True,38,20
-3,1,-2,-2,0,-2,-1/8,1/8,True,False,22,12
-3,1,-2,-2,0,0,-1/2,1/2,True,True,22,12
-3,1,-2,-2,0,3,-5/4,5/4,True,True,22,12
-3,1,-2,-2,1,-2,-9/4,9/4,True,False,98,52
-3,1,-2,-2,1,0,-2,2,True,False,98,52
-3,1,-2,-2,1,3,-19/8,19/8,True,False,98,52
-3,1,-2,-2,2,-2,49/50,51/50,True,True,6,4
-3,1,-2,-2,2,0,24/25,26/25,True,True,6,4
-3,1,-2,-2,2,3,93/100,107/100,True,True,6,4
-3,1,-2,-2,3,-2,-20/7,12/7,True,False,106,56
-3,1,-2,-2,3,0,-2,2,True,False,106,56
-3,1,-2,-2,3,3,-11/7,23/7,True,False,106,56
-3,1,-2,-2,4,-2,-1,1,True,True,38,20
-3,1,-2,-2,4,0,-1,1,True,True,38,20
-3,1,-2,-2,4,3,-1,1,True,True,38,20
-3,1,-2,-1,0,-2,-5/16,5/16,True,False,22,12
-3,1,-2,-1,0,0,-5/16,5/16,True,False,22,12
-3,1,-2,-1,0,3,-1,1,True,True,22,12
-3,1,-2,-1,1,-2,-21/16,21/16,True,False,98,52
-3,1,-2,-1,1,0,-17/16,17/16,True,False,98,52
-3,1,-2,-1,1,3,-23/16,23/16,True,False,98,52
-3,1,-2,-1,2,-2,49/100,51/100,True,True,6,4
-3,1,-2,-1,2,0,47/100,53/100,True,True,6,4
-3,1,-2,-1,2,3,11/25,14/25,True,True,6,4
-3,1,-2,-1,3,-2,-215/112,87/112,True,False,106,56
-3,1,-2,-1,3,0,-17/16,17/16,True,False,106,56
-3,1,-2,-1,3,3,-71/112,263/112,True,False,106,56
-3,1,-2,-1,4,-2,-9/16,9/16,True,False,38,20
-3,1,-2,-1,4,0,-9/16,9/16,True,False,38,20
-3,1,-2,-1,4,3,-9/16,9/16,True,False,38,20
-3,1,-2,0,0,-2,-1/2,1/2,True,True,22,12
-3,1,-2,0,0,0,-1/8,1/8,True,False,22,12
-3,1,-2,0,0,3,-3/4,3/4,True,True,22,12
-3,1,-2,0,1,-2,-3/8,3/8,True,False,98,52
-3,1,-2,0,1,0,-1/8,1/8,True,False,98,52
-3,1,-2,0,1,3,-1/2,1/2,True,False,98,52
-3,1,-2,0,2,-2,0,0,True,True,6,4
-3,1,-2,0,2,0,-1/50,1/50,True,True,6,4
-3,1,-2,0,2,3,-1/20,1/20,True,True,6,4
-3,1,-2,0,3,-2,-55/56,-9/56,True,False,106,56
-3,1,-2,0,3,0,-1/8,1/8,True,False,106,56
-3,1,-2,0,3,3,17/56,79/56,True,False,106,56
-3,1,-2,0,4,-2,-1/8,1/8,True,False,38,20
-3,1,-2,0,4,0,-1/8,1/8,True,False,38,20
-3,1,-2,0,4,3,-1/8,1/8,True,False,38,20
-3,1,-2,1,0,-2,-3/4,3/4,True,True,22,12
-3,1,-2,1,0,0,-5/16,5/16,True,False,22,12
-3,1,-2,1,0,3,-1/2,1/2,True,True,22,12
-3,1,-2,1,1,-2,-21/16,21/16,True,False,98,52
-3,1,-2,1,1,0,-17/16,17/16,True,False,98,52
-3,1,-2,1,1,3,-23/16,23/16,True,False,98,52
-3,1,-2,1,2,-2,-51/100,-49/100,True,True,6,4
-3,1,-2,1,2,0,-51/100,-49/100,True,True,6,4
-3,1,-2,1,2,3,-27/50,-23/50,True,True,6,4
-3,1,-2,1,3,-2,-215/112,87/112,True,False,106,56
-3,1,-2,1,3,0,-17/16,17/16,True,False,106,56
-3,1,-2,1,3,3,-71/112,263/112,True,False,106,56
-3,1,-2,1,4,-2,-9/16,9/16,True,False,38,20
-3,1,-2,1,4,0,-9/16,9/16,True,False,38,20
-3,1,-2,1,4,3,-9/16,9/16,True,False,38,20
-3,1,-2,2,0,-2,-1,1,True,True,22,12
-3,1,-2,2,0,0,-1/2,1/2,True,True,22,12
-3,1,-2,2,0,3,-5/16,5/16,True,False,22,12
-3,1,-2,2,1,-2,-9/4,9/4,True,True,98,52
-3,1,-2,2,1,0,-2,2,True,True,98,52
-3,1,-2,2,1,3,-19/8,19/8,True,True,98,52
-3,1,-2,2,2,-2,-51/50,-49/50,True,True,6,4
-3,1,-2,2,2,0,-1,-1,True,True,6,4
-3,1,-2,2,2,3,-103/100,-97/100,True,True,6,4
-3,1,-2,2,3,-2,-20/7,12/7,True,True,106,56
-3,1,-2,2,3,0,-2,2,True,True,106,56
-3,1,-2,2,3,3,-11/7,23/7,True,True,106,56
-3,1,-2,2,4,-2,-1,1,True,True,38,20
-3,1,-2,2,4,0,-1,1,True,True,38,20
-3,1,-2,2,4,3,-1,1,True,True,38,20
-3,1,-1,-2,0,-2,-1/16,1/16,True,False,22,12
-3,1,-1,-2,0,0,-1/2,1/2,True,True,22,12
-3,1,-1,-2,0,3,-5/4,5/4,True,True,22,12
-3,1,-1,-2,1,-2,-9/4,9/4,True,False,98,52
-3,1,-1,-2,1,0,-2,2,True,False,98,52
-3,1,-1,-2,1,3,-19/8,19/8,True,False,98,52
-3,1,-1,-2,2,-2,99/100,101/100,True,True,6,4
-3,1,-1,-2,2,0,97/100,103/100,True,True,6,4
-3,1,-1,-2,2,3,47/50,53/50,True,True,6,4
-3,1,-1,-2,3,-2,-20/7,12/7,True,False,106,56
-3,1,-1,-2,3,0,-2,2,True,False,106,56
-3,1,-1,-2,3,3,-11/7,23/7,True,False,106,56
-3,1,-1,-2,4,-2,-1,1,True,True,38,20
-3,1,-1,-2,4,0,-1,1,True,True,38,20
-3,1,-1,-2,4,3,-1,1,True,True,38,20
-3,1,-1,-1,0,-2,-1/4,1/4,True,True,22,12
-3,1,-1,-1,0,0,-1/4,1/4,True,True,22,12
-3,1,-1,-1,0,3,-1,1,True,True,22,12
-3,1,-1,-1,1,-2,-5/4,5/4,True,False,98,52
-3,1,-1,-1,1,0,-1,1,True,False,98,52
-3,1,-1,-1,1,3,-11/8,11/8,True,False,98,52
-3,1,-1,-1,2,-2,1/2,1/2,True,True,6,4
-3,1,-1,-1,2,0,12/25,13/25,True,True,6,4
-3,1,-1,-1,2,3,9/20,11/20,True,True,6,4
-3,1,-1,-1,3,-2,-13/7,5/7,True,False,106,56
-3,1,-1,-1,3,0,-1,1,True,False,106,56
-3,1,-1,-1,3,3,-4/7,16/7,True,False,106,56
-3,1,-1,-1,4,-2,-1/2,1/2,True,True,38,20
-3,1,-1,-1,4,0,-1/2,1/2,True,True,38,20
-3,1,-1,-1,4,3,-1/2,1/2,True,True,38,20
-3,1,-1,0,0,-2,-1/2,1/2,True,True,22,12
-3,1,-1,0,0,0,-1/16,1/16,True,False,22,12
-3,1,-1,0,0,3,-3/4,3/4,True,True,22,12
-3,1,-1,0,1,-2,-5/16,5/16,True,False,98,52
-3,1,-1,0,1,0,-1/16,1/16,True,False,98,52
-3,1,-1,0,1,3,-7/16,7/16,True,False,98,52
-3,1,-1,0,2,-2,-1/100,1/100,True,True,6,4
-3,1,-1,0,2,0,-1/100,1/100,True,True,6,4
-3,1,-1,0,2,3,-1/25,1/25,True,True,6,4
-3,1,-1,0,3,-2,-103/112,-25/112,True,False,106,56
-3,1,-1,0,3,0,-1/16,1/16,True,False,106,56
-3,1,-1,0,3,3,41/112,151/112,True,False,106,56
-3,1,-1,0,4,-2,-1/16,1/16,True,False,38,20
-3,1,-1,0,4,0,-1/16,1/16,True,False,38,20
-3,1,-1,0,4,3,-1/16,1/16,True,False,38,20
-3,1,-1,1,0,-2,-3/4,3/4,True,True,22,12
-3,1,-1,1,0,0,-1/4,1/4,True,True,22,12
-3,1,-1,1,0,3,-1/2,1/2,True,True,22,12
-3,1,-1,1,1,-2,-5/4,5/4,True,True,98,52
-3,1,-1,1,1,0,-1,1,True,True,98,52
-3,1,-1,1,1,3,-11/8,11/8,True,True,98,52
-3,1,-1,1,2,-2,-13/25,-12/25,True,True,6,4
-3,1,-1,1,2,0,-1/2,-1/2,True,True,6,4
-3,1,-1,1,2,3,-53/100,-47/100,True,True,6,4
-3,1,-1,1,3,-2,-13/7,5/7,True,True,106,56
-3,1,-1,1,3,0,-1,1,True,True,106,56
-3,1,-1,1,3,3,-4/7,16/7,True,True,106,56
-3,1,-1,1,4,-2,-1/2,1/2,True,True,38,20
-3,1,-1,1,4,0,-1/2,1/2,True,True,38,20
-3,1,-1,1,4,3,-1/2,1/2,True,True,38,20
-3,1,-1,2,0,-2,-1,1,True,True,22,12
-3,1,-1,2,0,0,-1/2,1/2,True,True,22,12
-3,1,-1,2,0,3,-1/4,1/4,True,True,22,12
-3,1,-1,2,1,-2,-9/4,9/4,False,True,98,52
-3,1,-1,2,1,0,-2,2,False,True,98,52
-3,1,-1,2,1,3,-19/8,19/8,False,True,98,52
-3,1,-1,2,2,-2,-103/100,-97/100,True,True,6,4
-3,1,-1,2,2,0,-101/100,-99/100,True,True,6,4
-3,1,-1,2,2,3,-51/50,-49/50,True,True,6,4
-3,1,-1,2,3,-2,-20/7,12/7,False,True,106,56
-3,1,-1,2,3,0,-2,2,False,True,106,56
-3,1,-1,2,3,3,-11/7,23/7,False,True,106,56
-3,1,-1,2,4,-2,-1,1,True,True,38,20
-3,1,-1,2,4,0,-1,1,True,True,38,20
-3,1,-1,2,4,3,-1,1,True,True,38,20
-3,1,0,-2,0,-2,0,0,True,True,22,12
-3,1,0,-2,0,0,-1/2,1/2,True,True,22,12
-3,1,0,-2,0,3,-5/4,5/4,True,True,22,12
-3,1,0,-2,1,-2,-9/4,9/4,True,False,98,52
-3,1,0,-2,1,0,-2,2,True,False,98,52
-3,1,0,-2,1,3,-19/8,19/8,True,False,98,52
-3,1,0,-2,2,-2,1,1,True,True,6,4
-3,1,0,-2,2,0,49/50,51/50,True,True,6,4
-3,1,0,-2,2,3,19/20,21/20,True,True,6,4
-3,1,0,-2,3,-2,-20/7,12/7,True,False,106,56
-3,1,0,-2,3,0,-2,2,True,False,106,56
-3,1,0,-2,3,3,-11/7,23/7,True,False,106,56
-3,1,0,-2,4,-2,-1,1,True,True,38,20
-3,1,0,-2,4,0,-1,1,True,True,38,20
-3,1,0,-2,4,3,-1,1,True,True,38,20
-3,1,0,-1,0,-2,-1/4,1/4,True,True,22,12
-3,1,0,-1,0,0,-1/4,1/4,True,True,22,12
-3,1,0,-1,0,3,-1,1,True,True,22,12
-3,1,0,-1,1,-2,-5/4,5/4,True,False,98,52
-3,1,0,-1,1,0,-1,1,True,False,98,52
-3,1,0,-1,1,3,-11/8,11/8,True,False,98,52
-3,1,0,-1,2,-2,49/100,51/100,True,True,6,4
-3,1,0,-1,2,0,49/100,51/100,True,True,6,4
-3,1,0,-1,2,3,23/50,27/50,True,True,6,4
-3,1,0,-1,3,-2,-13/7,5/7,True,False,106,56
-3,1,0,-1,3,0,-1,1,True,False,106,56
-3,1,0,-1,3,3,-4/7,16/7,True,False,106,56
-3,1,0,-1,4,-2,-1/2,1/2,True,True,38,20
-3,1,0,-1,4,0,-1/2,1/2,True,True,38,20
-3,1,0,-1,4,3,-1/2,1/2,True,True,38,20
-3,1,0,0,0,-2,-1/2,1/2,True,True,22,12
-3,1,0,0,0,0,0,0,True,True,22,12
-3,1,0,0,0,3,-3/4,3/4,True,True,22,12
-3,1,0,0,1,-2,-1/4,1/4,True,True,98,52
-3,1,0,0,1,0,0,0,True,True,98,52
-3,1,0,0,1,3,-3/8,3/8,True,True,98,52
-3,1,0,0,2,-2,-1/50,1/50,True,True,6,4
-3,1,0,0,2,0,0,0,True,True,6,4
-3,1,0,0,2,3,-3/100,3/100,True,True,6,4
-3,1,0,0,3,-2,-6/7,-2/7,True,True,106,56
-3,1,0,0,3,0,0,0,True,True,106,56
-3,1,0,0,3,3,3/7,9/7,True,True,106,56
-3,1,0,0,4,-2,0,0,True,True,38,20
-3,1,0,0,4,0,0,0,True,True,38,20
-3,1,0,0,4,3,0,0,True,True,38,20
-3,1,0,1,0,-2,-3/4,3/4,True,True,22,12
-3,1,0,1,0,0,-1/4,1/4,True,True,22,12
-3,1,0,1,0,3,-1/2,1/2,True,True,22,12
-3,1,0,1,1,-2,-5/4,5/4,False,True,98,52
-3,1,0,1,1,0,-1,1,False,True,98,52
-3,1,0,1,1,3,-11/8,11/8,False,True,98,52
-3,1,0,1,2,-2,-53/100,-47/100,True,True,6,4
-3,1,0,1,2,0,-51/100,-49/100,True,True,6,4
-3,1,0,1,2,3,-13/25,-12/25,True,True,6,4
-3,1,0,1,3,-2,-13/7,5/7,False,True,106,56
-3,1,0,1,3,0,-1,1,False,True,106,56
-3,1,0,1,3,3,-4/7,16/7,False,True,106,56
-3,1,0,1,4,-2,-1/2,1/2,True,True,38,20
-3,1,0,1,4,0,-1/2,1/2,True,True,38,20
-3,1,0,1,4,3,-1/2,1/2,True,True,38,20
-3,1,0,2,0,-2,-1,1,True,True,22,12
-3,1,0,2,0,0,-1/2,1/2,True,True,22,12
-3,1,0,2,0,3,-1/4,1/4,True,True,22,12
-3,1,0,2,1,-2,-9/4,9/4,False,True,98,52
-3,1,0,2,1,0,-2,2,False,True,98,52
-3,1,0,2,1,3,-19/8,19/8,False,True,98,52
-3,1,0,2,2,-2,-26/25,-24/25,True,True,6,4
-3,1,0,2,2,0,-51/50,-49/50,True,True,6,4
-3,1,0,2,2,3,-101/100,-99/100,True,True,6,4
-3,1,0,2,3,-2,-20/7,12/7,False,True,106,56
-3,1,0,2,3,0,-2,2,False,True,106,56
-3,1,0,2,3,3,-11/7,23/7,False,True,106,56
-3,1,0,2,4,-2,-1,1,True,True,38,20
-3,1,0,2,4,0,-1,1,True,True,38,20
-3,1,0,2,4,3,-1,1,True,True,38,20
-3,1,1,-2,0,-2,-1/16,1/16,False,True,22,12
-3,1,1,-2,0,0,-1/2,1/2,True,True,22,12
-3,1,1,-2,0,3,-5/4,5/4,True,True,22,12
-3,1,1,-2,1,-2,-9/4,9/4,True,False,98,52
-3,1,1,-2,1,0,-2,2,True,False,98,52
-3,1,1,-2,1,3,-19/8,19/8,True,False,98,52
-3,1,1,-2,2,-2,99/100,101/100,True,True,6,4
-3,1,1,-2,2,0,99/100,101/100,True,True,6,4
-3,1,1,-2,2,3,24/25,26/25,True,True,6,4
-3,1,1,-2,3,-2,-20/7,12/7,True,False,106,56
-3,1,1,-2,3,0,-2,2,True,False,106,56
-3,1,1,-2,3,3,-11/7,23/7,True,False,106,56
-3,1,1,-2,4,-2,-1,1,True,True,38,20
-3,1,1,-2,4,0,-1,1,True,True,38,20
-3,1,1,-2,4,3,-1,1,True,True,38,20
-3,1,1,-1,0,-2,-1/4,1/4,True,True,22,12
-3,1,1,-1,0,0,-1/4,1/4,True,True,22,12
-3,1,1,-1,0,3,-1,1,True,True,22,12
-3,1,1,-1,1,-2,-5/4,5/4,True,True,98,52
-3,1,1,-1,1,0,-1,1,True,True,98,52
-3,1,1,-1,1,3,-11/8,11/8,True,True,98,52
-3,1,1,-1,2,-2,12/25,13/25,True,True,6,4
-3,1,1,-1,2,0,1/2,1/2,True,True,6,4
-3,1,1,-1,2,3,47/100,53/100,True,True,6,4
-3,1,1,-1,3,-2,-13/7,5/7,True,True,106,56
-3,1,1,-1,3,0,-1,1,True,True,106,56
-3,1,1,-1,3,3,-4/7,16/7,True,True,106,56
-3,1,1,-1,4,-2,-1/2,1/2,True,True,38,20
-3,1,1,-1,4,0,-1/2,1/2,True,True,38,20
-3,1,1,-1,4,3,-1/2,1/2,True,True,38,20
-3,1,1,0,0,-2,-1/2,1/2,True,True,22,12
-3,1,1,0,0,0,-1/16,1/16,False,True,22,12
-3,1,1,0,0,3,-3/4,3/4,True,True,22,12
-3,1,1,0,1,-2,-5/16,5/16,False,True,98,52
-3,1,1,0,1,0,-1/16,1/16,False,True,98,52
-3,1,1,0,1,3,-7/16,7/16,False,True,98,52
-3,1,1,0,2,-2,-3/100,3/100,True,True,6,4
-3,1,1,0,2,0,-1/100,1/100,True,True,6,4
-3,1,1,0,2,3,-1/50,1/50,True,True,6,4
-3,1,1,0,3,-2,-103/112,-25/112,False,True,106,56
-3,1,1,0,3,0,-1/16,1/16,False,True,106,56
-3,1,1,0,3,3,41/112,151/112,False,True,106,56
-3,1,1,0,4,-2,-1/16,1/16,False,True,38,20
-3,1,1,0,4,0,-1/16,1/16,False,True,38,20
-3,1,1,0,4,3,-1/16,1/16,False,True,38,20
-3,1,1,1,0,-2,-3/4,3/4,True,True,22,12
-3,1,1,1,0,0,-1/4,1/4,True,True,22,12
-3,1,1,1,0,3,-1/2,1/2,True,True,22,12
-3,1,1,1,1,-2,-5/4,5/4,False,True,98,52
-3,1,1,1,1,0,-1,1,False,True,98,52
-3,1,1,1,1,3,-11/8,11/8,False,True,98,52
-3,1,1,1,2,-2,-27/50,-23/50,True,True,6,4
-3,1,1,1,2,0,-13/25,-12/25,True,True,6,4
-3,1,1,1,2,3,-51/100,-49/100,True,True,6,4
-3,1,1,1,3,-2,-13/7,5/7,False,True,106,56
-3,1,1,1,3,0,-1,1,False,True,106,56
-3,1,1,1,3,3,-4/7,16/7,False,True,106,56
-3,1,1,1,4,-2,-1/2,1/2,True,True,38,20
-3,1,1,1,4,0,-1/2,1/2,True,True,38,20
-3,1,1,1,4,3,-1/2,1/2,True,True,38,20
-3,1,1,2,0,-2,-1,1,True,True,22,12
-3,1,1,2,0,0,-1/2,1/2,True,True,22,12
-3,1,1,2,0,3,-1/4,1/4,True,True,22,12
-3,1,1,2,1,-2,-9/4,9/4,False,True,98,52
-3,1,1,2,1,0,-2,2,False,True,98,52
-3,1,1,2,1,3,-19/8,19/8,False,True,98,52
-3,1,1,2,2,-2,-21/20,-19/20,True,True,6,4
-3,1,1,2,2,0,-103/100,-97/100,True,True,6,4
-3,1,1,2,2,3,-1,-1,True,True,6,4
-3,1,1,2,3,-2,-20/7,12/7,False,True,106,56
-3,1,1,2,3,0,-2,2,False,True,106,56
-3,1,1,2,3,3,-11/7,23/7,False,True,106,56
-3,1,1,2,4,-2,-1,1,True,True,38,20
-3,1,1,2,4,0,-1,1,True,True,38,20
-3,1,1,2,4,3,-1,1,True,True,38,20
-3,1,2,-2,0,-2,-1/8,1/8,False,True,22,12
-3,1,2,-2,0,0,-1/2,1/2,True,True,22,12
-3,1,2,-2,0,3,-5/4,5/4,True,True,22,12
-3,1,2,-2,1,-2,-9/4,9/4,True,True,98,52
-3,1,2,-2,1,0,-2,2,True,True,98,52
-3,1,2,-2,1,3,-19/8,19/8,True,True,98,52
-3,1,2,-2,2,-2,49/50,51/50,True,True,6,4
-3,1,2,-2,2,0,1,1,True,True,6,4
-3,1,2,-2,2,3,97/100,103/100,True,True,6,4
-3,1,2,-2,3,-2,-20/7,12/7,True,True,106,56
-3,1,2,-2,3,0,-2,2,True,True,106,56
-3,1,2,-2,3,3,-11/7,23/7,True,True,106,56
-3,1,2,-2,4,-2,-1,1,True,True,38,20
-3,1,2,-2,4,0,-1,1,True,True,38,20
-3,1,2,-2,4,3,-1,1,True,True,38,20
-3,1,2,-1,0,-2,-5/16,5/16,False,True,22,12
-3,1,2,-1,0,0,-5/16,5/16,False,True,22,12
-3,1,2,-1,0,3,-1,1,True,True,22,12
-3,1,2,-1,1,-2,-21/16,21/16,False,True,98,52
-3,1,2,-1,1,0,-17/16,17/16,False,True,98,52
-3,1,2,-1,1,3,-23/16,23/16,False,True,98,52
-3,1,2,-1,2,-2,47/100,53/100,True,True,6,4
-3,1,2,-1,2,0,49/100,51/100,True,True,6,4
-3,1,2,-1,2,3,12/25,13/25,True,True,6,4
-3,1,2,-1,3,-2,-215/112,87/112,False,True,106,56
-3,1,2,-1,3,0,-17/16,17/16,False,True,106,56
-3,1,2,-1,3,3,-71/112,263/112,False,True,106,56
-3,1,2,-1,4,-2,-9/16,9/16,False,True,38,20
-3,1,2,-1,4,0,-9/16,9/16,False,True,38,20
-3,1,2,-1,4,3,-9/16,9/16,False,True,38,20
-3,1,2,0,0,-2,-1/2,1/2,True,True,22,12
-3,1,2,0,0,0,-1/8,1/8,False,True,22,12
-3,1,2,0,0,3,-3/4,3/4,True,True,22,12
-3,1,2,0,1,-2,-3/8,3/8,False,True,98,52
-3,1,2,0,1,0,-1/8,1/8,False,True,98,52
-3,1,2,0,1,3,-1/2,1/2,False,True,98,52
-3,1,2,0,2,-2,-1/25,1/25,True,True,6,4
-3,1,2,0,2,0,-1/50,1/50,True,True,6,4
-3,1,2,0,2,3,-1/100,1/100,True,True,6,4
-3,1,2,0,3,-2,-55/56,-9/56,False,True,106,56
-3,1,2,0,3,0,-1/8,1/8,False,True,106,56
-3,1,2,0,3,3,17/56,79/56,False,True,106,56
-3,1,2,0,4,-2,-1/8,1/8,False,True,38,20
-3,1,2,0,4,0,-1/8,1/8,False,True,38,20
-3,1,2,0,4,3,-1/8,1/8,False,True,38,20
-3,1,2,1,0,-2,-3/4,3/4,True,True,22,12
-3,1,2,1,0,0,-5/16,5/16,False,True,22,12
-3,1,2,1,0,3,-1/2,1/2,True,True,22,12
-3,1,2,1,1,-2,-21/16,21/16,False,True,98,52
-3,1,2,1,1,0,-17/16,17/16,False,True,98,52
-3,1,2,1,1,3,-23/16,23/16,False,True,98,52
-3,1,2,1,2,-2,-11/20,-9/20,True,True,6,4
-3,1,2,1,2,0,-53/100,-47/100,True,True,6,4
-3,1,2,1,2,3,-1/2,-1/2,True,True,6,4
-3,1,2,1,3,-2,-215/112,87/112,False,True,106,56
-3,1,2,1,3,0,-17/16,17/16,False,True,106,56
-3,1,2,1,3,3,-71/112,263/112,False,True,106,56
-3,1,2,1,4,-2,-9/16,9/16,False,True,38,20
-3,1,2,1,4,0,-9/16,9/16,False,True,38,20
-3,1,2,1,4,3,-9/16,9/16,False,True,38,20
-3,1,2,2,0,-2,-1,1,True,True,22,12
-3,1,2,2,0,0,-1/2,1/2,True,True,22,12
-3,1,2,2,0,3,-5/16,5/16,False,True,22,12
-3,1,2,2,1,-2,-9/4,9/4,False,True,98,52
-3,1,2,2,1,0,-2,2,False,True,98,52
-3,1,2,2,1,3,-19/8,19/8,False,True,98,52
-3,1,2,2,2,-2,-53/50,-47/50,True,True,6,4
-3,1,2,2,2,0,-26/25,-24/25,True,True,6,4
-3,1,2,2,2,3,-101/100,-99/100,True,True,6,4
-3,1,2,2,3,-2,-20/7,12/7,False,True,106,56
-3,1,2,2,3,0,-2,2,False,True,106,56
-3,1,2,2,3,3,-11/7,23/7,False,True,106,56
-3,1,2,2,4,-2,-1,1,True,True,38,20
-3,1,2,2,4,0,-1,1,True,True,38,20
-3,1,2,2,4,3,-1,1,True,True,38,20
-2,-1,-2,-2,0,-2,-1,1/4,True,False,14,8
-2,-1,-2,-2,0,0,-1/2,1/2,True,False,14,8
-2,-1,-2,-2,0,3,-5/4,5/4,True,False,14,8
-2,-1,-2,-2,1,-2,-3/4,3/4,True,False,58,32
-2,-1,-2,-2,1,0,-1/2,1/2,True,False,58,32
-2,-1,-2,-2,1,3,-7/8,7/8,True,False,58,32
-2,-1,-2,-2,2,-2,-1/50,1/50,True,True,6,4
-2,-1,-2,-2,2,0,-1/25,1/25,True,True,6,4
-2,-1,-2,-2,2,3,-7/100,7/100,True,True,6,4
-2,-1,-2,-2,3,-2,-19/14,3/14,True,False,86,46
-2,-1,-2,-2,3,0,-1/2,1/2,True,False,86,46
-2,-1,-2,-2,3,3,-1/14,25/14,True,False,86,46
-2,-1,-2,-2,4,-2,-1/2,1/2,True,False,30,16
-2,-1,-2,-2,4,0,-1/2,1/2,True,False,30,16
-2,-1,-2,-2,4,3,-1/2,1/2,True,False,30,16
-2,-1,-2,-1,0,-2,-3/4,3/8,True,False,14,8
-2,-1,-2,-1,0,0,-3/8,3/8,True,False,14,8
-2,-1,-2,-1,0,3,-1,1,True,False,14,8
-2,-1,-2,-1,1,-2,-5/8,5/8,True,False,58,32
-2,-1,-2,-1,1,0,-3/8,3/8,True,False,58,32
-2,-1,-2,-1,1,3,-3/4,3/4,True,False,58,32
-2,-1,-2,-1,2,-2,-1/100,1/100,True,True,6,4
-2,-1,-2,-1,2,0,-3/100,3/100,True,True,6,4
-2,-1,-2,-1,2,3,-3/50,3/50,True,True,6,4
-2,-1,-2,-1,3,-2,-69/56,5/56,True,False,86,46
-2,-1,-2,-1,3,0,-3/8,3/8,True,False,86,46
-2,-1,-2,-1,3,3,3/56,93/56,True,False,86,46
-2,-1,-2,-1,4,-2,-3/8,3/8,True,False,30,16
-2,-1,-2,-1,4,0,-3/8,3/8,True,False,30,16
-2,-1,-2,-1,4,3,-3/8,3/8,True,False,30,16
-2,-1,-2,0,0,-2,-1/2,1/2,True,True,14,8
-2,-1,-2,0,0,0,-1/4,1/4,True,False,14,8
-2,-1,-2,0,0,3,-3/4,3/4,True,True,14,8
-2,-1,-2,0,1,-2,-1/2,1/2,True,False,58,32
-2,-1,-2,0,1,0,-1/4,1/4,True,False,58,32
-2,-1,-2,0,1,3,-5/8,5/8,True,False,58,32
-2,-1,-2,0,2,-2,0,0,True,True,6,4
-2,-1,-2,0,2,0,-1/50,1/50,True,True,6,4
-2,-1,-2,0,2,3,-1/20,1/20,True,True,6,4
-2,-1,-2,0,3,-2,-31/28,-1/28,True,False,86,46
-2,-1,-2,0,3,0,-1/4,1/4,True,False,86,46
-2,-1,-2,0,3,3,5/28,43/28,True,False,86,46
-2,-1,-2,0,4,-2,-1/4,1/4,True,False,30,16
-2,-1,-2,0,4,0,-1/4,1/4,True,False,30,16
-2,-1,-2,0,4,3,-1/4,1/4,True,False,30,16
-2,-1,-2,1,0,-2,-3/4,3/4,False,True,14,8
-2,-1,-2,1,0,0,-3/8,3/8,True,False,14,8
-2,-1,-2,1,0,3,-1/2,1,True,True,14,8
-2,-1,-2,1,1,-2,-5/8,5/8,True,False,58,32
-2,-1,-2,1,1,0,-3/8,3/8,True,False,58,32
-2,-1,-2,1,1,3,-3/4,3/4,True,False,58,32
-2,-1,-2,1,2,-2,-1/100,1/100,True,True,6,4
-2,-1,-2,1,2,0,-1/100,1/100,True,True,6,4
-2,-1,-2,1,2,3,-1/25,1/25,True,True,6,4
-2,-1,-2,1,3,-2,-69/56,5/56,True,False,86,46
-2,-1,-2,1,3,0,-3/8,3/8,True,False,86,46
-2,-1,-2,1,3,3,3/56,93/56,True,False,86,46
-2,-1,-2,1,4,-2,-3/8,3/8,True,False,30,16
-2,-1,-2,1,4,0,-3/8,3/8,True,False,30,16
-2,-1,-2,1,4,3,-3/8,3/8,True,False,30,16
-2,-1,-2,2,0,-2,-1,1,False,True,14,8
-2,-1,-2,2,0,0,-1/2,1/2,True,True,14,8
-2,-1,-2,2,0,3,-3/8,5/4,True,True,14,8
-2,-1,-2,2,1,-2,-3/4,3/4,True,True,58,32
-2,-1,-2,2,1,0,-1/2,1/2,True,True,58,32
-2,-1,-2,2,1,3,-7/8,7/8,True,True,58,32
-2,-1,-2,2,2,-2,-1/50,1/50,True,True,6,4
-2,-1,-2,2,2,0,0,0,True,True,6,4
-2,-1,-2,2,2,3,-3/100,3/100,True,True,6,4
-2,-1,-2,2,3,-2,-19/14,3/14,True,True,86,46
-2,-1,-2,2,3,0,-1/2,1/2,True,True,86,46
-2,-1,-2,2,3,3,-1/14,25/14,True,True,86,46
-2,-1,-2,2,4,-2,-1/2,1/2,True,True,30,16
-2,-1,-2,2,4,0,-1/2,1/2,True,True,30,16
-2,-1,-2,2,4,3,-1/2,1/2,True,True,30,16
-2,-1,-1,-2,0,-2,-1,1/8,True,False,14,8
-2,-1,-1,-2,0,0,-1/2,1/2,True,False,14,8
-2,-1,-1,-2,0,3,-5/4,5/4,True,False,14,8
-2,-1,-1,-2,1,-2,-3/4,3/4,True,False,58,32
-2,-1,-1,-2,1,0,-1/2,1/2,True,False,58,32
-2,-1,-1,-2,1,3,-7/8,7/8,True,False,58,32
-2,-1,-1,-2,2,-2,-1/100,1/100,True,True,6,4
-2,-1,-1,-2,2,0,-3/100,3/100,True,True,6,4
-2,-1,-1,-2,2,3,-3/50,3/50,True,True,6,4
-2,-1,-1,-2,3,-2,-19/14,3/14,True,False,86,46
-2,-1,-1,-2,3,0,-1/2,1/2,True,False,86,46
-2,-1,-1,-2,3,3,-1/14,25/14,True,False,86,46
-2,-1,-1,-2,4,-2,-1/2,1/2,True,False,30,16
-2,-1,-1,-2,4,0,-1/2,1/2,True,False,30,16
-2,-1,-1,-2,4,3,-1/2,1/2,True,False,30,16
-2,-1,-1,-1,0,-2,-3/4,1/4,True,True,14,8
-2,-1,-1,-1,0,0,-1/4,1/4,True,False,14,8
-2,-1,-1,-1,0,3,-1,1,True,False,14,8
-2,-1,-1,-1,1,-2,-1/2,1/2,True,False,58,32
-2,-1,-1,-1,1,0,-1/4,1/4,True,False,58,32
-2,-1,-1,-1,1,3,-5/8,5/8,True,False,58,32
-2,-1,-1,-1,2,-2,0,0,True,True,6,4
-2,-1,-1,-1,2,0,-1/50,1/50,True,True,6,4
-2,-1,-1,-1,2,3,-1/20,1/20,True,True,6,4
-2,-1,-1,-1,3,-2,-31/28,-1/28,True,False,86,46
-2,-1,-1,-1,3,0,-1/4,1/4,True,False,86,46
-2,-1,-1,-1,3,3,5/28,43/28,True,False,86,46
-2,-1,-1,-1,4,-2,-1/4,1/4,True,False,30,16
-2,-1,-1,-1,4,0,-1/4,1/4,True,False,30,16
-2,-1,-1,-1,4,3,-1/4,1/4,True,False,30,16
-2,-1,-1,0,0,-2,-1/2,1/2,True,True,14,8
-2,-1,-1,0,0,0,-1/8,1/8,True,False,14,8
-2,-1,-1,0,0,3,-3/4,3/4,True,True,14,8
-2,-1,-1,0,1,-2,-3/8,3/8,True,False,58,32
-2,-1,-1,0,1,0,-1/8,1/8,True,False,58,32
-2,-1,-1,0,1,3,-1/2,1/2,True,False,58,32
-2,-1,-1,0,2,-2,-1/100,1/100,True,True,6,4
-2,-1,-1,0,2,0,-1/100,1/100,True,True,6,4
-2,-1,-1,0,2,3,-1/25,1/25,True,True,6,4
-2,-1,-1,0,3,-2,-55/56,-9/56,True,False,86,46
-2,-1,-1,0,3,0,-1/8,1/8,True,False,86,46
-2,-1,-1,0,3,3,17/56,79/56,True,False,86,46
-2,-1,-1,0,4,-2,-1/8,1/8,True,False,30,16
-2,-1,-1,0,4,0,-1/8,1/8,True,False,30,16
-2,-1,-1,0,4,3,-1/8,1/8,True,False,30,16
-2,-1,-1,1,0,-2,-3/4,3/4,False,True,14,8
-2,-1,-1,1,0,0,-1/4,1/4,True,True,14,8
-2,-1,-1,1,0,3,-1/2,1,True,True,14,8
-2,-1,-1,1,1,-2,-1/2,1/2,True,True,58,32
-2,-1,-1,1,1,0,-1/4,1/4,True,True,58,32
-2,-1,-1,1,1,3,-5/8,5/8,True,True,58,32
-2,-1,-1,1,2,-2,-1/50,1/50,True,True,6,4
-2,-1,-1,1,2,0,0,0,True,True,6,4
-2,-1,-1,1,2,3,-3/100,3/100,True,True,6,4
-2,-1,-1,1,3,-2,-31/28,-1/28,True,True,86,46
-2,-1,-1,1,3,0,-1/4,1/4,True,True,86,46
-2,-1,-1,1,3,3,5/28,43/28,True,True,86,46
-2,-1,-1,1,4,-2,-1/4,1/4,True,True,30,16
-2,-1,-1,1,4,0,-1/4,1/4,True,True,30,16
-2,-1,-1,1,4,3,-1/4,1/4,True,True,30,16
-2,-1,-1,2,0,-2,-1,1,False,True,14,8
-2,-1,-1,2,0,0,-1/2,1/2,False,True,14,8
-2,-1,-1,2,0,3,-1/4,5/4,True,True,14,8
-2,-1,-1,2,1,-2,-3/4,3/4,False,True,58,32
-2,-1,-1,2,1,0,-1/2,1/2,False,True,58,32
-2,-1,-1,2,1,3,-7/8,7/8,False,True,58,32
-2,-1,-1,2,2,-2,-3/100,3/100,True,True,6,4
-2,-1,-1,2,2,0,-1/100,1/100,True,True,6,4
-2,-1,-1,2,2,3,-1/50,1/50,True,True,6,4
-2,-1,-1,2,3,-2,-19/14,3/14,False,True,86,46
-2,-1,-1,2,3,0,-1/2,1/2,False,True,86,46
-2,-1,-1,2,3,3,-1/14,25/14,False,True,86,46
-2,-1,-1,2,4,-2,-1/2,1/2,False,True,30,16
-2,-1,-1,2,4,0,-1/2,1/2,False,True,30,16
-2,-1,-1,2,4,3,-1/2,1/2,False,True,30,16
-2,-1,0,-2,0,-2,-1,0,True,True,14,8
-2,-1,0,-2,0,0,-1/2,1/2,True,False,14,8
-2,-1,0,-2,0,3,-5/4,5/4,True,False,14,8
-2,-1,0,-2,1,-2,-3/4,3/4,True,False,58,32
-2,-1,0,-2,1,0,-1/2,1/2,True,False,58,32
-2,-1,0,-2,1,3,-7/8,7/8,True,False,58,32
-2,-1,0,-2,2,-2,0,0,True,True,6,4
-2,-1,0,-2,2,0,-1/50,1/50,True,True,6,4
-2,-1,0,-2,2,3,-1/20,1/20,True,True,6,4
-2,-1,0,-2,3,-2,-19/14,3/14,True,False,86,46
-2,-1,0,-2,3,0,-1/2,1/2,True,False,86,46
-2,-1,0,-2,3,3,-1/14,25/14,True,False,86,46
-2,-1,0,-2,4,-2,-1/2,1/2,True,False,30,16
-2,-1,0,-2,4,0,-1/2,1/2,True,False,30,16
-2,-1,0,-2,4,3,-1/2,1/2,True,False,30,16
-2,-1,0,-1,0,-2,-3/4,1/4,True,True,14,8
-2,-1,0,-1,0,0,-1/4,1/4,True,False,14,8
-2,-1,0,-1,0,3,-1,1,True,False,14,8
-2,-1,0,-1,1,-2,-1/2,1/2,True,False,58,32
-2,-1,0,-1,1,0,-1/4,1/4,True,False,58,32
-2,-1,0,-1,1,3,-5/8,5/8,True,False,58,32
-2,-1,0,-1,2,-2,-1/100,1/100,True,True,6,4
-2,-1,0,-1,2,0,-1/100,1/100,True,True,6,4
-2,-1,0,-1,2,3,-1/25,1/25,True,True,6,4
-2,-1,0,-1,3,-2,-31/28,-1/28,True,False,86,46
-2,-1,0,-1,3,0,-1/4,1/4,True,False,86,46
-2,-1,0,-1,3,3,5/28,43/28,True,False,86,46
-2,-1,0,-1,4,-2,-1/4,1/4,True,False,30,16
-2,-1,0,-1,4,0,-1/4,1/4,True,False,30,16
-2,-1,0,-1,4,3,-1/4,1/4,True,False,30,16
-2,-1,0,0,0,-2,-1/2,1/2,True,True,14,8
-2,-1,0,0,0,0,0,0,True,True,14,8
-2,-1,0,0,0,3,-3/4,3/4,True,True,14,8
-2,-1,0,0,1,-2,-1/4,1/4,True,True,58,32
-2,-1,0,0,1,0,0,0,True,True,58,32
-2,-1,0,0,1,3,-3/8,3/8,True,True,58,32
-2,-1,0,0,2,-2,-1/50,1/50,True,True,6,4
-2,-1,0,0,2,0,0,0,True,True,6,4
-2,-1,0,0,2,3,-3/100,3/100,True,True,6,4
-2,-1,0,0,3,-2,-6/7,-2/7,True,True,86,46
-2,-1,0,0,3,0,0,0,True,True,86,46
-2,-1,0,0,3,3,3/7,9/7,True,True,86,46
-2,-1,0,0,4,-2,0,0,True,True,30,16
-2,-1,0,0,4,0,0,0,True,True,30,16
-2,-1,0,0,4,3,0,0,True,True,30,16
-2,-1,0,1,0,-2,-3/4,3/4,False,True,14,8
-2,-1,0,1,0,0,-1/4,1/4,False,True,14,8
-2,-1,0,1,0,3,-1/2,1,True,True,14,8
-2,-1,0,1,1,-2,-1/2,1/2,False,True,58,32
-2,-1,0,1,1,0,-1/4,1/4,False,True,58,32
-2,-1,0,1,1,3,-5/8,5/8,False,True,58,32
-2,-1,0,1,2,-2,-3/100,3/100,True,True,6,4
-2,-1,0,1,2,0,-1/100,1/100,True,True,6,4
-2,-1,0,1,2,3,-1/50,1/50,True,True,6,4
-2,-1,0,1,3,-2,-31/28,-1/28,False,True,86,46
-2,-1,0,1,3,0,-1/4,1/4,False,True,86,46
-2,-1,0,1,3,3,5/28,43/28,False,True,86,46
-2,-1,0,1,4,-2,-1/4,1/4,False,True,30,16
-2,-1,0,1,4,0,-1/4,1/4,False,True,30,16
-2,-1,0,1,4,3,-1/4,1/4,False,True,30,16
-2,-1,0,2,0,-2,-1,1,False,True,14,8
-2,-1,0,2,0,0,-1/2,1/2,False,True,14,8
-2,-1,0,2,0,3,-1/4,5/4,True,True,14,8
-2,-1,0,2,1,-2,-3/4,3/4,False,True,58,32
-2,-1,0,2,1,0,-1/2,1/2,False,True,58,32
-2,-1,0,2,1,3,-7/8,7/8,False,True,58,32
-2,-1,0,2,2,-2,-1/25,1/25,True,True,6,4
-2,-1,0,2,2,0,-1/50,1/50,True,True,6,4
-2,-1,0,2,2,3,-1/100,1/100,True,True,6,4
-2,-1,0,2,3,-2,-19/14,3/14,False,True,86,46
-2,-1,0,2,3,0,-1/2,1/2,False,True,86,46
-2,-1,0,2,3,3,-1/14,25/14,False,True,86,46
-2,-1,0,2,4,-2,-1/2,1/2,False,True,30,16
-2,-1,0,2,4,0,-1/2,1/2,False,True,30,16
-2,-1,0,2,4,3,-1/2,1/2,False,True,30,16
-2,-1,1,-2,0,-2,-1,1/8,True,True,14,8
-2,-1,1,-2,0,0,-1/2,1/2,True,False,14,8
-2,-1,1,-2,0,3,-5/4,5/4,True,False,14,8
-2,-1,1,-2,1,-2,-3/4,3/4,True,False,58,32
-2,-1,1,-2,1,0,-1/2,1/2,True,False,58,32
-2,-1,1,-2,1,3,-7/8,7/8,True,False,58,32
-2,-1,1,-2,2,-2,-1/100,1/100,True,True,6,4
-2,-1,1,-2,2,0,-1/100,1/100,True,True,6,4
-2,-1,1,-2,2,3,-1/25,1/25,True,True,6,4
-2,-1,1,-2,3,-2,-19/14,3/14,True,False,86,46
-2,-1,1,-2,3,0,-1/2,1/2,True,False,86,46
-2,-1,1,-2,3,3,-1/14,25/14,True,False,86,46
-2,-1,1,-2,4,-2,-1/2,1/2,True,False,30,16
-2,-1,1,-2,4,0,-1/2,1/2,True,False,30,16
-2,-1,1,-2,4,3,-1/2,1/2,True,False,30,16
-2,-1,1,-1,0,-2,-3/4,1/4,True,True,14,8
-2,-1,1,-1,0,0,-1/4,1/4,True,True,14,8
-2,-1,1,-1,0,3,-1,1,True,False,14,8
-2,-1,1,-1,1,-2,-1/2,1/2,True,True,58,32
-2,-1,1,-1,1,0,-1/4,1/4,True,True,58,32
-2,-1,1,-1,1,3,-5/8,5/8,True,True,58,32
-2,-1,1,-1,2,-2,-1/50,1/50,True,True,6,4
-2,-1,1,-1,2,0,0,0,True,True,6,4
-2,-1,1,-1,2,3,-3/100,3/100,True,True,6,4
-2,-1,1,-1,3,-2,-31/28,-1/28,True,True,86,46
-2,-1,1,-1,3,0,-1/4,1/4,True,True,86,46
-2,-1,1,-1,3,3,5/28,43/28,True,True,86,46
-2,-1,1,-1,4,-2,-1/4,1/4,True,True,30,16
-2,-1,1,-1,4,0,-1/4,1/4,True,True,30,16
-2,-1,1,-1,4,3,-1/4,1/4,True,True,30,16
-2,-1,1,0,0,-2,-1/2,1/2,True,True,14,8
-2,-1,1,0,0,0,-1/8,1/8,False,True,14,8
-2,-1,1,0,0,3,-3/4,3/4,True,True,14,8
-2,-1,1,0,1,-2,-3/8,3/8,False,True,58,32
-2,-1,1,0,1,0,-1/8,1/8,False,True,58,32
-2,-1,1,0,1,3,-1/2,1/2,False,True,58,32
-2,-1,1,0,2,-2,-3/100,3/100,True,True,6,4
-2,-1,1,0,2,0,-1/100,1/100,True,True,6,4
-2,-1,1,0,2,3,-1/50,1/50,True,True,6,4
-2,-1,1,0,3,-2,-55/56,-9/56,False,True,86,46
-2,-1,1,0,3,0,-1/8,1/8,False,True,86,46
-2,-1,1,0,3,3,17/56,79/56,False,True,86,46
-2,-1,1,0,4,-2,-1/8,1/8,False,True,30,16
-2,-1,1,0,4,0,-1/8,1/8,False,True,30,16
-2,-1,1,0,4,3,-1/8,1/8,False,True,30,16
-2,-1,1,1,0,-2,-3/4,3/4,False,True,14,8
-2,-1,1,1,0,0,-1/4,1/4,False,True,14,8
-2,-1,1,1,0,3,-1/2,1,True,True,14,8
-2,-1,1,1,1,-2,-1/2,1/2,False,True,58,32
-2,-1,1,1,1,0,-1/4,1/4,False,True,58,32
-2,-1,1,1,1,3,-5/8,5/8,False,True,58,32
-2,-1,1,1,2,-2,-1/25,1/25,True,True,6,4
-2,-1,1,1,2,0,-1/50,1/50,True,True,6,4
-2,-1,1,1,2,3,-1/100,1/100,True,True,6,4
-2,-1,1,1,3,-2,-31/28,-1/28,False,True,86,46
-2,-1,1,1,3,0,-1/4,1/4,False,True,86,46
-2,-1,1,1,3,3,5/28,43/28,False,True,86,46
-2,-1,1,1,4,-2,-1/4,1/4,False,True,30,16
-2,-1,1,1,4,0,-1/4,1/4,False,True,30,16
-2,-1,1,1,4,3,-1/4,1/4,False,True,30,16
-2,-1,1,2,0,-2,-1,1,False,True,14,8
-2,-1,1,2,0,0,-1/2,1/2,False,True,14,8
-2,-1,1,2,0,3,-1/4,5/4,True,True,14,8
-2,-1,1,2,1,-2,-3/4,3/4,False,True,58,32
-2,-1,1,2,1,0,-1/2,1/2,False,True,58,32
-2,-1,1,2,1,3,-7/8,7/8,False,True,58,32
-2,-1,1,2,2,-2,-1/20,1/20,True,True,6,4
-2,-1,1,2,2,0,-3/100,3/100,True,True,6,4
-2,-1,1,2,2,3,0,0,True,True,6,4
-2,-1,1,2,3,-2,-19/14,3/14,False,True,86,46
-2,-1,1,2,3,0,-1/2,1/2,False,True,86,46
-2,-1,1,2,3,3,-1/14,25/14,False,True,86,46
-2,-1,1,2,4,-2,-1/2,1/2,False,True,30,16
-2,-1,1,2,4,0,-1/2,1/2,False,True,30,16
-2,-1,1,2,4,3,-1/2,1/2,False,True,30,16
-2,-1,2,-2,0,-2,-1,1/4,True,True,14,8
-2,-1,2,-2,0,0,-1/2,1/2,True,True,14,8
-2,-1,2,-2,0,3,-5/4,5/4,True,False,14,8
-2,-1,2,-2,1,-2,-3/4,3/4,True,True,58,32
-2,-1,2,-2,1,0,-1/2,1/2,True,True,58,32
-2,-1,2,-2,1,3,-7/8,7/8,True,True,58,32
-2,-1,2,-2,2,-2,-1/50,1/50,True,True,6,4
-2,-1,2,-2,2,0,0,0,True,True,6,4
-2,-1,2,-2,2,3,-3/100,3/100,True,True,6,4
-2,-1,2,-2,3,-2,-19/14,3/14,True,True,86,46
-2,-1,2,-2,3,0,-1/2,1/2,True,True,86,46
-2,-1,2,-2,3,3,-1/14,25/14,True,True,86,46
-2,-1,2,-2,4,-2,-1/2,1/2,True,True,30,16
-2,-1,2,-2,4,0,-1/2,1/2,True,True,30,16
-2,-1,2,-2,4,3,-1/2,1/2,True,True,30,16
-2,-1,2,-1,0,-2,-3/4,3/8,True,True,14,8
-2,-1,2,-1,0,0,-3/8,3/8,False,True,14,8
-2,-1,2,-1,0,3,-1,1,True,False,14,8
-2,-1,2,-1,1,-2,-5/8,5/8,False,True,58,32
-2,-1,2,-1,1,0,-3/8,3/8,False,True,58,32
-2,-1,2,-1,1,3,-3/4,3/4,False,True,58,32
-2,-1,2,-1,2,-2,-3/100,3/100,True,True,6,4
-2,-1,2,-1,2,0,-1/100,1/100,True,True,6,4
-2,-1,2,-1,2,3,-1/50,1/50,True,True,6,4
-2,-1,2,-1,3,-2,-69/56,5/56,False,True,86,46
-2,-1,2,-1,3,0,-3/8,3/8,False,True,86,46
-2,-1,2,-1,3,3,3/56,93/56,False,True,86,46
-2,-1,2,-1,4,-2,-3/8,3/8,False,True,30,16
-2,-1,2,-1,4,0,-3/8,3/8,False,True,30,16
-2,-1,2,-1,4,3,-3/8,3/8,False,True,30,16
-2,-1,2,0,0,-2,-1/2,1/2,True,True,14,8
-2,-1,2,0,0,0,-1/4,1/4,False,True,14,8
-2,-1,2,0,0,3,-3/4,3/4,True,True,14,8
-2,-1,2,0,1,-2,-1/2,1/2,False,True,58,32
-2,-1,2,0,1,0,-1/4,1/4,False,True,58,32
-2,-1,2,0,1,3,-5/8,5/8,False,True,58,32
-2,-1,2,0,2,-2,-1/25,1/25,True,True,6,4
-2,-1,2,0,2,0,-1/50,1/50,True,True,6,4
-2,-1,2,0,2,3,-1/100,1/100,True,True,6,4
-2,-1,2,0,3,-2,-31/28,-1/28,False,True,86,46
-2,-1,2,0,3,0,-1/4,1/4,False,True,86,46
-2,-1,2,0,3,3,5/28,43/28,False,True,86,46
-2,-1,2,0,4,-2,-1/4,1/4,False,True,30,16
-2,-1,2,0,4,0,-1/4,1/4,False,True,30,16
-2,-1,2,0,4,3,-1/4,1/4,False,True,30,16
-2,-1,2,1,0,-2,-3/4,3/4,False,True,14,8
-2,-1,2,1,0,0,-3/8,3/8,False,True,14,8
-2,-1,2,1,0,3,-1/2,1,True,True,14,8
-2,-1,2,1,1,-2,-5/8,5/8,False,True,58,32
-2,-1,2,1,1,0,-3/8,3/8,False,True,58,32
-2,-1,2,1,1,3,-3/4,3/4,False,True,58,32
-2,-1,2,1,2,-2,-1/20,1/20,True,True,6,4
-2,-1,2,1,2,0,-3/100,3/100,True,True,6,4
-2,-1,2,1,2,3,0,0,True,True,6,4
-2,-1,2,1,3,-2,-69/56,5/56,False,True,86,46
-2,-1,2,1,3,0,-3/8,3/8,False,True,86,46
-2,-1,2,1,3,3,3/56,93/56,False,True,86,46
-2,-1,2,1,4,-2,-3/8,3/8,False,True,30,16
-2,-1,2,1,4,0,-3/8,3/8,False,True,30,16
-2,-1,2,1,4,3,-3/8,3/8,False,True,30,16
-2,-1,2,2,0,-2,-1,1,False,True,14,8
-2,-1,2,2,0,0,-1/2,1/2,False,True,14,8
-2,-1,2,2,0,3,-3/8,5/4,False,True,14,8
-2,-1,2,2,1,-2,-3/4,3/4,False,True,58,32
-2,-1,2,2,1,0,-1/2,1/2,False,True,58,32
-2,-1,2,2,1,3,-7/8,7/8,False,True,58,32
-2,-1,2,2,2,-2,-3/50,3/50,True,True,6,4
-2,-1,2,2,2,0,-1/25,1/25,True,True,6,4
-2,-1,2,2,2,3,-1/100,1/100,True,True,6,4
-2,-1,2,2,3,-2,-19/14,3/14,False,True,86,46
-2,-1,2,2,3,0,-1/2,1/2,False,True,86,46
-2,-1,2,2,3,3,-1/14,25/14,False,True,86,46
-2,-1,2,2,4,-2,-1/2,1/2,False,True,30,16
-2,-1,2,2,4,0,-1/2,1/2,False,True,30,16
-2,-1,2,2,4,3,-1/2,1/2,False,True,30,16
-2,0,-2,-2,0,-2,-1/4,1/4,True,False,14,8
-2,0,-2,-2,0,0,-1/2,1/2,True,True,14,8
-2,0,-2,-2,0,3,-5/4,5/4,True,True,14,8
-2,0,-2,-2,1,-2,-5/4,5/4,True,False,50,28
-2,0,-2,-2,1,0,-1,1,True,False,50,28
-2,0,-2,-2,1,3,-11/8,11/8,True,False,50,28
-2,0,-2,-2,2,-2,-1,1,True,False,10,6
-2,0,-2,-2,2,0,-1,1,True,False,10,6
-2,0,-2,-2,2,3,-1,1,True,False,10,6
-2,0,-2,-2,3,-2,-13/7,5/7,True,False,70,38
-2,0,-2,-2,3,0,-1,1,True,False,70,38
-2,0,-2,-2,3,3,-4/7,16/7,True,False,70,38
-2,0,-2,-2,4,-2,-1,1,True,False,22,12
-2,0,-2,-2,4,0,-1,1,True,False,22,12
-2,0,-2,-2,4,3,-1,1,True,False,22,12
-2,0,-2,-1,0,-2,-3/8,3/8,True,False,14,8
-2,0,-2,-1,0,0,-3/8,3/8,True,False,14,8
-2,0,-2,-1,0,3,-1,1,True,True,14,8
-2,0,-2,-1,1,-2,-7/8,7/8,True,False,50,28
-2,0,-2,-1,1,0,-5/8,5/8,True,False,50,28
-2,0,-2,-1,1,3,-1,1,True,False,50,28
-2,0,-2,-1,2,-2,-1/2,1/2,True,False,10,6
-2,0,-2,-1,2,0,-1/2,1/2,True,False,10,6
-2,0,-2,-1,2,3,-1/2,1/2,True,False,10,6
-2,0,-2,-1,3,-2,-83/56,19/56,True,False,70,38
-2,0,-2,-1,3,0,-5/8,5/8,True,False,70,38
-2,0,-2,-1,3,3,-11/56,107/56,True,False,70,38
-2,0,-2,-1,4,-2,-5/8,5/8,True,False,22,12
-2,0,-2,-1,4,0,-5/8,5/8,True,False,22,12
-2,0,-2,-1,4,3,-5/8,5/8,True,False,22,12
-2,0,-2,0,0,-2,-1/2,1/2,True,True,14,8
-2,0,-2,0,0,0,-1/4,1/4,True,False,14,8
-2,0,-2,0,0,3,-3/4,3/4,True,True,14,8
-2,0,-2,0,1,-2,-1/2,1/2,True,False,50,28
-2,0,-2,0,1,0,-1/4,1/4,True,False,50,28
-2,0,-2,0,1,3,-5/8,5/8,True,False,50,28
-2,0,-2,0,2,-2,0,0,True,True,10,6
-2,0,-2,0,2,0,-1/50,1/50,True,True,10,6
-2,0,-2,0,2,3,-1/20,1/20,True,True,10,6
-2,0,-2,0,3,-2,-31/28,-1/28,True,False,70,38
-2,0,-2,0,3,0,-1/4,1/4,True,False,70,38
-2,0,-2,0,3,3,5/28,43/28,True,False,70,38
-2,0,-2,0,4,-2,-1/4,1/4,True,False,22,12
-2,0,-2,0,4,0,-1/4,1/4,True,False,22,12
-2,0,-2,0,4,3,-1/4,1/4,True,False,22,12
-2,0,-2,1,0,-2,-3/4,3/4,True,True,14,8
-2,0,-2,1,0,0,-3/8,3/8,True,False,14,8
-2,0,-2,1,0,3,-1/2,1/2,True,True,14,8
-2,0,-2,1,1,-2,-7/8,7/8,True,False,50,28
-2,0,-2,1,1,0,-5/8,5/8,True,False,50,28
-2,0,-2,1,1,3,-1,1,True,False,50,28
-2,0,-2,1,2,-2,-1/2,1/2,False,True,10,6
-2,0,-2,1,2,0,-51/100,51/100,True,True,10,6
-2,0,-2,1,2,3,-27/50,27/50,True,True,10,6
-2,0,-2,1,3,-2,-83/56,19/56,True,False,70,38
-2,0,-2,1,3,0,-5/8,5/8,True,False,70,38
-2,0,-2,1,3,3,-11/56,107/56,True,False,70,38
-2,0,-2,1,4,-2,-5/8,5/8,True,False,22,12
-2,0,-2,1,4,0,-5/8,5/8,True,False,22,12
-2,0,-2,1,4,3,-5/8,5/8,True,False,22,12
-2,0,-2,2,0,-2,-1,1,True,True,14,8
-2,0,-2,2,0,0,-1/2,1/2,True,True,14,8
-2,0,-2,2,0,3,-3/8,3/8,True,False,14,8
-2,0,-2,2,1,-2,-5/4,5/4,True,True,50,28
-2,0,-2,2,1,0,-1,1,True,True,50,28
-2,0,-2,2,1,3,-11/8,11/8,True,True,50,28
-2,0,-2,2,2,-2,-1,1,False,True,10,6
-2,0,-2,2,2,0,-1,1,True,True,10,6
-2,0,-2,2,2,3,-103/100,103/100,True,True,10,6
-2,0,-2,2,3,-2,-13/7,5/7,True,True,70,38
-2,0,-2,2,3,0,-1,1,True,True,70,38
-2,0,-2,2,3,3,-4/7,16/7,True,True,70,38
-2,0,-2,2,4,-2,-1,1,True,True,22,12
-2,0,-2,2,4,0,-1,1,True,True,22,12
-2,0,-2,2,4,3,-1,1,True,True,22,12
-2,0,-1,-2,0,-2,-1/8,1/8,True,False,14,8
-2,0,-1,-2,0,0,-1/2,1/2,True,True,14,8
-2,0,-1,-2,0,3,-5/4,5/4,True,True,14,8
-2,0,-1,-2,1,-2,-5/4,5/4,True,False,50,28
-2,0,-1,-2,1,0,-1,1,True,False,50,28
-2,0,-1,-2,1,3,-11/8,11/8,True,False,50,28
-2,0,-1,-2,2,-2,-1,1,True,False,10,6
-2,0,-1,-2,2,0,-1,1,True,False,10,6
-2,0,-1,-2,2,3,-1,1,True,False,10,6
-2,0,-1,-2,3,-2,-13/7,5/7,True,False,70,38
-2,0,-1,-2,3,0,-1,1,True,False,70,38
-2,0,-1,-2,3,3,-4/7,16/7,True,False,70,38
-2,0,-1,-2,4,-2,-1,1,True,False,22,12
-2,0,-1,-2,4,0,-1,1,True,False,22,12
-2,0,-1,-2,4,3,-1,1,True,False,22,12
-2,0,-1,-1,0,-2,-1/4,1/4,True,True,14,8
-2,0,-1,-1,0,0,-1/4,1/4,True,True,14,8
-2,0,-1,-1,0,3,-1,1,True,True,14,8
-2,0,-1,-1,1,-2,-3/4,3/4,True,False,50,28
-2,0,-1,-1,1,0,-1/2,1/2,True,False,50,28
-2,0,-1,-1,1,3,-7/8,7/8,True,False,50,28
-2,0,-1,-1,2,-2,-1/2,1/2,True,True,10,6
-2,0,-1,-1,2,0,-1/2,1/2,True,False,10,6
-2,0,-1,-1,2,3,-1/2,1/2,True,False,10,6
-2,0,-1,-1,3,-2,-19/14,3/14,True,False,70,38
-2,0,-1,-1,3,0,-1/2,1/2,True,False,70,38
-2,0,-1,-1,3,3,-1/14,25/14,True,False,70,38
-2,0,-1,-1,4,-2,-1/2,1/2,True,False,22,12
-2,0,-1,-1,4,0,-1/2,1/2,True,False,22,12
-2,0,-1,-1,4,3,-1/2,1/2,True,False,22,12
-2,0,-1,0,0,-2,-1/2,1/2,True,True,14,8
-2,0,-1,0,0,0,-1/8,1/8,True,False,14,8
-2,0,-1,0,0,3,-3/4,3/4,True,True,14,8
-2,0,-1,0,1,-2,-3/8,3/8,True,False,50,28
-2,0,-1,0,1,0,-1/8,1/8,True,False,50,28
-2,0,-1,0,1,3,-1/2,1/2,True,False,50,28
-2,0,-1,0,2,-2,-1/100,1/100,True,True,10,6
-2,0,-1,0,2,0,-1/100,1/100,True,True,10,6
-2,0,-1,0,2,3,-1/25,1/25,True,True,10,6
-2,0,-1,0,3,-2,-55/56,-9/56,True,False,70,38
-2,0,-1,0,3,0,-1/8,1/8,True,False,70,38
-2,0,-1,0,3,3,17/56,79/56,True,False,70,38
-2,0,-1,0,4,-2,-1/8,1/8,True,False,22,12
-2,0,-1,0,4,0,-1/8,1/8,True,False,22,12
-2,0,-1,0,4,3,-1/8,1/8,True,False,22,12
-2,0,-1,1,0,-2,-3/4,3/4,True,True,14,8
-2,0,-1,1,0,0,-1/4,1/4,True,True,14,8
-2,0,-1,1,0,3,-1/2,1/2,True,True,14,8
-2,0,-1,1,1,-2,-3/4,3/4,True,True,50,28
-2,0,-1,1,1,0,-1/2,1/2,True,True,50,28
-2,0,-1,1,1,3,-7/8,7/8,True,True,50,28
-2,0,-1,1,2,-2,-1/2,1/2,False,True,10,6
-2,0,-1,1,2,0,-1/2,1/2,True,True,10,6
-2,0,-1,1,2,3,-53/100,53/100,True,True,10,6
-2,0,-1,1,3,-2,-19/14,3/14,True,True,70,38
-2,0,-1,1,3,0,-1/2,1/2,True,True,70,38
-2,0,-1,1,3,3,-1/14,25/14,True,True,70,38
-2,0,-1,1,4,-2,-1/2,1/2,True,True,22,12
-2,0,-1,1,4,0,-1/2,1/2,True,True,22,12
-2,0,-1,1,4,3,-1/2,1/2,True,True,22,12
-2,0,-1,2,0,-2,-1,1,True,True,14,8
-2,0,-1,2,0,0,-1/2,1/2,True,True,14,8
-2,0,-1,2,0,3,-1/4,1/4,True,True,14,8
-2,0,-1,2,1,-2,-5/4,5/4,False,True,50,28
-2,0,-1,2,1,0,-1,1,False,True,50,28
-2,0,-1,2,1,3,-11/8,11/8,False,True,50,28
-2,0,-1,2,2,-2,-1,1,False,True,10,6
-2,0,-1,2,2,0,-1,1,False,True,10,6
-2,0,-1,2,2,3,-51/50,51/50,True,True,10,6
-2,0,-1,2,3,-2,-13/7,5/7,False,True,70,38
-2,0,-1,2,3,0,-1,1,False,True,70,38
-2,0,-1,2,3,3,-4/7,16/7,False,True,70,38
-2,0,-1,2,4,-2,-1,1,False,True,22,12
-2,0,-1,2,4,0,-1,1,False,True,22,12
-2,0,-1,2,4,3,-1,1,False,True,22,12
-2,0,0,-2,0,-2,0,0,True,True,14,8
-2,0,0,-2,0,0,-1/2,1/2,True,True,14,8
-2,0,0,-2,0,3,-5/4,5/4,True,True,14,8
-2,0,0,-2,1,-2,-5/4,5/4,True,False,50,28
-2,0,0,-2,1,0,-1,1,True,False,50,28
-2,0,0,-2,1,3,-11/8,11/8,True,False,50,28
-2,0,0,-2,2,-2,-1,1,True,True,10,6
-2,0,0,-2,2,0,-1,1,True,False,10,6
-2,0,0,-2,2,3,-1,1,True,False,10,6
-2,0,0,-2,3,-2,-13/7,5/7,True,False,70,38
-2,0,0,-2,3,0,-1,1,True,False,70,38
-2,0,0,-2,3,3,-4/7,16/7,True,False,70,38
-2,0,0,-2,4,-2,-1,1,True,False,22,12
-2,0,0,-2,4,0,-1,1,True,False,22,12
-2,0,0,-2,4,3,-1,1,True,False,22,12
-2,0,0,-1,0,-2,-1/4,1/4,True,True,14,8
-2,0,0,-1,0,0,-1/4,1/4,True,True,14,8
-2,0,0,-1,0,3,-1,1,True,True,14,8
-2,0,0,-1,1,-2,-3/4,3/4,True,False,50,28
-2,0,0,-1,1,0,-1/2,1/2,True,False,50,28
-2,0,0,-1,1,3,-7/8,7/8,True,False,50,28
-2,0,0,-1,2,-2,-51/100,51/100,True,True,10,6
-2,0,0,-1,2,0,-1/2,1/2,True,False,10,6
-2,0,0,-1,2,3,-1/2,1/2,True,False,10,6
-2,0,0,-1,3,-2,-19/14,3/14,True,False,70,38
-2,0,0,-1,3,0,-1/2,1/2,True,False,70,38
-2,0,0,-1,3,3,-1/14,25/14,True,False,70,38
-2,0,0,-1,4,-2,-1/2,1/2,True,False,22,12
-2,0,0,-1,4,0,-1/2,1/2,True,False,22,12
-2,0,0,-1,4,3,-1/2,1/2,True,False,22,12
-2,0,0,0,0,-2,-1/2,1/2,True,True,14,8
-2,0,0,0,0,0,0,0,True,True,14,8
-2,0,0,0,0,3,-3/4,3/4,True,True,14,8
-2,0,0,0,1,-2,-1/4,1/4,True,True,50,28
-2,0,0,0,1,0,0,0,True,True,50,28
-2,0,0,0,1,3,-3/8,3/8,True,True,50,28
-2,0,0,0,2,-2,-1/50,1/50,True,True,10,6
-2,0,0,0,2,0,0,0,True,True,10,6
-2,0,0,0,2,3,-3/100,3/100,True,True,10,6
-2,0,0,0,3,-2,-6/7,-2/7,True,True,70,38
-2,0,0,0,3,0,0,0,True,True,70,38
-2,0,0,0,3,3,3/7,9/7,True,True,70,38
-2,0,0,0,4,-2,0,0,True,True,22,12
-2,0,0,0,4,0,0,0,True,True,22,12
-2,0,0,0,4,3,0,0,True,True,22,12
-2,0,0,1,0,-2,-3/4,3/4,True,True,14,8
-2,0,0,1,0,0,-1/4,1/4,True,True,14,8
-2,0,0,1,0,3,-1/2,1/2,True,True,14,8
-2,0,0,1,1,-2,-3/4,3/4,False,True,50,28
-2,0,0,1,1,0,-1/2,1/2,False,True,50,28
-2,0,0,1,1,3,-7/8,7/8,False,True,50,28
-2,0,0,1,2,-2,-1/2,1/2,False,True,10,6
-2,0,0,1,2,0,-1/2,1/2,False,True,10,6
-2,0,0,1,2,3,-13/25,13/25,True,True,10,6
-2,0,0,1,3,-2,-19/14,3/14,False,True,70,38
-2,0,0,1,3,0,-1/2,1/2,False,True,70,38
-2,0,0,1,3,3,-1/14,25/14,False,True,70,38
-2,0,0,1,4,-2,-1/2,1/2,False,True,22,12
-2,0,0,1,4,0,-1/2,1/2,False,True,22,12
-2,0,0,1,4,3,-1/2,1/2,False,True,22,12
-2,0,0,2,0,-2,-1,1,True,True,14,8
-2,0,0,2,0,0,-1/2,1/2,True,True,14,8
-2,0,0,2,0,3,-1/4,1/4,True,True,14,8
-2,0,0,2,1,-2,-5/4,5/4,False,True,50,28
-2,0,0,2,1,0,-1,1,False,True,50,28
-2,0,0,2,1,3,-11/8,11/8,False,True,50,28
-2,0,0,2,2,-2,-1,1,False,True,10,6
-2,0,0,2,2,0,-1,1,False,True,10,6
-2,0,0,2,2,3,-101/100,101/100,True,True,10,6
-2,0,0,2,3,-2,-13/7,5/7,False,True,70,38
-2,0,0,2,3,0,-1,1,False,True,70,38
-2,0,0,2,3,3,-4/7,16/7,False,True,70,38
-2,0,0,2,4,-2,-1,1,False,True,22,12
-2,0,0,2,4,0,-1,1,False,True,22,12
-2,0,0,2,4,3,-1,1,False,True,22,12
-2,0,1,-2,0,-2,-1/8,1/8,False,True,14,8
-2,0,1,-2,0,0,-1/2,1/2,True,True,14,8
-2,0,1,-2,0,3,-5/4,5/4,True,True,14,8
-2,0,1,-2,1,-2,-5/4,5/4,True,False,50,28
-2,0,1,-2,1,0,-1,1,True,False,50,28
-2,0,1,-2,1,3,-11/8,11/8,True,False,50,28
-2,0,1,-2,2,-2,-101/100,101/100,True,True,10,6
-2,0,1,-2,2,0,-1,1,True,False,10,6
-2,0,1,-2,2,3,-1,1,True,False,10,6
-2,0,1,-2,3,-2,-13/7,5/7,True,False,70,38
-2,0,1,-2,3,0,-1,1,True,False,70,38
-2,0,1,-2,3,3,-4/7,16/7,True,False,70,38
-2,0,1,-2,4,-2,-1,1,True,False,22,12
-2,0,1,-2,4,0,-1,1,True,False,22,12
-2,0,1,-2,4,3,-1,1,True,False,22,12
-2,0,1,-1,0,-2,-1/4,1/4,True,True,14,8
-2,0,1,-1,0,0,-1/4,1/4,True,True,14,8
-2,0,1,-1,0,3,-1,1,True,True,14,8
-2,0,1,-1,1,-2,-3/4,3/4,True,True,50,28
-2,0,1,-1,1,0,-1/2,1/2,True,True,50,28
-2,0,1,-1,1,3,-7/8,7/8,True,True,50,28
-2,0,1,-1,2,-2,-13/25,13/25,True,True,10,6
-2,0,1,-1,2,0,-1/2,1/2,True,True,10,6
-2,0,1,-1,2,3,-1/2,1/2,True,False,10,6
-2,0,1,-1,3,-2,-19/14,3/14,True,True,70,38
-2,0,1,-1,3,0,-1/2,1/2,True,True,70,38
-2,0,1,-1,3,3,-1/14,25/14,True,True,70,38
-2,0,1,-1,4,-2,-1/2,1/2,True,True,22,12
-2,0,1,-1,4,0,-1/2,1/2,True,True,22,12
-2,0,1,-1,4,3,-1/2,1/2,True,True,22,12
-2,0,1,0,0,-2,-1/2,1/2,True,True,14,8
-2,0,1,0,0,0,-1/8,1/8,False,True,14,8
-2,0,1,0,0,3,-3/4,3/4,True,True,14,8
-2,0,1,0,1,-2,-3/8,3/8,False,True,50,28
-2,0,1,0,1,0,-1/8,1/8,False,True,50,28
-2,0,1,0,1,3,-1/2,1/2,False,True,50,28
-2,0,1,0,2,-2,-3/100,3/100,True,True,10,6
-2,0,1,0,2,0,-1/100,1/100,True,True,10,6
-2,0,1,0,2,3,-1/50,1/50,True,True,10,6
-2,0,1,0,3,-2,-55/56,-9/56,False,True,70,38
-2,0,1,0,3,0,-1/8,1/8,False,True,70,38
-2,0,1,0,3,3,17/56,79/56,False,True,70,38
-2,0,1,0,4,-2,-1/8,1/8,False,True,22,12
-2,0,1,0,4,0,-1/8,1/8,False,True,22,12
-2,0,1,0,4,3,-1/8,1/8,False,True,22,12
-2,0,1,1,0,-2,-3/4,3/4,True,True,14,8
-2,0,1,1,0,0,-1/4,1/4,True,True,14,8
-2,0,1,1,0,3,-1/2,1/2,True,True,14,8
-2,0,1,1,1,-2,-3/4,3/4,False,True,50,28
-2,0,1,1,1,0,-1/2,1/2,False,True,50,28
-2,0,1,1,1,3,-7/8,7/8,False,True,50,28
-2,0,1,1,2,-2,-1/2,1/2,False,True,10,6
-2,0,1,1,2,0,-1/2,1/2,False,True,10,6
-2,0,1,1,2,3,-51/100,51/100,True,True,10,6
-2,0,1,1,3,-2,-19/14,3/14,False,True,70,38
-2,0,1,1,3,0,-1/2,1/2,False,True,70,38
-2,0,1,1,3,3,-1/14,25/14,False,True,70,38
-2,0,1,1,4,-2,-1/2,1/2,False,True,22,12
-2,0,1,1,4,0,-1/2,1/2,False,True,22,12
-2,0,1,1,4,3,-1/2,1/2,False,True,22,12
-2,0,1,2,0,-2,-1,1,True,True,14,8
-2,0,1,2,0,0,-1/2,1/2,True,True,14,8
-2,0,1,2,0,3,-1/4,1/4,True,True,14,8
-2,0,1,2,1,-2,-5/4,5/4,False,True,50,28
-2,0,1,2,1,0,-1,1,False,True,50,28
-2,0,1,2,1,3,-11/8,11/8,False,True,50,28
-2,0,1,2,2,-2,-1,1,False,True,10,6
-2,0,1,2,2,0,-1,1,False,True,10,6
-2,0,1,2,2,3,-1,1,True,True,10,6
-2,0,1,2,3,-2,-13/7,5/7,False,True,70,38
-2,0,1,2,3,0,-1,1,False,True,70,38
-2,0,1,2,3,3,-4/7,16/7,False,True,70,38
-2,0,1,2,4,-2,-1,1,False,True,22,12
-2,0,1,2,4,0,-1,1,False,True,22,12
-2,0,1,2,4,3,-1,1,False,True,22,12
-2,0,2,-2,0,-2,-1/4,1/4,False,True,14,8
-2,0,2,-2,0,0,-1/2,1/2,True,True,14,8
-2,0,2,-2,0,3,-5/4,5/4,True,True,14,8
-2,0,2,-2,1,-2,-5/4,5/4,True,True,50,28
-2,0,2,-2,1,0,-1,1,True,True,50,28
-2,0,2,-2,1,3,-11/8,11/8,True,True,50,28
-2,0,2,-2,2,-2,-51/50,51/50,True,True,10,6
-2,0,2,-2,2,0,-1,1,True,True,10,6
-2,0,2,-2,2,3,-1,1,True,False,10,6
-2,0,2,-2,3,-2,-13/7,5/7,True,True,70,38
-2,0,2,-2,3,0,-1,1,True,True,70,38
-2,0,2,-2,3,3,-4/7,16/7,True,True,70,38
-2,0,2,-2,4,-2,-1,1,True,True,22,12
-2,0,2,-2,4,0,-1,1,True,True,22,12
-2,0,2,-2,4,3,-1,1,True,True,22,12
-2,0,2,-1,0,-2,-3/8,3/8,False,True,14,8
-2,0,2,-1,0,0,-3/8,3/8,False,True,14,8
-2,0,2,-1,0,3,-1,1,True,True,14,8
-2,0,2,-1,1,-2,-7/8,7/8,False,True,50,28
-2,0,2,-1,1,0,-5/8,5/8,False,True,50,28
-2,0,2,-1,1,3,-1,1,False,True,50,28
-2,0,2,-1,2,-2,-53/100,53/100,True,True,10,6
-2,0,2,-1,2,0,-51/100,51/100,True,True,10,6
-2,0,2,-1,2,3,-1/2,1/2,True,False,10,6
-2,0,2,-1,3,-2,-83/56,19/56,False,True,70,38
-2,0,2,-1,3,0,-5/8,5/8,False,True,70,38
-2,0,2,-1,3,3,-11/56,107/56,False,True,70,38
-2,0,2,-1,4,-2,-5/8,5/8,False,True,22,12
-2,0,2,-1,4,0,-5/8,5/8,False,True,22,12
-2,0,2,-1,4,3,-5/8,5/8,False,True,22,12
-2,0,2,0,0,-2,-1/2,1/2,True,True,14,8
-2,0,2,0,0,0,-1/4,1/4,False,True,14,8
-2,0,2,0,0,3,-3/4,3/4,True,True,14,8
-2,0,2,0,1,-2,-1/2,1/2,False,True,50,28
-2,0,2,0,1,0,-1/4,1/4,False,True,50,28
-2,0,2,0,1,3,-5/8,5/8,False,True,50,28
-2,0,2,0,2,-2,-1/25,1/25,True,True,10,6
-2,0,2,0,2,0,-1/50,1/50,True,True,10,6
-2,0,2,0,2,3,-1/100,1/100,True,True,10,6
-2,0,2,0,3,-2,-31/28,-1/28,False,True,70,38
-2,0,2,0,3,0,-1/4,1/4,False,True,70,38
-2,0,2,0,3,3,5/28,43/28,False,True,70,38
-2,0,2,0,4,-2,-1/4,1/4,False,True,22,12
-2,0,2,0,4,0,-1/4,1/4,False,True,22,12
-2,0,2,0,4,3,-1/4,1/4,False,True,22,12
-2,0,2,1,0,-2,-3/4,3/4,True,True,14,8
-2,0,2,1,0,0,-3/8,3/8,False,True,14,8
-2,0,2,1,0,3,-1/2,1/2,True,True,14,8
-2,0,2,1,1,-2,-7/8,7/8,False,True,50,28
-2,0,2,1,1,0,-5/8,5/8,False,True,50,28
-2,0,2,1,1,3,-1,1,False,True,50,28
-2,0,2,1,2,-2,-1/2,1/2,False,True,10,6
-2,0,2,1,2,0,-1/2,1/2,False,True,10,6
-2,0,2,1,2,3,-1/2,1/2,True,True,10,6
-2,0,2,1,3,-2,-83/56,19/56,False,True,70,38
-2,0,2,1,3,0,-5/8,5/8,False,True,70,38
-2,0,2,1,3,3,-11/56,107/56,False,True,70,38
-2,0,2,1,4,-2,-5/8,5/8,False,True,22,12
-2,0,2,1,4,0,-5/8,5/8,False,True,22,12
-2,0,2,1,4,3,-5/8,5/8,False,True,22,12
-2,0,2,2,0,-2,-1,1,True,True,14,8
-2,0,2,2,0,0,-1/2,1/2,True,True,14,8
-2,0,2,2,0,3,-3/8,3/8,False,True,14,8
-2,0,2,2,1,-2,-5/4,5/4,False,True,50,28
-2,0,2,2,1,0,-1,1,False,True,50,28
-2,0,2,2,1,3,-11/8,11/8,False,True,50,28
-2,0,2,2,2,-2,-1,1,False,True,10,6
-2,0,2,2,2,0,-1,1,False,True,10,6
-2,0,2,2,2,3,-1,1,False,True,10,6
-2,0,2,2,3,-2,-13/7,5/7,False,True,70,38
-2,0,2,2,3,0,-1,1,False,True,70,38
-2,0,2,2,3,3,-4/7,16/7,False,True,70,38
-2,0,2,2,4,-2,-1,1,False,True,22,12
-2,0,2,2,4,0,-1,1,False,True,22,12
-2,0,2,2,4,3,-1,1,False,True,22,12
-2,1,-2,-2,0,-2,-1/4,1/4,True,False,14,8
-2,1,-2,-2,0,0,-1/2,1/2,True,True,14,8
-2,1,-2,-2,0,3,-5/4,5/4,True,True,14,8
-2,1,-2,-2,1,-2,-9/4,9/4,True,False,50,28
-2,1,-2,-2,1,0,-2,2,True,False,50,28
-2,1,-2,-2,1,3,-19/8,19/8,True,False,50,28
-2,1,-2,-2,2,-2,49/50,51/50,True,True,6,4
-2,1,-2,-2,2,0,24/25,26/25,True,True,6,4
-2,1,-2,-2,2,3,93/100,107/100,True,True,6,4
-2,1,-2,-2,3,-2,-20/7,12/7,True,False,66,36
-2,1,-2,-2,3,0,-2,2,True,False,66,36
-2,1,-2,-2,3,3,-11/7,23/7,True,False,66,36
-2,1,-2,-2,4,-2,-1,1,True,True,22,12
-2,1,-2,-2,4,0,-1,1,True,True,22,12
-2,1,-2,-2,4,3,-1,1,True,True,22,12
-2,1,-2,-1,0,-2,-3/8,3/8,True,False,14,8
-2,1,-2,-1,0,0,-3/8,3/8,True,False,14,8
-2,1,-2,-1,0,3,-1,1,True,True,14,8
-2,1,-2,-1,1,-2,-11/8,11/8,True,False,50,28
-2,1,-2,-1,1,0,-9/8,9/8,True,False,50,28
-2,1,-2,-1,1,3,-3/2,3/2,True,False,50,28
-2,1,-2,-1,2,-2,49/100,51/100,True,True,6,4
-2,1,-2,-1,2,0,47/100,53/100,True,True,6,4
-2,1,-2,-1,2,3,11/25,14/25,True,True,6,4
-2,1,-2,-1,3,-2,-111/56,47/56,True,False,66,36
-2,1,-2,-1,3,0,-9/8,9/8,True,False,66,36
-2,1,-2,-1,3,3,-39/56,135/56,True,False,66,36
-2,1,-2,-1,4,-2,-5/8,5/8,True,False,22,12
-2,1,-2,-1,4,0,-5/8,5/8,True,False,22,12
-2,1,-2,-1,4,3,-5/8,5/8,True,False,22,12
-2,1,-2,0,0,-2,-1/2,1/2,True,True,14,8
-2,1,-2,0,0,0,-1/4,1/4,True,False,14,8
-2,1,-2,0,0,3,-3/4,3/4,True,True,14,8
-2,1,-2,0,1,-2,-1/2,1/2,True,False,50,28
-2,1,-2,0,1,0,-1/4,1/4,True,False,50,28
-2,1,-2,0,1,3,-5/8,5/8,True,False,50,28
-2,1,-2,0,2,-2,0,0,True,True,6,4
-2,1,-2,0,2,0,-1/50,1/50,True,True,6,4
-2,1,-2,0,2,3,-1/20,1/20,True,True,6,4
-2,1,-2,0,3,-2,-31/28,-1/28,True,False,66,36
-2,1,-2,0,3,0,-1/4,1/4,True,False,66,36
-2,1,-2,0,3,3,5/28,43/28,True,False,66,36
-2,1,-2,0,4,-2,-1/4,1/4,True,False,22,12
-2,1,-2,0,4,0,-1/4,1/4,True,False,22,12
-2,1,-2,0,4,3,-1/4,1/4,True,False,22,12
-2,1,-2,1,0,-2,-3/4,3/4,True,True,14,8
-2,1,-2,1,0,0,-3/8,3/8,True,False,14,8
-2,1,-2,1,0,3,-1/2,1/2,True,True,14,8
-2,1,-2,1,1,-2,-11/8,11/8,True,False,50,28
-2,1,-2,1,1,0,-9/8,9/8,True,False,50,28
-2,1,-2,1,1,3,-3/2,3/2,True,False,50,28
-2,1,-2,1,2,-2,-51/100,-49/100,True,True,6,4
-2,1,-2,1,2,0,-51/100,-49/100,True,True,6,4
-2,1,-2,1,2,3,-27/50,-23/50,True,True,6,4
-2,1,-2,1,3,-2,-111/56,47/56,True,False,66,36
-2,1,-2,1,3,0,-9/8,9/8,True,False,66,36
-2,1,-2,1,3,3,-39/56,135/56,True,False,66,36
-2,1,-2,1,4,-2,-5/8,5/8,True,False,22,12
-2,1,-2,1,4,0,-5/8,5/8,True,False,22,12
-2,1,-2,1,4,3,-5/8,5/8,True,False,22,12
-2,1,-2,2,0,-2,-1,1,True,True,14,8
-2,1,-2,2,0,0,-1/2,1/2,True,True,14,8
-2,1,-2,2,0,3,-3/8,3/8,True,False,14,8
-2,1,-2,2,1,-2,-9/4,9/4,True,True,50,28
-2,1,-2,2,1,0,-2,2,True,True,50,28
-2,1,-2,2,1,3,-19/8,19/8,True,True,50,28
-2,1,-2,2,2,-2,-51/50,-49/50,True,True,6,4
-2,1,-2,2,2,0,-1,-1,True,True,6,4
-2,1,-2,2,2,3,-103/100,-97/100,True,True,6,4
-2,1,-2,2,3,-2,-20/7,12/7,True,True,66,36
-2,1,-2,2,3,0,-2,2,True,True,66,36
-2,1,-2,2,3,3,-11/7,23/7,True,True,66,36
-2,1,-2,2,4,-2,-1,1,True,True,22,12
-2,1,-2,2,4,0,-1,1,True,True,22,12
-2,1,-2,2,4,3,-1,1,True,True,22,12
-2,1,-1,-2,0,-2,-1/8,1/8,True,False,14,8
-2,1,-1,-2,0,0,-1/2,1/2,True,True,14,8
-2,1,-1,-2,0,3,-5/4,5/4,True,True,14,8
-2,1,-1,-2,1,-2,-9/4,9/4,True,False,50,28
-2,1,-1,-2,1,0,-2,2,True,False,50,28
-2,1,-1,-2,1,3,-19/8,19/8,True,False,50,28
-2,1,-1,-2,2,-2,99/100,101/100,True,True,6,4
-2,1,-1,-2,2,0,97/100,103/100,True,True,6,4
-2,1,-1,-2,2,3,47/50,53/50,True,True,6,4
-2,1,-1,-2,3,-2,-20/7,12/7,True,False,66,36
-2,1,-1,-2,3,0,-2,2,True,False,66,36
-2,1,-1,-2,3,3,-11/7,23/7,True,False,66,36
-2,1,-1,-2,4,-2,-1,1,True,True,22,12
-2,1,-1,-2,4,0,-1,1,True,True,22,12
-2,1,-1,-2,4,3,-1,1,True,True,22,12
-2,1,-1,-1,0,-2,-1/4,1/4,True,True,14,8
-2,1,-1,-1,0,0,-1/4,1/4,True,True,14,8
-2,1,-1,-1,0,3,-1,1,True,True,14,8
-2,1,-1,-1,1,-2,-5/4,5/4,True,False,50,28
-2,1,-1,-1,1,0,-1,1,True,False,50,28
-2,1,-1,-1,1,3,-11/8,11/8,True,False,50,28
-2,1,-1,-1,2,-2,1/2,1/2,True,True,6,4
-2,1,-1,-1,2,0,12/25,13/25,True,True,6,4
-2,1,-1,-1,2,3,9/20,11/20,True,True,6,4
-2,1,-1,-1,3,-2,-13/7,5/7,True,False,66,36
-2,1,-1,-1,3,0,-1,1,True,False,66,36
-2,1,-1,-1,3,3,-4/7,16/7,True,False,66,36
-2,1,-1,-1,4,-2,-1/2,1/2,True,True,22,12
-2,1,-1,-1,4,0,-1/2,1/2,True,True,22,12
-2,1,-1,-1,4,3,-1/2,1/2,True,True,22,12
-2,1,-1,0,0,-2,-1/2,1/2,True,True,14,8
-2,1,-1,0,0,0,-1/8,1/8,True,False,14,8
-2,1,-1,0,0,3,-3/4,3/4,True,True,14,8
-2,1,-1,0,1,-2,-3/8,3/8,True,False,50,28
-2,1,-1,0,1,0,-1/8,1/8,True,False,50,28
-2,1,-1,0,1,3,-1/2,1/2,True,False,50,28
-2,1,-1,0,2,-2,-1/100,1/100,True,True,6,4
-2,1,-1,0,2,0,-1/100,1/100,True,True,6,4
-2,1,-1,0,2,3,-1/25,1/25,True,True,6,4
-2,1,-1,0,3,-2,-55/56,-9/56,True,False,66,36
-2,1,-1,0,3,0,-1/8,1/8,True,False,66,36
-2,1,-1,0,3,3,17/56,79/56,True,False,66,36
-2,1,-1,0,4,-2,-1/8,1/8,True,False,22,12
-2,1,-1,0,4,0,-1/8,1/8,True,False,22,12
-2,1,-1,0,4,3,-1/8,1/8,True,False,22,12
-2,1,-1,1,0,-2,-3/4,3/4,True,True,14,8
-2,1,-1,1,0,0,-1/4,1/4,True,True,14,8
-2,1,-1,1,0,3,-1/2,1/2,True,True,14,8
-2,1,-1,1,1,-2,-5/4,5/4,True,True,50,28
-2,1,-1,1,1,0,-1,1,True,True,50,28
-2,1,-1,1,1,3,-11/8,11/8,True,True,50,28
-2,1,-1,1,2,-2,-13/25,-12/25,True,True,6,4
-2,1,-1,1,2,0,-1/2,-1/2,True,True,6,4
-2,1,-1,1,2,3,-53/100,-47/100,True,True,6,4
-2,1,-1,1,3,-2,-13/7,5/7,True,True,66,36
-2,1,-1,1,3,0,-1,1,True,True,66,36
-2,1,-1,1,3,3,-4/7,16/7,True,True,66,36
-2,1,-1,1,4,-2,-1/2,1/2,True,True,22,12
-2,1,-1,1,4,0,-1/2,1/2,True,True,22,12
-2,1,-1,1,4,3,-1/2,1/2,True,True,22,12
-2,1,-1,2,0,-2,-1,1,True,True,14,8
-2,1,-1,2,0,0,-1/2,1/2,True,True,14,8
-2,1,-1,2,0,3,-1/4,1/4,True,True,14,8
-2,1,-1,2,1,-2,-9/4,9/4,False,True,50,28
-2,1,-1,2,1,0,-2,2,False,True,50,28
-2,1,-1,2,1,3,-19/8,19/8,False,True,50,28
-2,1,-1,2,2,-2,-103/100,-97/100,True,True,6,4
-2,1,-1,2,2,0,-101/100,-99/100,True,True,6,4
-2,1,-1,2,2,3,-51/50,-49/50,True,True,6,4
-2,1,-1,2,3,-2,-20/7,12/7,False,True,66,36
-2,1,-1,2,3,0,-2,2,False,True,66,36
-2,1,-1,2,3,3,-11/7,23/7,False,True,66,36
-2,1,-1,2,4,-2,-1,1,True,True,22,12
-2,1,-1,2,4,0,-1,1,True,True,22,12
-2,1,-1,2,4,3,-1,1,True,True,22,12
-2,1,0,-2,0,-2,0,0,True,True,14,8
-2,1,0,-2,0,0,-1/2,1/2,True,True,14,8
-2,1,0,-2,0,3,-5/4,5/4,True,True,14,8
-2,1,0,-2,1,-2,-9/4,9/4,True,False,50,28
-2,1,0,-2,1,0,-2,2,True,False,50,28
-2,1,0,-2,1,3,-19/8,19/8,True,False,50,28
-2,1,0,-2,2,-2,1,1,True,True,6,4
-2,1,0,-2,2,0,49/50,51/50,True,True,6,4
-2,1,0,-2,2,3,19/20,21/20,True,True,6,4
-2,1,0,-2,3,-2,-20/7,12/7,True,False,66,36
-2,1,0,-2,3,0,-2,2,True,False,66,36
-2,1,0,-2,3,3,-11/7,23/7,True,False,66,36
-2,1,0,-2,4,-2,-1,1,True,True,22,12
-2,1,0,-2,4,0,-1,1,True,True,22,12
-2,1,0,-2,4,3,-1,1,True,True,22,12
-2,1,0,-1,0,-2,-1/4,1/4,True,True,14,8
-2,1,0,-1,0,0,-1/4,1/4,True,True,14,8
-2,1,0,-1,0,3,-1,1,True,True,14,8
-2,1,0,-1,1,-2,-5/4,5/4,True,False,50,28
-2,1,0,-1,1,0,-1,1,True,False,50,28
-2,1,0,-1,1,3,-11/8,11/8,True,False,50,28
-2,1,0,-1,2,-2,49/100,51/100,True,True,6,4
-2,1,0,-1,2,0,49/100,51/100,True,True,6,4
-2,1,0,-1,2,3,23/50,27/50,True,True,6,4
-2,1,0,-1,3,-2,-13/7,5/7,True,False,66,36
-2,1,0,-1,3,0,-1,1,True,False,66,36
-2,1,0,-1,3,3,-4/7,16/7,True,False,66,36
-2,1,0,-1,4,-2,-1/2,1/2,True,True,22,12
-2,1,0,-1,4,0,-1/2,1/2,True,True,22,12
-2,1,0,-1,4,3,-1/2,1/2,True,True,22,12
-2,1,0,0,0,-2,-1/2,1/2,True,True,14,8
-2,1,0,0,0,0,0,0,True,True,14,8
-2,1,0,0,0,3,-3/4,3/4,True,True,14,8
-2,1,0,0,1,-2,-1/4,1/4,True,True,50,28
-2,1,0,0,1,0,0,0,True,True,50,28
-2,1,0,0,1,3,-3/8,3/8,True,True,50,28
-2,1,0,0,2,-2,-1/50,1/50,True,True,6,4
-2,1,0,0,2,0,0,0,True,True,6,4
-2,1,0,0,2,3,-3/100,3/100,True,True,6,4
-2,1,0,0,3,-2,-6/7,-2/7,True,True,66,36
-2,1,0,0,3,0,0,0,True,True,66,36
-2,1,0,0,3,3,3/7,9/7,True,True,66,36
-2,1,0,0,4,-2,0,0,True,True,22,12
-2,1,0,0,4,0,0,0,True,True,22,12
-2,1,0,0,4,3,0,0,True,True,22,12
-2,1,0,1,0,-2,-3/4,3/4,True,True,14,8
-2,1,0,1,0,0,-1/4,1/4,True,True,14,8
-2,1,0,1,0,3,-1/2,1/2,True,True,14,8
-2,1,0,1,1,-2,-5/4,5/4,False,True,50,28
-2,1,0,1,1,0,-1,1,False,True,50,28
-2,1,0,1,1,3,-11/8,11/8,False,True,50,28
-2,1,0,1,2,-2,-53/100,-47/100,True,True,6,4
-2,1,0,1,2,0,-51/100,-49/100,True,True,6,4
-2,1,0,1,2,3,-13/25,-12/25,True,True,6,4
-2,1,0,1,3,-2,-13/7,5/7,False,True,66,36
-2,1,0,1,3,0,-1,1,False,True,66,36
-2,1,0,1,3,3,-4/7,16/7,False,True,66,36
-2,1,0,1,4,-2,-1/2,1/2,True,True,22,12
-2,1,0,1,4,0,-1/2,1/2,True,True,22,12
-2,1,0,1,4,3,-1/2,1/2,True,True,22,12
-2,1,0,2,0,-2,-1,1,True,True,14,8
-2,1,0,2,0,0,-1/2,1/2,True,True,14,8
-2,1,0,2,0,3,-1/4,1/4,True,True,14,8
-2,1,0,2,1,-2,-9/4,9/4,False,True,50,28
-2,1,0,2,1,0,-2,2,False,True,50,28
-2,1,0,2,1,3,-19/8,19/8,False,True,50,28
-2,1,0,2,2,-2,-26/25,-24/25,True,True,6,4
-2,1,0,2,2,0,-51/50,-49/50,True,True,6,4
-2,1,0,2,2,3,-101/100,-99/100,True,True,6,4
-2,1,0,2,3,-2,-20/7,12/7,False,True,66,36
-2,1,0,2,3,0,-2,2,False,True,66,36
-2,1,0,2,3,3,-11/7,23/7,False,True,66,36
-2,1,0,2,4,-2,-1,1,True,True,22,12
-2,1,0,2,4,0,-1,1,True,True,22,12
-2,1,0,2,4,3,-1,1,True,True,22,12
-2,1,1,-2,0,-2,-1/8,1/8,False,True,14,8
-2,1,1,-2,0,0,-1/2,1/2,True,True,14,8
-2,1,1,-2,0,3,-5/4,5/4,True,True,14,8
-2,1,1,-2,1,-2,-9/4,9/4,True,False,50,28
-2,1,1,-2,1,0,-2,2,True,False,50,28
-2,1,1,-2,1,3,-19/8,19/8,True,False,50,28
-2,1,1,-2,2,-2,99/100,101/100,True,True,6,4
-2,1,1,-2,2,0,99/100,101/100,True,True,6,4
-2,1,1,-2,2,3,24/25,26/25,True,True,6,4
-2,1,1,-2,3,-2,-20/7,12/7,True,False,66,36
-2,1,1,-2,3,0,-2,2,True,False,66,36
-2,1,1,-2,3,3,-11/7,23/7,True,False,66,36
-2,1,1,-2,4,-2,-1,1,True,True,22,12
-2,1,1,-2,4,0,-1,1,True,True,22,12
-2,1,1,-2,4,3,-1,1,True,True,22,12
-2,1,1,-1,0,-2,-1/4,1/4,True,True,14,8
-2,1,1,-1,0,0,-1/4,1/4,True,True,14,8
-2,1,1,-1,0,3,-1,1,True,True,14,8
-2,1,1,-1,1,-2,-5/4,5/4,True,True,50,28
-2,1,1,-1,1,0,-1,1,True,True,50,28
-2,1,1,-1,1,3,-11/8,11/8,True,True,50,28
-2,1,1,-1,2,-2,12/25,13/25,True,True,6,4
-2,1,1,-1,2,0,1/2,1/2,True,True,6,4
-2,1,1,-1,2,3,47/100,53/100,True,True,6,4
-2,1,1,-1,3,-2,-13/7,5/7,True,True,66,36
-2,1,1,-1,3,0,-1,1,True,True,66,36
-2,1,1,-1,3,3,-4/7,16/7,True,True,66,36
-2,1,1,-1,4,-2,-1/2,1/2,True,True,22,12
-2,1,1,-1,4,0,-1/2,1/2,True,True,22,12
-2,1,1,-1,4,3,-1/2,1/2,True,True,22,12
-2,1,1,0,0,-2,-1/2,1/2,True,True,14,8
-2,1,1,0,0,0,-1/8,1/8,False,True,14,8
-2,1,1,0,0,3,-3/4,3/4,True,True,14,8
-2,1,1,0,1,-2,-3/8,3/8,False,True,50,28
-2,1,1,0,1,0,-1/8,1/8,False,True,50,28
-2,1,1,0,1,3,-1/2,1/2,False,True,50,28
-2,1,1,0,2,-2,-3/100,3/100,True,True,6,4
-2,1,1,0,2,0,-1/100,1/100,True,True,6,4
-2,1,1,0,2,3,-1/50,1/50,True,True,6,4
-2,1,1,0,3,-2,-55/56,-9/56,False,True,66,36
-2,1,1,0,3,0,-1/8,1/8,False,True,66,36
-2,1,1,0,3,3,17/56,79/56,False,True,66,36
-2,1,1,0,4,-2,-1/8,1/8,False,True,22,12
-2,1,1,0,4,0,-1/8,1/8,False,True,22,12
-2,1,1,0,4,3,-1/8,1/8,False,True,22,12
-2,1,1,1,0,-2,-3/4,3/4,True,True,14,8
-2,1,1,1,0,0,-1/4,1/4,True,True,14,8
-2,1,1,1,0,3,-1/2,1/2,True,True,14,8
-2,1,1,1,1,-2,-5/4,5/4,False,True,50,28
-2,1,1,1,1,0,-1,1,False,True,50,28
-2,1,1,1,1,3,-11/8,11/8,False,True,50,28
-2,1,1,1,2,-2,-27/50,-23/50,True,True,6,4
-2,1,1,1,2,0,-13/25,-12/25,True,True,6,4
-2,1,1,1,2,3,-51/100,-49/100,True,True,6,4
-2,1,1,1,3,-2,-13/7,5/7,False,True,66,36
-2,1,1,1,3,0,-1,1,False,True,66,36
-2,1,1,1,3,3,-4/7,16/7,False,True,66,36
-2,1,1,1,4,-2,-1/2,1/2,True,True,22,12
-2,1,1,1,4,0,-1/2,1/2,True,True,22,12
-2,1,1,1,4,3,-1/2,1/2,True,True,22,12
-2,1,1,2,0,-2,-1,1,True,True,14,8
-2,1,1,2,0,0,-1/2,1/2,True,True,14,8
-2,1,1,2,0,3,-1/4,1/4,True,True,14,8
-2,1,1,2,1,-2,-9/4,9/4,False,True,50,28
-2,1,1,2,1,0,-2,2,False,True,50,28
-2,1,1,2,1,3,-19/8,19/8,False,True,50,28
-2,1,1,2,2,-2,-21/20,-19/20,True,True,6,4
-2,1,1,2,2,0,-103/100,-97/100,True,True,6,4
-2,1,1,2,2,3,-1,-1,True,True,6,4
-2,1,1,2,3,-2,-20/7,12/7,False,True,66,36
-2,1,1,2,3,0,-2,2,False,True,66,36
-2,1,1,2,3,3,-11/7,23/7,False,True,66,36
-2,1,1,2,4,-2,-1,1,True,True,22,12
-2,1,1,2,4,0,-1,1,True,True,22,12
-2,1,1,2,4,3,-1,1,True,True,22,12
-2,1,2,-2,0,-2,-1/4,1/4,False,True,14,8
-2,1,2,-2,0,0,-1/2,1/2,True,True,14,8
-2,1,2,-2,0,3,-5/4,5/4,True,True,14,8
-2,1,2,-2,1,-2,-9/4,9/4,True,True,50,28
-2,1,2,-2,1,0,-2,2,True,True,50,28
-2,1,2,-2,1,3,-19/8,19/8,True,True,50,28
-2,1,2,-2,2,-2,49/50,51/50,True,True,6,4
-2,1,2,-2,2,0,1,1,True,True,6,4
-2,1,2,-2,2,3,97/100,103/100,True,True,6,4
-2,1,2,-2,3,-2,-20/7,12/7,True,True,66,36
-2,1,2,-2,3,0,-2,2,True,True,66,36
-2,1,2,-2,3,3,-11/7,23/7,True,True,66,36
-2,1,2,-2,4,-2,-1,1,True,True,22,12
-2,1,2,-2,4,0,-1,1,True,True,22,12
-2,1,2,-2,4,3,-1,1,True,True,22,12
-2,1,2,-1,0,-2,-3/8,3/8,False,True,14,8
-2,1,2,-1,0,0,-3/8,3/8,False,True,14,8
-2,1,2,-1,0,3,-1,1,True,True,14,8
-2,1,2,-1,1,-2,-11/8,11/8,False,True,50,28
-2,1,2,-1,1,0,-9/8,9/8,False,True,50,28
-2,1,2,-1,1,3,-3/2,3/2,False,True,50,28
-2,1,2,-1,2,-2,47/100,53/100,True,True,6,4
-2,1,2,-1,2,0,49/100,51/100,True,True,6,4
-2,1,2,-1,2,3,12/25,13/25,True,True,6,4
-2,1,2,-1,3,-2,-111/56,47/56,False,True,66,36
-2,1,2,-1,3,0,-9/8,9/8,False,True,66,36
-2,1,2,-1,3,3,-39/56,135/56,False,True,66,36
-2,1,2,-1,4,-2,-5/8,5/8,False,True,22,12
-2,1,2,-1,4,0,-5/8,5/8,False,True,22,12
-2,1,2,-1,4,3,-5/8,5/8,False,True,22,12
-2,1,2,0,0,-2,-1/2,1/2,True,True,14,8
-2,1,2,0,0,0,-1/4,1/4,False,True,14,8
-2,1,2,0,0,3,-3/4,3/4,True,True,14,8
-2,1,2,0,1,-2,-1/2,1/2,False,True,50,28
-2,1,2,0,1,0,-1/4,1/4,False,True,50,28
-2,1,2,0,1,3,-5/8,5/8,False,True,50,28
-2,1,2,0,2,-2,-1/25,1/25,True,True,6,4
-2,1,2,0,2,0,-1/50,1/50,True,True,6,4
-2,1,2,0,2,3,-1/100,1/100,True,True,6,4
-2,1,2,0,3,-2,-31/28,-1/28,False,True,66,36
-2,1,2,0,3,0,-1/4,1/4,False,True,66,36
-2,1,2,0,3,3,5/28,43/28,False,True,66,36
-2,1,2,0,4,-2,-1/4,1/4,False,True,22,12
-2,1,2,0,4,0,-1/4,1/4,False,True,22,12
-2,1,2,0,4,3,-1/4,1/4,False,True,22,12
-2,1,2,1,0,-2,-3/4,3/4,True,True,14,8
-2,1,2,1,0,0,-3/8,3/8,False,True,14,8
-2,1,2,1,0,3,-1/2,1/2,True,True,14,8
-2,1,2,1,1,-2,-11/8,11/8,False,True,50,28
-2,1,2,1,1,0,-9/8,9/8,False,True,50,28
-2,1,2,1,1,3,-3/2,3/2,False,True,50,28
-2,1,2,1,2,-2,-11/20,-9/20,True,True,6,4
-2,1,2,1,2,0,-53/100,-47/100,True,True,6,4
-2,1,2,1,2,3,-1/2,-1/2,True,True,6,4
-2,1,2,1,3,-2,-111/56,47/56,False,True,66,36
-2,1,2,1,3,0,-9/8,9/8,False,True,66,36
-2,1,2,1,3,3,-39/56,135/56,False,True,66,36
-2,1,2,1,4,-2,-5/8,5/8,False,True,22,12
-2,1,2,1,4,0,-5/8,5/8,False,True,22,12
-2,1,2,1,4,3,-5/8,5/8,False,True,22,12
-2,1,2,2,0,-2,-1,1,True,True,14,8
-2,1,2,2,0,0,-1/2,1/2,True,True,14,8
-2,1,2,2,0,3,-3/8,3/8,False,True,14,8
-2,1,2,2,1,-2,-9/4,9/4,False,True,50,28
-2,1,2,2,1,0,-2,2,False,True,50,28
-2,1,2,2,1,3,-19/8,19/8,False,True,50,28
-2,1,2,2,2,-2,-53/50,-47/50,True,True,6,4
-2,1,2,2,2,0,-26/25,-24/25,True,True,6,4
-2,1,2,2,2,3,-101/100,-99/100,True,True,6,4
-2,1,2,2,3,-2,-20/7,12/7,False,True,66,36
-2,1,2,2,3,0,-2,2,False,True,66,36
-2,1,2,2,3,3,-11/7,23/7,False,True,66,36
-2,1,2,2,4,-2,-1,1,True,True,22,12
-2,1,2,2,4,0,-1,1,True,True,22,12
-2,1,2,2,4,3,-1,1,True,True,22,12
-1,0,-2,-2,0,-2,-1/2,1/2,True,False,6,4
-1,0,-2,-2,0,0,-1,1,True,False,6,4
-1,0,-2,-2,0,3,-7/4,7/4,True,False,6,4
-1,0,-2,-2,1,-2,-5/4,5/4,True,False,42,24
-1,0,-2,-2,1,0,-1,1,True,False,42,24
-1,0,-2,-2,1,3,-11/8,11/8,True,False,42,24
-1,0,-2,-2,2,-2,-1,1,True,False,10,6
-1,0,-2,-2,2,0,-1,1,True,False,10,6
-1,0,-2,-2,2,3,-1,1,True,False,10,6
-1,0,-2,-2,3,-2,-13/7,5/7,True,False,50,28
-1,0,-2,-2,3,0,-1,1,True,False,50,28
-1,0,-2,-2,3,3,-4/7,16/7,True,False,50,28
-1,0,-2,-2,4,-2,-1,1,True,False,14,8
-1,0,-2,-2,4,0,-1,1,True,False,14,8
-1,0,-2,-2,4,3,-1,1,True,False,14,8
-1,0,-2,-1,0,-2,-3/4,1/4,True,False,6,4
-1,0,-2,-1,0,0,-3/4,3/4,True,False,6,4
-1,0,-2,-1,0,3,-3/2,3/2,True,False,6,4
-1,0,-2,-1,1,-2,-1,1,True,False,42,24
-1,0,-2,-1,1,0,-3/4,3/4,True,False,42,24
-1,0,-2,-1,1,3,-9/8,9/8,True,False,42,24
-1,0,-2,-1,2,-2,-1/2,1/2,True,False,10,6
-1,0,-2,-1,2,0,-1/2,1/2,True,False,10,6
-1,0,-2,-1,2,3,-1/2,1/2,True,False,10,6
-1,0,-2,-1,3,-2,-45/28,13/28,True,False,50,28
-1,0,-2,-1,3,0,-3/4,3/4,True,False,50,28
-1,0,-2,-1,3,3,-9/28,57/28,True,False,50,28
-1,0,-2,-1,4,-2,-3/4,3/4,True,False,14,8
-1,0,-2,-1,4,0,-3/4,3/4,True,False,14,8
-1,0,-2,-1,4,3,-3/4,3/4,True,False,14,8
-1,0,-2,0,0,-2,-1,0,True,True,6,4
-1,0,-2,0,0,0,-1/2,1/2,True,False,6,4
-1,0,-2,0,0,3,-5/4,5/4,True,False,6,4
-1,0,-2,0,1,-2,-3/4,3/4,True,False,42,24
-1,0,-2,0,1,0,-1/2,1/2,True,False,42,24
-1,0,-2,0,1,3,-7/8,7/8,True,False,42,24
-1,0,-2,0,2,-2,0,0,True,True,10,6
-1,0,-2,0,2,0,-1/50,1/50,True,True,10,6
-1,0,-2,0,2,3,-1/20,1/20,True,True,10,6
-1,0,-2,0,3,-2,-19/14,3/14,True,False,50,28
-1,0,-2,0,3,0,-1/2,1/2,True,False,50,28
-1,0,-2,0,3,3,-1/14,25/14,True,False,50,28
-1,0,-2,0,4,-2,-1/2,1/2,True,False,14,8
-1,0,-2,0,4,0,-1/2,1/2,True,False,14,8
-1,0,-2,0,4,3,-1/2,1/2,True,False,14,8
-1,0,-2,1,0,-2,-5/4,1/4,True,True,6,4
-1,0,-2,1,0,0,-3/4,1/4,True,False,6,4
-1,0,-2,1,0,3,-1,1,True,False,6,4
-1,0,-2,1,1,-2,-1,1,True,False,42,24
-1,0,-2,1,1,0,-3/4,3/4,True,False,42,24
-1,0,-2,1,1,3,-9/8,9/8,True,False,42,24
-1,0,-2,1,2,-2,-1/2,1/2,False,True,10,6
-1,0,-2,1,2,0,-51/100,51/100,True,True,10,6
-1,0,-2,1,2,3,-27/50,27/50,True,True,10,6
-1,0,-2,1,3,-2,-45/28,13/28,True,False,50,28
-1,0,-2,1,3,0,-3/4,3/4,True,False,50,28
-1,0,-2,1,3,3,-9/28,57/28,True,False,50,28
-1,0,-2,1,4,-2,-3/4,3/4,True,False,14,8
-1,0,-2,1,4,0,-3/4,3/4,True,False,14,8
-1,0,-2,1,4,3,-3/4,3/4,True,False,14,8
-1,0,-2,2,0,-2,-3/2,1/2,True,True,6,4
-1,0,-2,2,0,0,-1,0,True,True,6,4
-1,0,-2,2,0,3,-3/4,3/4,True,False,6,4
-1,0,-2,2,1,-2,-5/4,5/4,True,True,42,24
-1,0,-2,2,1,0,-1,1,True,True,42,24
-1,0,-2,2,1,3,-11/8,11/8,True,True,42,24
-1,0,-2,2,2,-2,-1,1,False,True,10,6
-1,0,-2,2,2,0,-1,1,True,True,10,6
-1,0,-2,2,2,3,-103/100,103/100,True,True,10,6
-1,0,-2,2,3,-2,-13/7,5/7,True,True,50,28
-1,0,-2,2,3,0,-1,1,True,True,50,28
-1,0,-2,2,3,3,-4/7,16/7,True,True,50,28
-1,0,-2,2,4,-2,-1,1,True,True,14,8
-1,0,-2,2,4,0,-1,1,True,True,14,8
-1,0,-2,2,4,3,-1,1,True,True,14,8
-1,0,-1,-2,0,-2,-1/4,1/4,True,False,6,4
-1,0,-1,-2,0,0,-3/4,3/4,True,False,6,4
-1,0,-1,-2,0,3,-3/2,3/2,True,False,6,4
-1,0,-1,-2,1,-2,-5/4,5/4,True,False,42,24
-1,0,-1,-2,1,0,-1,1,True,False,42,24
-1,0,-1,-2,1,3,-11/8,11/8,True,False,42,24
-1,0,-1,-2,2,-2,-1,1,True,False,10,6
-1,0,-1,-2,2,0,-1,1,True,False,10,6
-1,0,-1,-2,2,3,-1,1,True,False,10,6
-1,0,-1,-2,3,-2,-13/7,5/7,True,False,50,28
-1,0,-1,-2,3,0,-1,1,True,False,50,28
-1,0,-1,-2,3,3,-4/7,16/7,True,False,50,28
-1,0,-1,-2,4,-2,-1,1,True,False,14,8
-1,0,-1,-2,4,0,-1,1,True,False,14,8
-1,0,-1,-2,4,3,-1,1,True,False,14,8
-1,0,-1,-1,0,-2,-1/2,0,True,True,6,4
-1,0,-1,-1,0,0,-1/2,1/2,True,False,6,4
-1,0,-1,-1,0,3,-5/4,5/4,True,False,6,4
-1,0,-1,-1,1,-2,-3/4,3/4,True,False,42,24
-1,0,-1,-1,1,0,-1/2,1/2,True,False,42,24
-1,0,-1,-1,1,3,-7/8,7/8,True,False,42,24
-1,0,-1,-1,2,-2,-1/2,1/2,True,True,10,6
-1,0,-1,-1,2,0,-1/2,1/2,True,False,10,6
-1,0,-1,-1,2,3,-1/2,1/2,True,False,10,6
-1,0,-1,-1,3,-2,-19/14,3/14,True,False,50,28
-1,0,-1,-1,3,0,-1/2,1/2,True,False,50,28
-1,0,-1,-1,3,3,-1/14,25/14,True,False,50,28
-1,0,-1,-1,4,-2,-1/2,1/2,True,False,14,8
-1,0,-1,-1,4,0,-1/2,1/2,True,False,14,8
-1,0,-1,-1,4,3,-1/2,1/2,True,False,14,8
-1,0,-1,0,0,-2,-3/4,1/4,True,True,6,4
-1,0,-1,0,0,0,-1/4,1/4,True,False,6,4
-1,0,-1,0,0,3,-1,1,True,False,6,4
-1,0,-1,0,1,-2,-1/2,1/2,True,False,42,24
-1,0,-1,0,1,0,-1/4,1/4,True,False,42,24
-1,0,-1,0,1,3,-5/8,5/8,True,False,42,24
-1,0,-1,0,2,-2,-1/100,1/100,True,True,10,6
-1,0,-1,0,2,0,-1/100,1/100,True,True,10,6
-1,0,-1,0,2,3,-1/25,1/25,True,True,10,6
-1,0,-1,0,3,-2,-31/28,-1/28,True,False,50,28
-1,0,-1,0,3,0,-1/4,1/4,True,False,50,28
-1,0,-1,0,3,3,5/28,43/28,True,False,50,28
-1,0,-1,0,4,-2,-1/4,1/4,True,False,14,8
-1,0,-1,0,4,0,-1/4,1/4,True,False,14,8
-1,0,-1,0,4,3,-1/4,1/4,True,False,14,8
-1,0,-1,1,0,-2,-1,1/2,True,True,6,4
-1,0,-1,1,0,0,-1/2,0,True,True,6,4
-1,0,-1,1,0,3,-3/4,3/4,True,False,6,4
-1,0,-1,1,1,-2,-3/4,3/4,True,True,42,24
-1,0,-1,1,1,0,-1/2,1/2,True,True,42,24
-1,0,-1,1,1,3,-7/8,7/8,True,True,42,24
-1,0,-1,1,2,-2,-1/2,1/2,False,True,10,6
-1,0,-1,1,2,0,-1/2,1/2,True,True,10,6
-1,0,-1,1,2,3,-53/100,53/100,True,True,10,6
-1,0,-1,1,3,-2,-19/14,3/14,True,True,50,28
-1,0,-1,1,3,0,-1/2,1/2,True,True,50,28
-1,0,-1,1,3,3,-1/14,25/14,True,True,50,28
-1,0,-1,1,4,-2,-1/2,1/2,True,True,14,8
-1,0,-1,1,4,0,-1/2,1/2,True,True,14,8
-1,0,-1,1,4,3,-1/2,1/2,True,True,14,8
-1,0,-1,2,0,-2,-5/4,3/4,True,True,6,4
-1,0,-1,2,0,0,-3/4,1/4,True,True,6,4
-1,0,-1,2,0,3,-1/2,1/2,True,False,6,4
-1,0,-1,2,1,-2,-5/4,5/4,False,True,42,24
-1,0,-1,2,1,0,-1,1,False,True,42,24
-1,0,-1,2,1,3,-11/8,11/8,False,True,42,24
-1,0,-1,2,2,-2,-1,1,False,True,10,6
-1,0,-1,2,2,0,-1,1,False,True,10,6
-1,0,-1,2,2,3,-51/50,51/50,True,True,10,6
-1,0,-1,2,3,-2,-13/7,5/7,False,True,50,28
-1,0,-1,2,3,0,-1,1,False,True,50,28
-1,0,-1,2,3,3,-4/7,16/7,False,True,50,28
-1,0,-1,2,4,-2,-1,1,False,True,14,8
-1,0,-1,2,4,0,-1,1,False,True,14,8
-1,0,-1,2,4,3,-1,1,False,True,14,8
-1,0,0,-2,0,-2,0,0,True,True,6,4
-1,0,0,-2,0,0,-1/2,1/2,True,True,6,4
-1,0,0,-2,0,3,-5/4,5/4,True,True,6,4
-1,0,0,-2,1,-2,-5/4,5/4,True,False,42,24
-1,0,0,-2,1,0,-1,1,True,False,42,24
-1,0,0,-2,1,3,-11/8,11/8,True,False,42,24
-1,0,0,-2,2,-2,-1,1,True,True,10,6
-1,0,0,-2,2,0,-1,1,True,False,10,6
-1,0,0,-2,2,3,-1,1,True,False,10,6
-1,0,0,-2,3,-2,-13/7,5/7,True,False,50,28
-1,0,0,-2,3,0,-1,1,True,False,50,28
-1,0,0,-2,3,3,-4/7,16/7,True,False,50,28
-1,0,0,-2,4,-2,-1,1,True,False,14,8
-1,0,0,-2,4,0,-1,1,True,False,14,8
-1,0,0,-2,4,3,-1,1,True,False,14,8
-1,0,0,-1,0,-2,-1/4,1/4,True,True,6,4
-1,0,0,-1,0,0,-1/4,1/4,True,True,6,4
-1,0,0,-1,0,3,-1,1,True,True,6,4
-1,0,0,-1,1,-2,-3/4,3/4,True,False,42,24
-1,0,0,-1,1,0,-1/2,1/2,True,False,42,24
-1,0,0,-1,1,3,-7/8,7/8,True,False,42,24
-1,0,0,-1,2,-2,-51/100,51/100,True,True,10,6
-1,0,0,-1,2,0,-1/2,1/2,True,False,10,6
-1,0,0,-1,2,3,-1/2,1/2,True,False,10,6
-1,0,0,-1,3,-2,-19/14,3/14,True,False,50,28
-1,0,0,-1,3,0,-1/2,1/2,True,False,50,28
-1,0,0,-1,3,3,-1/14,25/14,True,False,50,28
-1,0,0,-1,4,-2,-1/2,1/2,True,False,14,8
-1,0,0,-1,4,0,-1/2,1/2,True,False,14,8
-1,0,0,-1,4,3,-1/2,1/2,True,False,14,8
-1,0,0,0,0,-2,-1/2,1/2,True,True,6,4
-1,0,0,0,0,0,0,0,True,True,6,4
-1,0,0,0,0,3,-3/4,3/4,True,True,6,4
-1,0,0,0,1,-2,-1/4,1/4,True,True,42,24
-1,0,0,0,1,0,0,0,True,True,42,24
-1,0,0,0,1,3,-3/8,3/8,True,True,42,24
-1,0,0,0,2,-2,-1/50,1/50,True,True,10,6
-1,0,0,0,2,0,0,0,True,True,10,6
-1,0,0,0,2,3,-3/100,3/100,True,True,10,6
-1,0,0,0,3,-2,-6/7,-2/7,True,True,50,28
-1,0,0,0,3,0,0,0,True,True,50,28
-1,0,0,0,3,3,3/7,9/7,True,True,50,28
-1,0,0,0,4,-2,0,0,True,True,14,8
-1,0,0,0,4,0,0,0,True,True,14,8
-1,0,0,0,4,3,0,0,True,True,14,8
-1,0,0,1,0,-2,-3/4,3/4,True,True,6,4
-1,0,0,1,0,0,-1/4,1/4,True,True,6,4
-1,0,0,1,0,3,-1/2,1/2,True,True,6,4
-1,0,0,1,1,-2,-3/4,3/4,False,True,42,24
-1,0,0,1,1,0,-1/2,1/2,False,True,42,24
-1,0,0,1,1,3,-7/8,7/8,False,True,42,24
-1,0,0,1,2,-2,-1/2,1/2,False,True,10,6
-1,0,0,1,2,0,-1/2,1/2,False,True,10,6
-1,0,0,1,2,3,-13/25,13/25,True,True,10,6
-1,0,0,1,3,-2,-19/14,3/14,False,True,50,28
-1,0,0,1,3,0,-1/2,1/2,False,True,50,28
-1,0,0,1,3,3,-1/14,25/14,False,True,50,28
-1,0,0,1,4,-2,-1/2,1/2,False,True,14,8
-1,0,0,1,4,0,-1/2,1/2,False,True,14,8
-1,0,0,1,4,3,-1/2,1/2,False,True,14,8
-1,0,0,2,0,-2,-1,1,True,True,6,4
-1,0,0,2,0,0,-1/2,1/2,True,True,6,4
-1,0,0,2,0,3,-1/4,1/4,True,True,6,4
-1,0,0,2,1,-2,-5/4,5/4,False,True,42,24
-1,0,0,2,1,0,-1,1,False,True,42,24
-1,0,0,2,1,3,-11/8,11/8,False,True,42,24
-1,0,0,2,2,-2,-1,1,False,True,10,6
-1,0,0,2,2,0,-1,1,False,True,10,6
-1,0,0,2,2,3,-101/100,101/100,True,True,10,6
-1,0,0,2,3,-2,-13/7,5/7,False,True,50,28
-1,0,0,2,3,0,-1,1,False,True,50,28
-1,0,0,2,3,3,-4/7,16/7,False,True,50,28
-1,0,0,2,4,-2,-1,1,False,True,14,8
-1,0,0,2,4,0,-1,1,False,True,14,8
-1,0,0,2,4,3,-1,1,False,True,14,8
-1,0,1,-2,0,-2,-1/4,1/4,False,True,6,4
-1,0,1,-2,0,0,-1/4,3/4,True,True,6,4
-1,0,1,-2,0,3,-1,3/2,True,True,6,4
-1,0,1,-2,1,-2,-5/4,5/4,True,False,42,24
-1,0,1,-2,1,0,-1,1,True,False,42,24
-1,0,1,-2,1,3,-11/8,11/8,True,False,42,24
-1,0,1,-2,2,-2,-101/100,101/100,True,True,10,6
-1,0,1,-2,2,0,-1,1,True,False,10,6
-1,0,1,-2,2,3,-1,1,True,False,10,6
-1,0,1,-2,3,-2,-13/7,5/7,True,False,50,28
-1,0,1,-2,3,0,-1,1,True,False,50,28
-1,0,1,-2,3,3,-4/7,16/7,True,False,50,28
-1,0,1,-2,4,-2,-1,1,True,False,14,8
-1,0,1,-2,4,0,-1,1,True,False,14,8
-1,0,1,-2,4,3,-1,1,True,False,14,8
-1,0,1,-1,0,-2,-1/2,1/2,False,True,6,4
-1,0,1,-1,0,0,0,1/2,True,True,6,4
-1,0,1,-1,0,3,-3/4,5/4,True,True,6,4
-1,0,1,-1,1,-2,-3/4,3/4,True,True,42,24
-1,0,1,-1,1,0,-1/2,1/2,True,True,42,24
-1,0,1,-1,1,3,-7/8,7/8,True,True,42,24
-1,0,1,-1,2,-2,-13/25,13/25,True,True,10,6
-1,0,1,-1,2,0,-1/2,1/2,True,True,10,6
-1,0,1,-1,2,3,-1/2,1/2,True,False,10,6
-1,0,1,-1,3,-2,-19/14,3/14,True,True,50,28
-1,0,1,-1,3,0,-1/2,1/2,True,True,50,28
-1,0,1,-1,3,3,-1/14,25/14,True,True,50,28
-1,0,1,-1,4,-2,-1/2,1/2,True,True,14,8
-1,0,1,-1,4,0,-1/2,1/2,True,True,14,8
-1,0,1,-1,4,3,-1/2,1/2,True,True,14,8
-1,0,1,0,0,-2,-3/4,3/4,False,True,6,4
-1,0,1,0,0,0,-1/4,1/4,False,True,6,4
-1,0,1,0,0,3,-1/2,1,True,True,6,4
-1,0,1,0,1,-2,-1/2,1/2,False,True,42,24
-1,0,1,0,1,0,-1/4,1/4,False,True,42,24
-1,0,1,0,1,3,-5/8,5/8,False,True,42,24
-1,0,1,0,2,-2,-3/100,3/100,True,True,10,6
-1,0,1,0,2,0,-1/100,1/100,True,True,10,6
-1,0,1,0,2,3,-1/50,1/50,True,True,10,6
-1,0,1,0,3,-2,-31/28,-1/28,False,True,50,28
-1,0,1,0,3,0,-1/4,1/4,False,True,50,28
-1,0,1,0,3,3,5/28,43/28,False,True,50,28
-1,0,1,0,4,-2,-1/4,1/4,False,True,14,8
-1,0,1,0,4,0,-1/4,1/4,False,True,14,8
-1,0,1,0,4,3,-1/4,1/4,False,True,14,8
-1,0,1,1,0,-2,-1,1,False,True,6,4
-1,0,1,1,0,0,-1/2,1/2,False,True,6,4
-1,0,1,1,0,3,-1/4,3/4,True,True,6,4
-1,0,1,1,1,-2,-3/4,3/4,False,True,42,24
-1,0,1,1,1,0,-1/2,1/2,False,True,42,24
-1,0,1,1,1,3,-7/8,7/8,False,True,42,24
-1,0,1,1,2,-2,-1/2,1/2,False,True,10,6
-1,0,1,1,2,0,-1/2,1/2,False,True,10,6
-1,0,1,1,2,3,-51/100,51/100,True,True,10,6
-1,0,1,1,3,-2,-19/14,3/14,False,True,50,28
-1,0,1,1,3,0,-1/2,1/2,False,True,50,28
-1,0,1,1,3,3,-1/14,25/14,False,True,50,28
-1,0,1,1,4,-2,-1/2,1/2,False,True,14,8
-1,0,1,1,4,0,-1/2,1/2,False,True,14,8
-1,0,1,1,4,3,-1/2,1/2,False,True,14,8
-1,0,1,2,0,-2,-5/4,5/4,False,True,6,4
-1,0,1,2,0,0,-3/4,3/4,False,True,6,4
-1,0,1,2,0,3,0,1/2,True,True,6,4
-1,0,1,2,1,-2,-5/4,5/4,False,True,42,24
-1,0,1,2,1,0,-1,1,False,True,42,24
-1,0,1,2,1,3,-11/8,11/8,False,True,42,24
-1,0,1,2,2,-2,-1,1,False,True,10,6
-1,0,1,2,2,0,-1,1,False,True,10,6
-1,0,1,2,2,3,-1,1,True,True,10,6
-1,0,1,2,3,-2,-13/7,5/7,False,True,50,28
-1,0,1,2,3,0,-1,1,False,True,50,28
-1,0,1,2,3,3,-4/7,16/7,False,True,50,28
-1,0,1,2,4,-2,-1,1,False,True,14,8
-1,0,1,2,4,0,-1,1,False,True,14,8
-1,0,1,2,4,3,-1,1,False,True,14,8
-1,0,2,-2,0,-2,-1/2,1/2,False,True,6,4
-1,0,2,-2,0,0,0,1,True,True,6,4
-1,0,2,-2,0,3,-3/4,7/4,True,True,6,4
-1,0,2,-2,1,-2,-5/4,5/4,True,True,42,24
-1,0,2,-2,1,0,-1,1,True,True,42,24
-1,0,2,-2,1,3,-11/8,11/8,True,True,42,24
-1,0,2,-2,2,-2,-51/50,51/50,True,True,10,6
-1,0,2,-2,2,0,-1,1,True,True,10,6
-1,0,2,-2,2,3,-1,1,True,False,10,6
-1,0,2,-2,3,-2,-13/7,5/7,True,True,50,28
-1,0,2,-2,3,0,-1,1,True,True,50,28
-1,0,2,-2,3,3,-4/7,16/7,True,True,50,28
-1,0,2,-2,4,-2,-1,1,True,True,14,8
-1,0,2,-2,4,0,-1,1,True,True,14,8
-1,0,2,-2,4,3,-1,1,True,True,14,8
-1,0,2,-1,0,-2,-3/4,3/4,False,True,6,4
-1,0,2,-1,0,0,-1/4,3/4,False,True,6,4
-1,0,2,-1,0,3,-1/2,3/2,True,True,6,4
-1,0,2,-1,1,-2,-1,1,False,True,42,24
-1,0,2,-1,1,0,-3/4,3/4,False,True,42,24
-1,0,2,-1,1,3,-9/8,9/8,False,True,42,24
-1,0,2,-1,2,-2,-53/100,53/100,True,True,10,6
-1,0,2,-1,2,0,-51/100,51/100,True,True,10,6
-1,0,2,-1,2,3,-1/2,1/2,True,False,10,6
-1,0,2,-1,3,-2,-45/28,13/28,False,True,50,28
-1,0,2,-1,3,0,-3/4,3/4,False,True,50,28
-1,0,2,-1,3,3,-9/28,57/28,False,True,50,28
-1,0,2,-1,4,-2,-3/4,3/4,False,True,14,8
-1,0,2,-1,4,0,-3/4,3/4,False,True,14,8
-1,0,2,-1,4,3,-3/4,3/4,False,True,14,8
-1,0,2,0,0,-2,-1,1,False,True,6,4
-1,0,2,0,0,0,-1/2,1/2,False,True,6,4
-1,0,2,0,0,3,-1/4,5/4,True,True,6,4
-1,0,2,0,1,-2,-3/4,3/4,False,True,42,24
-1,0,2,0,1,0,-1/2,1/2,False,True,42,24
-1,0,2,0,1,3,-7/8,7/8,False,True,42,24
-1,0,2,0,2,-2,-1/25,1/25,True,True,10,6
-1,0,2,0,2,0,-1/50,1/50,True,True,10,6
-1,0,2,0,2,3,-1/100,1/100,True,True,10,6
-1,0,2,0,3,-2,-19/14,3/14,False,True,50,28
-1,0,2,0,3,0,-1/2,1/2,False,True,50,28
-1,0,2,0,3,3,-1/14,25/14,False,True,50,28
-1,0,2,0,4,-2,-1/2,1/2,False,True,14,8
-1,0,2,0,4,0,-1/2,1/2,False,True,14,8
-1,0,2,0,4,3,-1/2,1/2,False,True,14,8
-1,0,2,1,0,-2,-5/4,5/4,False,True,6,4
-1,0,2,1,0,0,-3/4,3/4,False,True,6,4
-1,0,2,1,0,3,0,1,True,True,6,4
-1,0,2,1,1,-2,-1,1,False,True,42,24
-1,0,2,1,1,0,-3/4,3/4,False,True,42,24
-1,0,2,1,1,3,-9/8,9/8,False,True,42,24
-1,0,2,1,2,-2,-1/2,1/2,False,True,10,6
-1,0,2,1,2,0,-1/2,1/2,False,True,10,6
-1,0,2,1,2,3,-1/2,1/2,True,True,10,6
-1,0,2,1,3,-2,-45/28,13/28,False,True,50,28
-1,0,2,1,3,0,-3/4,3/4,False,True,50,28
-1,0,2,1,3,3,-9/28,57/28,False,True,50,28
-1,0,2,1,4,-2,-3/4,3/4,False,True,14,8
-1,0,2,1,4,0,-3/4,3/4,False,True,14,8
-1,0,2,1,4,3,-3/4,3/4,False,True,14,8
-1,0,2,2,0,-2,-3/2,3/2,False,True,6,4
-1,0,2,2,0,0,-1,1,False,True,6,4
-1,0,2,2,0,3,-1/4,3/4,False,True,6,4
-1,0,2,2,1,-2,-5/4,5/4,False,True,42,24
-1,0,2,2,1,0,-1,1,False,True,42,24
-1,0,2,2,1,3,-11/8,11/8,False,True,42,24
-1,0,2,2,2,-2,-1,1,False,True,10,6
-1,0,2,2,2,0,-1,1,False,True,10,6
-1,0,2,2,2,3,-1,1,False,True,10,6
-1,0,2,2,3,-2,-13/7,5/7,False,True,50,28
-1,0,2,2,3,0,-1,1,False,True,50,28
-1,0,2,2,3,3,-4/7,16/7,False,True,50,28
-1,0,2,2,4,-2,-1,1,False,True,14,8
-1,0,2,2,4,0,-1,1,False,True,14,8
-1,0,2,2,4,3,-1,1,False,True,14,8
-1,1,-2,-2,0,-2,-1/2,1/2,True,False,6,4
-1,1,-2,-2,0,0,-1,1,True,False,6,4
-1,1,-2,-2,0,3,-7/4,7/4,True,False,6,4
-1,1,-2,-2,1,-2,-9/4,9/4,True,False,42,24
-1,1,-2,-2,1,0,-2,2,True,False,42,24
-1,1,-2,-2,1,3,-19/8,19/8,True,False,42,24
-1,1,-2,-2,2,-2,49/50,51/50,True,True,6,4
-1,1,-2,-2,2,0,24/25,26/25,True,True,6,4
-1,1,-2,-2,2,3,93/100,107/100,True,True,6,4
-1,1,-2,-2,3,-2,-20/7,12/7,True,False,46,26
-1,1,-2,-2,3,0,-2,2,True,False,46,26
-1,1,-2,-2,3,3,-11/7,23/7,True,False,46,26
-1,1,-2,-2,4,-2,-1,1,True,True,14,8
-1,1,-2,-2,4,0,-1,1,True,True,14,8
-1,1,-2,-2,4,3,-1,1,True,True,14,8
-1,1,-2,-1,0,-2,-3/4,1/4,True,False,6,4
-1,1,-2,-1,0,0,-3/4,3/4,True,False,6,4
-1,1,-2,-1,0,3,-3/2,3/2,True,False,6,4
-1,1,-2,-1,1,-2,-3/2,3/2,True,False,42,24
-1,1,-2,-1,1,0,-5/4,5/4,True,False,42,24
-1,1,-2,-1,1,3,-13/8,13/8,True,False,42,24
-1,1,-2,-1,2,-2,49/100,51/100,True,True,6,4
-1,1,-2,-1,2,0,47/100,53/100,True,True,6,4
-1,1,-2,-1,2,3,11/25,14/25,True,True,6,4
-1,1,-2,-1,3,-2,-59/28,27/28,True,False,46,26
-1,1,-2,-1,3,0,-5/4,5/4,True,False,46,26
-1,1,-2,-1,3,3,-23/28,71/28,True,False,46,26
-1,1,-2,-1,4,-2,-3/4,3/4,True,False,14,8
-1,1,-2,-1,4,0,-3/4,3/4,True,False,14,8
-1,1,-2,-1,4,3,-3/4,3/4,True,False,14,8
-1,1,-2,0,0,-2,-1,0,True,True,6,4
-1,1,-2,0,0,0,-1/2,1/2,True,False,6,4
-1,1,-2,0,0,3,-5/4,5/4,True,False,6,4
-1,1,-2,0,1,-2,-3/4,3/4,True,False,42,24
-1,1,-2,0,1,0,-1/2,1/2,True,False,42,24
-1,1,-2,0,1,3,-7/8,7/8,True,False,42,24
-1,1,-2,0,2,-2,0,0,True,True,6,4
-1,1,-2,0,2,0,-1/50,1/50,True,True,6,4
-1,1,-2,0,2,3,-1/20,1/20,True,True,6,4
-1,1,-2,0,3,-2,-19/14,3/14,True,False,46,26
-1,1,-2,0,3,0,-1/2,1/2,True,False,46,26
-1,1,-2,0,3,3,-1/14,25/14,True,False,46,26
-1,1,-2,0,4,-2,-1/2,1/2,True,False,14,8
-1,1,-2,0,4,0,-1/2,1/2,True,False,14,8
-1,1,-2,0,4,3,-1/2,1/2,True,False,14,8
-1,1,-2,1,0,-2,-5/4,1/4,True,True,6,4
-1,1,-2,1,0,0,-3/4,1/4,True,False,6,4
-1,1,-2,1,0,3,-1,1,True,False,6,4
-1,1,-2,1,1,-2,-3/2,3/2,True,False,42,24
-1,1,-2,1,1,0,-5/4,5/4,True,False,42,24
-1,1,-2,1,1,3,-13/8,13/8,True,False,42,24
-1,1,-2,1,2,-2,-51/100,-49/100,True,True,6,4
-1,1,-2,1,2,0,-51/100,-49/100,True,True,6,4
-1,1,-2,1,2,3,-27/50,-23/50,True,True,6,4
-1,1,-2,1,3,-2,-59/28,27/28,True,False,46,26
-1,1,-2,1,3,0,-5/4,5/4,True,False,46,26
-1,1,-2,1,3,3,-23/28,71/28,True,False,46,26
-1,1,-2,1,4,-2,-3/4,3/4,True,False,14,8
-1,1,-2,1,4,0,-3/4,3/4,True,False,14,8
-1,1,-2,1,4,3,-3/4,3/4,True,False,14,8
-1,1,-2,2,0,-2,-3/2,1/2,True,True,6,4
-1,1,-2,2,0,0,-1,0,True,True,6,4
-1,1,-2,2,0,3,-3/4,3/4,True,False,6,4
-1,1,-2,2,1,-2,-9/4,9/4,True,True,42,24
-1,1,-2,2,1,0,-2,2,True,True,42,24
-1,1,-2,2,1,3,-19/8,19/8,True,True,42,24
-1,1,-2,2,2,-2,-51/50,-49/50,True,True,6,4
-1,1,-2,2,2,0,-1,-1,True,True,6,4
-1,1,-2,2,2,3,-103/100,-97/100,True,True,6,4
-1,1,-2,2,3,-2,-20/7,12/7,True,True,46,26
-1,1,-2,2,3,0,-2,2,True,True,46,26
-1,1,-2,2,3,3,-11/7,23/7,True,True,46,26
-1,1,-2,2,4,-2,-1,1,True,True,14,8
-1,1,-2,2,4,0,-1,1,True,True,14,8
-1,1,-2,2,4,3,-1,1,True,True,14,8
-1,1,-1,-2,0,-2,-1/4,1/4,True,False,6,4
-1,1,-1,-2,0,0,-3/4,3/4,True,False,6,4
-1,1,-1,-2,0,3,-3/2,3/2,True,False,6,4
-1,1,-1,-2,1,-2,-9/4,9/4,True,False,42,24
-1,1,-1,-2,1,0,-2,2,True,False,42,24
-1,1,-1,-2,1,3,-19/8,19/8,True,False,42,24
-1,1,-1,-2,2,-2,99/100,101/100,True,True,6,4
-1,1,-1,-2,2,0,97/100,103/100,True,True,6,4
-1,1,-1,-2,2,3,47/50,53/50,True,True,6,4
-1,1,-1,-2,3,-2,-20/7,12/7,True,False,46,26
-1,1,-1,-2,3,0,-2,2,True,False,46,26
-1,1,-1,-2,3,3,-11/7,23/7,True,False,46,26
-1,1,-1,-2,4,-2,-1,1,True,True,14,8
-1,1,-1,-2,4,0,-1,1,True,True,14,8
-1,1,-1,-2,4,3,-1,1,True,True,14,8
-1,1,-1,-1,0,-2,-1/2,0,True,True,6,4
-1,1,-1,-1,0,0,-1/2,1/2,True,False,6,4
-1,1,-1,-1,0,3,-5/4,5/4,True,False,6,4
-1,1,-1,-1,1,-2,-5/4,5/4,True,False,42,24
-1,1,-1,-1,1,0,-1,1,True,False,42,24
-1,1,-1,-1,1,3,-11/8,11/8,True,False,42,24
-1,1,-1,-1,2,-2,1/2,1/2,True,True,6,4
-1,1,-1,-1,2,0,12/25,13/25,True,True,6,4
-1,1,-1,-1,2,3,9/20,11/20,True,True,6,4
-1,1,-1,-1,3,-2,-13/7,5/7,True,False,46,26
-1,1,-1,-1,3,0,-1,1,True,False,46,26
-1,1,-1,-1,3,3,-4/7,16/7,True,False,46,26
-1,1,-1,-1,4,-2,-1/2,1/2,True,True,14,8
-1,1,-1,-1,4,0,-1/2,1/2,True,True,14,8
-1,1,-1,-1,4,3,-1/2,1/2,True,True,14,8
-1,1,-1,0,0,-2,-3/4,1/4,True,True,6,4
-1,1,-1,0,0,0,-1/4,1/4,True,False,6,4
-1,1,-1,0,0,3,-1,1,True,False,6,4
-1,1,-1,0,1,-2,-1/2,1/2,True,False,42,24
-1,1,-1,0,1,0,-1/4,1/4,True,False,42,24
-1,1,-1,0,1,3,-5/8,5/8,True,False,42,24
-1,1,-1,0,2,-2,-1/100,1/100,True,True,6,4
-1,1,-1,0,2,0,-1/100,1/100,True,True,6,4
-1,1,-1,0,2,3,-1/25,1/25,True,True,6,4
-1,1,-1,0,3,-2,-31/28,-1/28,True,False,46,26
-1,1,-1,0,3,0,-1/4,1/4,True,False,46,26
-1,1,-1,0,3,3,5/28,43/28,True,False,46,26
-1,1,-1,0,4,-2,-1/4,1/4,True,False,14,8
-1,1,-1,0,4,0,-1/4,1/4,True,False,14,8
-1,1,-1,0,4,3,-1/4,1/4,True,False,14,8
-1,1,-1,1,0,-2,-1,1/2,True,True,6,4
-1,1,-1,1,0,0,-1/2,0,True,True,6,4
-1,1,-1,1,0,3,-3/4,3/4,True,False,6,4
-1,1,-1,1,1,-2,-5/4,5/4,True,True,42,24
-1,1,-1,1,1,0,-1,1,True,True,42,24
-1,1,-1,1,1,3,-11/8,11/8,True,True,42,24
-1,1,-1,1,2,-2,-13/25,-12/25,True,True,6,4
-1,1,-1,1,2,0,-1/2,-1/2,True,True,6,4
-1,1,-1,1,2,3,-53/100,-47/100,True,True,6,4
-1,1,-1,1,3,-2,-13/7,5/7,True,True,46,26
-1,1,-1,1,3,0,-1,1,True,True,46,26
-1,1,-1,1,3,3,-4/7,16/7,True,True,46,26
-1,1,-1,1,4,-2,-1/2,1/2,True,True,14,8
-1,1,-1,1,4,0,-1/2,1/2,True,True,14,8
-1,1,-1,1,4,3,-1/2,1/2,True,True,14,8
-1,1,-1,2,0,-2,-5/4,3/4,True,True,6,4
-1,1,-1,2,0,0,-3/4,1/4,True,True,6,4
-1,1,-1,2,0,3,-1/2,1/2,True,False,6,4
-1,1,-1,2,1,-2,-9/4,9/4,False,True,42,24
-1,1,-1,2,1,0,-2,2,False,True,42,24
-1,1,-1,2,1,3,-19/8,19/8,False,True,42,24
-1,1,-1,2,2,-2,-103/100,-97/100,True,True,6,4
-1,1,-1,2,2,0,-101/100,-99/100,True,True,6,4
-1,1,-1,2,2,3,-51/50,-49/50,True,True,6,4
-1,1,-1,2,3,-2,-20/7,12/7,False,True,46,26
-1,1,-1,2,3,0,-2,2,False,True,46,26
-1,1,-1,2,3,3,-11/7,23/7,False,True,46,26
-1,1,-1,2,4,-2,-1,1,True,True,14,8
-1,1,-1,2,4,0,-1,1,True,True,14,8
-1,1,-1,2,4,3,-1,1,True,True,14,8
-1,1,0,-2,0,-2,0,0,True,True,6,4
-1,1,0,-2,0,0,-1/2,1/2,True,True,6,4
-1,1,0,-2,0,3,-5/4,5/4,True,True,6,4
-1,1,0,-2,1,-2,-9/4,9/4,True,False,42,24
-1,1,0,-2,1,0,-2,2,True,False,42,24
-1,1,0,-2,1,3,-19/8,19/8,True,False,42,24
-1,1,0,-2,2,-2,1,1,True,True,6,4
-1,1,0,-2,2,0,49/50,51/50,True,True,6,4
-1,1,0,-2,2,3,19/20,21/20,True,True,6,4
-1,1,0,-2,3,-2,-20/7,12/7,True,False,46,26
-1,1,0,-2,3,0,-2,2,True,False,46,26
-1,1,0,-2,3,3,-11/7,23/7,True,False,46,26
-1,1,0,-2,4,-2,-1,1,True,True,14,8
-1,1,0,-2,4,0,-1,1,True,True,14,8
-1,1,0,-2,4,3,-1,1,True,True,14,8
-1,1,0,-1,0,-2,-1/4,1/4,True,True,6,4
-1,1,0,-1,0,0,-1/4,1/4,True,True,6,4
-1,1,0,-1,0,3,-1,1,True,True,6,4
-1,1,0,-1,1,-2,-5/4,5/4,True,False,42,24
-1,1,0,-1,1,0,-1,1,True,False,42,24
-1,1,0,-1,1,3,-11/8,11/8,True,False,42,24
-1,1,0,-1,2,-2,49/100,51/100,True,True,6,4
-1,1,0,-1,2,0,49/100,51/100,True,True,6,4
-1,1,0,-1,2,3,23/50,27/50,True,True,6,4
-1,1,0,-1,3,-2,-13/7,5/7,True,False,46,26
-1,1,0,-1,3,0,-1,1,True,False,46,26
-1,1,0,-1,3,3,-4/7,16/7,True,False,46,26
-1,1,0,-1,4,-2,-1/2,1/2,True,True,14,8
-1,1,0,-1,4,0,-1/2,1/2,True,True,14,8
-1,1,0,-1,4,3,-1/2,1/2,True,True,14,8
-1,1,0,0,0,-2,-1/2,1/2,True,True,6,4
-1,1,0,0,0,0,0,0,True,True,6,4
-1,1,0,0,0,3,-3/4,3/4,True,True,6,4
-1,1,0,0,1,-2,-1/4,1/4,True,True,42,24
-1,1,0,0,1,0,0,0,True,True,42,24
-1,1,0,0,1,3,-3/8,3/8,True,True,42,24
-1,1,0,0,2,-2,-1/50,1/50,True,True,6,4
-1,1,0,0,2,0,0,0,True,True,6,4
-1,1,0,0,2,3,-3/100,3/100,True,True,6,4
-1,1,0,0,3,-2,-6/7,-2/7,True,True,46,26
-1,1,0,0,3,0,0,0,True,True,46,26
-1,1,0,0,3,3,3/7,9/7,True,True,46,26
-1,1,0,0,4,-2,0,0,True,True,14,8
-1,1,0,0,4,0,0,0,True,True,14,8
-1,1,0,0,4,3,0,0,True,True,14,8
-1,1,0,1,0,-2,-3/4,3/4,True,True,6,4
-1,1,0,1,0,0,-1/4,1/4,True,True,6,4
-1,1,0,1,0,3,-1/2,1/2,True,True,6,4
-1,1,0,1,1,-2,-5/4,5/4,False,True,42,24
-1,1,0,1,1,0,-1,1,False,True,42,24
-1,1,0,1,1,3,-11/8,11/8,False,True,42,24
-1,1,0,1,2,-2,-53/100,-47/100,True,True,6,4
-1,1,0,1,2,0,-51/100,-49/100,True,True,6,4
-1,1,0,1,2,3,-13/25,-12/25,True,True,6,4
-1,1,0,1,3,-2,-13/7,5/7,False,True,46,26
-1,1,0,1,3,0,-1,1,False,True,46,26
-1,1,0,1,3,3,-4/7,16/7,False,True,46,26
-1,1,0,1,4,-2,-1/2,1/2,True,True,14,8
-1,1,0,1,4,0,-1/2,1/2,True,True,14,8
-1,1,0,1,4,3,-1/2,1/2,True,True,14,8
-1,1,0,2,0,-2,-1,1,True,True,6,4
-1,1,0,2,0,0,-1/2,1/2,True,True,6,4
-1,1,0,2,0,3,-1/4,1/4,True,True,6,4
-1,1,0,2,1,-2,-9/4,9/4,False,True,42,24
-1,1,0,2,1,0,-2,2,False,True,42,24
-1,1,0,2,1,3,-19/8,19/8,False,True,42,24
-1,1,0,2,2,-2,-26/25,-24/25,True,True,6,4
-1,1,0,2,2,0,-51/50,-49/50,True,True,6,4
-1,1,0,2,2,3,-101/100,-99/100,True,True,6,4
-1,1,0,2,3,-2,-20/7,12/7,False,True,46,26
-1,1,0,2,3,0,-2,2,False,True,46,26
-1,1,0,2,3,3,-11/7,23/7,False,True,46,26
-1,1,0,2,4,-2,-1,1,True,True,14,8
-1,1,0,2,4,0,-1,1,True,True,14,8
-1,1,0,2,4,3,-1,1,True,True,14,8
-1,1,1,-2,0,-2,-1/4,1/4,False,True,6,4
-1,1,1,-2,0,0,-1/4,3/4,True,True,6,4
-1,1,1,-2,0,3,-1,3/2,True,True,6,4
-1,1,1,-2,1,-2,-9/4,9/4,True,False,42,24
-1,1,1,-2,1,0,-2,2,True,False,42,24
-1,1,1,-2,1,3,-19/8,19/8,True,False,42,24
-1,1,1,-2,2,-2,99/100,101/100,True,True,6,4
-1,1,1,-2,2,0,99/100,101/100,True,True,6,4
-1,1,1,-2,2,3,24/25,26/25,True,True,6,4
-1,1,1,-2,3,-2,-20/7,12/7,True,False,46,26
-1,1,1,-2,3,0,-2,2,True,False,46,26
-1,1,1,-2,3,3,-11/7,23/7,True,False,46,26
-1,1,1,-2,4,-2,-1,1,True,True,14,8
-1,1,1,-2,4,0,-1,1,True,True,14,8
-1,1,1,-2,4,3,-1,1,True,True,14,8
-1,1,1,-1,0,-2,-1/2,1/2,False,True,6,4
-1,1,1,-1,0,0,0,1/2,True,True,6,4
-1,1,1,-1,0,3,-3/4,5/4,True,True,6,4
-1,1,1,-1,1,-2,-5/4,5/4,True,True,42,24
-1,1,1,-1,1,0,-1,1,True,True,42,24
-1,1,1,-1,1,3,-11/8,11/8,True,True,42,24
-1,1,1,-1,2,-2,12/25,13/25,True,True,6,4
-1,1,1,-1,2,0,1/2,1/2,True,True,6,4
-1,1,1,-1,2,3,47/100,53/100,True,True,6,4
-1,1,1,-1,3,-2,-13/7,5/7,True,True,46,26
-1,1,1,-1,3,0,-1,1,True,True,46,26
-1,1,1,-1,3,3,-4/7,16/7,True,True,46,26
-1,1,1,-1,4,-2,-1/2,1/2,True,True,14,8
-1,1,1,-1,4,0,-1/2,1/2,True,True,14,8
-1,1,1,-1,4,3,-1/2,1/2,True,True,14,8
-1,1,1,0,0,-2,-3/4,3/4,False,True,6,4
-1,1,1,0,0,0,-1/4,1/4,False,True,6,4
-1,1,1,0,0,3,-1/2,1,True,True,6,4
-1,1,1,0,1,-2,-1/2,1/2,False,True,42,24
-1,1,1,0,1,0,-1/4,1/4,False,True,42,24
-1,1,1,0,1,3,-5/8,5/8,False,True,42,24
-1,1,1,0,2,-2,-3/100,3/100,True,True,6,4
-1,1,1,0,2,0,-1/100,1/100,True,True,6,4
-1,1,1,0,2,3,-1/50,1/50,True,True,6,4
-1,1,1,0,3,-2,-31/28,-1/28,False,True,46,26
-1,1,1,0,3,0,-1/4,1/4,False,True,46,26
-1,1,1,0,3,3,5/28,43/28,False,True,46,26
-1,1,1,0,4,-2,-1/4,1/4,False,True,14,8
-1,1,1,0,4,0,-1/4,1/4,False,True,14,8
-1,1,1,0,4,3,-1/4,1/4,False,True,14,8
-1,1,1,1,0,-2,-1,1,False,True,6,4
-1,1,1,1,0,0,-1/2,1/2,False,True,6,4
-1,1,1,1,0,3,-1/4,3/4,True,True,6,4
-1,1,1,1,1,-2,-5/4,5/4,False,True,42,24
-1,1,1,1,1,0,-1,1,False,True,42,24
-1,1,1,1,1,3,-11/8,11/8,False,True,42,24
-1,1,1,1,2,-2,-27/50,-23/50,True,True,6,4
-1,1,1,1,2,0,-13/25,-12/25,True,True,6,4
-1,1,1,1,2,3,-51/100,-49/100,True,True,6,4
-1,1,1,1,3,-2,-13/7,5/7,False,True,46,26
-1,1,1,1,3,0,-1,1,False,True,46,26
-1,1,1,1,3,3,-4/7,16/7,False,True,46,26
-1,1,1,1,4,-2,-1/2,1/2,True,True,14,8
-1,1,1,1,4,0,-1/2,1/2,True,True,14,8
-1,1,1,1,4,3,-1/2,1/2,True,True,14,8
-1,1,1,2,0,-2,-5/4,5/4,False,True,6,4
-1,1,1,2,0,0,-3/4,3/4,False,True,6,4
-1,1,1,2,0,3,0,1/2,True,True,6,4
-1,1,1,2,1,-2,-9/4,9/4,False,True,42,24
-1,1,1,2,1,0,-2,2,False,True,42,24
-1,1,1,2,1,3,-19/8,19/8,False,True,42,24
-1,1,1,2,2,-2,-21/20,-19/20,True,True,6,4
-1,1,1,2,2,0,-103/100,-97/100,True,True,6,4
-1,1,1,2,2,3,-1,-1,True,True,6,4
-1,1,1,2,3,-2,-20/7,12/7,False,True,46,26
-1,1,1,2,3,0,-2,2,False,True,46,26
-1,1,1,2,3,3,-11/7,23/7,False,True,46,26
-1,1,1,2,4,-2,-1,1,True,True,14,8
-1,1,1,2,4,0,-1,1,True,True,14,8
-1,1,1,2,4,3,-1,1,True,True,14,8
-1,1,2,-2,0,-2,-1/2,1/2,False,True,6,4
-1,1,2,-2,0,0,0,1,True,True,6,4
-1,1,2,-2,0,3,-3/4,7/4,True,True,6,4
-1,1,2,-2,1,-2,-9/4,9/4,True,True,42,24
-1,1,2,-2,1,0,-2,2,True,True,42,24
-1,1,2,-2,1,3,-19/8,19/8,True,True,42,24
-1,1,2,-2,2,-2,49/50,51/50,True,True,6,4
-1,1,2,-2,2,0,1,1,True,True,6,4
-1,1,2,-2,2,3,97/100,103/100,True,True,6,4
-1,1,2,-2,3,-2,-20/7,12/7,True,True,46,26
-1,1,2,-2,3,0,-2,2,True,True,46,26
-1,1,2,-2,3,3,-11/7,23/7,True,True,46,26
-1,1,2,-2,4,-2,-1,1,True,True,14,8
-1,1,2,-2,4,0,-1,1,True,True,14,8
-1,1,2,-2,4,3,-1,1,True,True,14,8
-1,1,2,-1,0,-2,-3/4,3/4,False,True,6,4
-1,1,2,-1,0,0,-1/4,3/4,False,True,6,4
-1,1,2,-1,0,3,-1/2,3/2,True,True,6,4
-1,1,2,-1,1,-2,-3/2,3/2,False,True,42,24
-1,1,2,-1,1,0,-5/4,5/4,False,True,42,24
-1,1,2,-1,1,3,-13/8,13/8,False,True,42,24
-1,1,2,-1,2,-2,47/100,53/100,True,True,6,4
-1,1,2,-1,2,0,49/100,51/100,True,True,6,4
-1,1,2,-1,2,3,12/25,13/25,True,True,6,4
-1,1,2,-1,3,-2,-59/28,27/28,False,True,46,26
-1,1,2,-1,3,0,-5/4,5/4,False,True,46,26
-1,1,2,-1,3,3,-23/28,71/28,False,True,46,26
-1,1,2,-1,4,-2,-3/4,3/4,False,True,14,8
-1,1,2,-1,4,0,-3/4,3/4,False,True,14,8
-1,1,2,-1,4,3,-3/4,3/4,False,True,14,8
-1,1,2,0,0,-2,-1,1,False,True,6,4
-1,1,2,0,0,0,-1/2,1/2,False,True,6,4
-1,1,2,0,0,3,-1/4,5/4,True,True,6,4
-1,1,2,0,1,-2,-3/4,3/4,False,True,42,24
-1,1,2,0,1,0,-1/2,1/2,False,True,42,24
-1,1,2,0,1,3,-7/8,7/8,False,True,42,24
-1,1,2,0,2,-2,-1/25,1/25,True,True,6,4
-1,1,2,0,2,0,-1/50,1/50,True,True,6,4
-1,1,2,0,2,3,-1/100,1/100,True,True,6,4
-1,1,2,0,3,-2,-19/14,3/14,False,True,46,26
-1,1,2,0,3,0,-1/2,1/2,False,True,46,26
-1,1,2,0,3,3,-1/14,25/14,False,True,46,26
-1,1,2,0,4,-2,-1/2,1/2,False,True,14,8
-1,1,2,0,4,0,-1/2,1/2,False,True,14,8
-1,1,2,0,4,3,-1/2,1/2,False,True,14,8
-1,1,2,1,0,-2,-5/4,5/4,False,True,6,4
-1,1,2,1,0,0,-3/4,3/4,False,True,6,4
-1,1,2,1,0,3,0,1,True,True,6,4
-1,1,2,1,1,-2,-3/2,3/2,False,True,42,24
-1,1,2,1,1,0,-5/4,5/4,False,True,42,24
-1,1,2,1,1,3,-13/8,13/8,False,True,42,24
-1,1,2,1,2,-2,-11/20,-9/20,True,True,6,4
-1,1,2,1,2,0,-53/100,-47/100,True,True,6,4
-1,1,2,1,2,3,-1/2,-1/2,True,True,6,4
-1,1,2,1,3,-2,-59/28,27/28,False,True,46,26
-1,1,2,1,3,0,-5/4,5/4,False,True,46,26
-1,1,2,1,3,3,-23/28,71/28,False,True,46,26
-1,1,2,1,4,-2,-3/4,3/4,False,True,14,8
-1,1,2,1,4,0,-3/4,3/4,False,True,14,8
-1,1,2,1,4,3,-3/4,3/4,False,True,14,8
-1,1,2,2,0,-2,-3/2,3/2,False,True,6,4
-1,1,2,2,0,0,-1,1,False,True,6,4
-1,1,2,2,0,3,-1/4,3/4,False,True,6,4
-1,1,2,2,1,-2,-9/4,9/4,False,True,42,24
-1,1,2,2,1,0,-2,2,False,True,42,24
-1,1,2,2,1,3,-19/8,19/8,False,True,42,24
-1,1,2,2,2,-2,-53/50,-47/50,True,True,6,4
-1,1,2,2,2,0,-26/25,-24/25,True,True,6,4
-1,1,2,2,2,3,-101/100,-99/100,True,True,6,4
-1,1,2,2,3,-2,-20/7,12/7,False,True,46,26
-1,1,2,2,3,0,-2,2,False,True,46,26
-1,1,2,2,3,3,-11/7,23/7,False,True,46,26
-1,1,2,2,4,-2,-1,1,True,True,14,8
-1,1,2,2,4,0,-1,1,True,True,14,8
-1,1,2,2,4,3,-1,1,True,True,14,8
0,1,-2,-2,0,-2,-1/2,1/2,True,True,6,4
0,1,-2,-2,0,0,-1,1,True,True,6,4
0,1,-2,-2,0,3,-7/4,7/4,True,True,6,4
0,1,-2,-2,1,-2,-9/4,9/4,True,False,34,20
0,1,-2,-2,1,0,-2,2,True,False,34,20
0,1,-2,-2,1,3,-19/8,19/8,True,False,34,20
0,1,-2,-2,2,-2,0,2,True,False,10,6
0,1,-2,-2,2,0,0,2,True,False,10,6
0,1,-2,-2,2,3,0,2,True,False,10,6
0,1,-2,-2,3,-2,-20/7,12/7,True,False,30,18
0,1,-2,-2,3,0,-2,2,True,False,30,18
0,1,-2,-2,3,3,-11/7,23/7,True,False,30,18
0,1,-2,-2,4,-2,-2,2,True,False,6,4
0,1,-2,-2,4,0,-2,2,True,False,6,4
0,1,-2,-2,4,3,-2,2,True,False,6,4
0,1,-2,-1,0,-2,-1/4,1/4,True,True,6,4
0,1,-2,-1,0,0,-3/4,3/4,True,True,6,4
0,1,-2,-1,0,3,-3/2,3/2,True,True,6,4
0,1,-2,-1,1,-2,-7/4,7/4,True,False,34,20
0,1,-2,-1,1,0,-3/2,3/2,True,False,34,20
0,1,-2,-1,1,3,-15/8,15/8,True,False,34,20
0,1,-2,-1,2,-2,-1/2,3/2,True,False,10,6
0,1,-2,-1,2,0,-1/2,3/2,True,False,10,6
0,1,-2,-1,2,3,-1/2,3/2,True,False,10,6
0,1,-2,-1,3,-2,-33/14,17/14,True,False,30,18
0,1,-2,-1,3,0,-3/2,3/2,True,False,30,18
0,1,-2,-1,3,3,-15/14,39/14,True,False,30,18
0,1,-2,-1,4,-2,-3/2,3/2,True,False,6,4
0,1,-2,-1,4,0,-3/2,3/2,True,False,6,4
0,1,-2,-1,4,3,-3/2,3/2,True,False,6,4
0,1,-2,0,0,-2,0,0,True,True,6,4
0,1,-2,0,0,0,-1/2,1/2,True,True,6,4
0,1,-2,0,0,3,-5/4,5/4,True,True,6,4
0,1,-2,0,1,-2,-5/4,5/4,True,False,34,20
0,1,-2,0,1,0,-1,1,True,False,34,20
0,1,-2,0,1,3,-11/8,11/8,True,False,34,20
0,1,-2,0,2,-2,-1,1,True,True,10,6
0,1,-2,0,2,0,-1,1,True,False,10,6
0,1,-2,0,2,3,-1,1,True,False,10,6
0,1,-2,0,3,-2,-13/7,5/7,True,False,30,18
0,1,-2,0,3,0,-1,1,True,False,30,18
0,1,-2,0,3,3,-4/7,16/7,True,False,30,18
0,1,-2,0,4,-2,-1,1,True,False,6,4
0,1,-2,0,4,0,-1,1,True,False,6,4
0,1,-2,0,4,3,-1,1,True,False,6,4
0,1,-2,1,0,-2,-1/4,1/4,True,True,6,4
0,1,-2,1,0,0,-1/4,1/4,True,True,6,4
0,1,-2,1,0,3,-1,1,True,True,6,4
0,1,-2,1,1,-2,-7/4,7/4,True,False,34,20
0,1,-2,1,1,0,-3/2,3/2,True,False,34,20
0,1,-2,1,1,3,-15/8,15/8,True,False,34,20
0,1,-2,1,2,-2,-151/100,51/100,True,True,10,6
0,1,-2,1,2,0,-3/2,1/2,True,False,10,6
0,1,-2,1,2,3,-3/2,1/2,True,False,10,6
0,1,-2,1,3,-2,-33/14,17/14,True,False,30,18
0,1,-2,1,3,0,-3/2,3/2,True,False,30,18
0,1,-2,1,3,3,-15/14,39/14,True,False,30,18
0,1,-2,1,4,-2,-3/2,1/2,True,False,6,4
0,1,-2,1,4,0,-3/2,1/2,True,False,6,4
0,1,-2,1,4,3,-3/2,1/2,True,False,6,4
0,1,-2,2,0,-2,-1/2,1/2,True,True,6,4
0,1,-2,2,0,0,0,0,True,True,6,4
0,1,-2,2,0,3,-3/4,3/4,True,True,6,4
0,1,-2,2,1,-2,-9/4,9/4,True,True,34,20
0,1,-2,2,1,0,-2,2,True,True,34,20
0,1,-2,2,1,3,-19/8,19/8,True,True,34,20
0,1,-2,2,2,-2,-101/50,1/50,True,True,10,6
0,1,-2,2,2,0,-2,0,True,True,10,6
0,1,-2,2,2,3,-2,0,True,False,10,6
0,1,-2,2,3,-2,-20/7,12/7,True,True,30,18
0,1,-2,2,3,0,-2,2,True,True,30,18
0,1,-2,2,3,3,-11/7,23/7,True,True,30,18
0,1,-2,2,4,-2,-2,0,True,True,6,4
0,1,-2,2,4,0,-2,0,True,True,6,4
0,1,-2,2,4,3,-2,0,True,True,6,4
0,1,-1,-2,0,-2,-1/4,1/4,True,True,6,4
0,1,-1,-2,0,0,-3/4,3/4,True,True,6,4
0,1,-1,-2,0,3,-3/2,3/2,True,True,6,4
0,1,-1,-2,1,-2,-9/4,9/4,True,False,34,20
0,1,-1,-2,1,0,-2,2,True,False,34,20
0,1,-1,-2,1,3,-19/8,19/8,True,False,34,20
0,1,-1,-2,2,-2,1/2,3/2,True,False,10,6
0,1,-1,-2,2,0,1/2,3/2,True,False,10,6
0,1,-1,-2,2,3,1/2,3/2,True,False,10,6
0,1,-1,-2,3,-2,-20/7,12/7,True,False,30,18
0,1,-1,-2,3,0,-2,2,True,False,30,18
0,1,-1,-2,3,3,-11/7,23/7,True,False,30,18
0,1,-1,-2,4,-2,-3/2,3/2,True,False,6,4
0,1,-1,-2,4,0,-3/2,3/2,True,False,6,4
0,1,-1,-2,4,3,-3/2,3/2,True,False,6,4
0,1,-1,-1,0,-2,0,0,True,True,6,4
0,1,-1,-1,0,0,-1/2,1/2,True,True,6,4
0,1,-1,-1,0,3,-5/4,5/4,True,True,6,4
0,1,-1,-1,1,-2,-5/4,5/4,True,False,34,20
0,1,-1,-1,1,0,-1,1,True,False,34,20
0,1,-1,-1,1,3,-11/8,11/8,True,False,34,20
0,1,-1,-1,2,-2,0,1,True,True,10,6
0,1,-1,-1,2,0,0,1,True,False,10,6
0,1,-1,-1,2,3,0,1,True,False,10,6
0,1,-1,-1,3,-2,-13/7,5/7,True,False,30,18
0,1,-1,-1,3,0,-1,1,True,False,30,18
0,1,-1,-1,3,3,-4/7,16/7,True,False,30,18
0,1,-1,-1,4,-2,-1,1,True,False,6,4
0,1,-1,-1,4,0,-1,1,True,False,6,4
0,1,-1,-1,4,3,-1,1,True,False,6,4
0,1,-1,0,0,-2,-1/4,1/4,True,True,6,4
0,1,-1,0,0,0,-1/4,1/4,True,True,6,4
0,1,-1,0,0,3,-1,1,True,True,6,4
0,1,-1,0,1,-2,-3/4,3/4,True,False,34,20
0,1,-1,0,1,0,-1/2,1/2,True,False,34,20
0,1,-1,0,1,3,-7/8,7/8,True,False,34,20
0,1,-1,0,2,-2,-51/100,51/100,True,True,10,6
0,1,-1,0,2,0,-1/2,1/2,True,False,10,6
0,1,-1,0,2,3,-1/2,1/2,True,False,10,6
0,1,-1,0,3,-2,-19/14,3/14,True,False,30,18
0,1,-1,0,3,0,-1/2,1/2,True,False,30,18
0,1,-1,0,3,3,-1/14,25/14,True,False,30,18
0,1,-1,0,4,-2,-1/2,1/2,True,False,6,4
0,1,-1,0,4,0,-1/2,1/2,True,False,6,4
0,1,-1,0,4,3,-1/2,1/2,True,False,6,4
0,1,-1,1,0,-2,-1/2,1/2,True,True,6,4
0,1,-1,1,0,0,0,0,True,True,6,4
0,1,-1,1,0,3,-3/4,3/4,True,True,6,4
0,1,-1,1,1,-2,-5/4,5/4,True,True,34,20
0,1,-1,1,1,0,-1,1,True,True,34,20
0,1,-1,1,1,3,-11/8,11/8,True,True,34,20
0,1,-1,1,2,-2,-51/50,1/50,True,True,10,6
0,1,-1,1,2,0,-1,0,True,True,10,6
0,1,-1,1,2,3,-1,0,True,False,10,6
0,1,-1,1,3,-2,-13/7,5/7,True,True,30,18
0,1,-1,1,3,0,-1,1,True,True,30,18
0,1,-1,1,3,3,-4/7,16/7,True,True,30,18
0,1,-1,1,4,-2,-1,0,True,True,6,4
0,1,-1,1,4,0,-1,0,True,True,6,4
0,1,-1,1,4,3,-1,0,True,True,6,4
0,1,-1,2,0,-2,-3/4,3/4,True,True,6,4
0,1,-1,2,0,0,-1/4,1/4,True,True,6,4
0,1,-1,2,0,3,-1/2,1/2,True,True,6,4
0,1,-1,2,1,-2,-9/4,9/4,False,True,34,20
0,1,-1,2,1,0,-2,2,False,True,34,20
0,1,-1,2,1,3,-19/8,19/8,False,True,34,20
0,1,-1,2,2,-2,-153/100,-47/100,True,True,10,6
0,1,-1,2,2,0,-151/100,-49/100,True,True,10,6
0,1,-1,2,2,3,-3/2,-1/2,True,False,10,6
0,1,-1,2,3,-2,-20/7,12/7,False,True,30,18
0,1,-1,2,3,0,-2,2,False,True,30,18
0,1,-1,2,3,3,-11/7,23/7,False,True,30,18
0,1,-1,2,4,-2,-3/2,1/2,True,True,6,4
0,1,-1,2,4,0,-3/2,1/2,True,True,6,4
0,1,-1,2,4,3,-3/2,1/2,True,True,6,4
0,1,0,-2,0,-2,0,0,True,True,6,4
0,1,0,-2,0,0,-1/2,1/2,True,True,6,4
0,1,0,-2,0,3,-5/4,5/4,True,True,6,4
0,1,0,-2,1,-2,-9/4,9/4,True,False,34,20
0,1,0,-2,1,0,-2,2,True,False,34,20
0,1,0,-2,1,3,-19/8,19/8,True,False,34,20
0,1,0,-2,2,-2,1,1,True,True,10,6
0,1,0,-2,2,0,49/50,51/50,True,True,10,6
0,1,0,-2,2,3,19/20,21/20,True,True,10,6
0,1,0,-2,3,-2,-20/7,12/7,True,False,30,18
0,1,0,-2,3,0,-2,2,True,False,30,18
0,1,0,-2,3,3,-11/7,23/7,True,False,30,18
0,1,0,-2,4,-2,-1,1,True,True,6,4
0,1,0,-2,4,0,-1,1,True,True,6,4
0,1,0,-2,4,3,-1,1,True,True,6,4
0,1,0,-1,0,-2,-1/4,1/4,True,True,6,4
0,1,0,-1,0,0,-1/4,1/4,True,True,6,4
0,1,0,-1,0,3,-1,1,True,True,6,4
0,1,0,-1,1,-2,-5/4,5/4,True,False,34,20
0,1,0,-1,1,0,-1,1,True,False,34,20
0,1,0,-1,1,3,-11/8,11/8,True,False,34,20
0,1,0,-1,2,-2,49/100,51/100,True,True,10,6
0,1,0,-1,2,0,49/100,51/100,True,True,10,6
0,1,0,-1,2,3,23/50,27/50,True,True,10,6
0,1,0,-1,3,-2,-13/7,5/7,True,False,30,18
0,1,0,-1,3,0,-1,1,True,False,30,18
0,1,0,-1,3,3,-4/7,16/7,True,False,30,18
0,1,0,-1,4,-2,-1/2,1/2,True,True,6,4
0,1,0,-1,4,0,-1/2,1/2,True,True,6,4
0,1,0,-1,4,3,-1/2,1/2,True,True,6,4
0,1,0,0,0,-2,-1/2,1/2,True,True,6,4
0,1,0,0,0,0,0,0,True,True,6,4
0,1,0,0,0,3,-3/4,3/4,True,True,6,4
0,1,0,0,1,-2,-1/4,1/4,True,True,34,20
0,1,0,0,1,0,0,0,True,True,34,20
0,1,0,0,1,3,-3/8,3/8,True,True,34,20
0,1,0,0,2,-2,-1/50,1/50,True,True,10,6
0,1,0,0,2,0,0,0,True,True,10,6
0,1,0,0,2,3,-3/100,3/100,True,True,10,6
0,1,0,0,3,-2,-6/7,-2/7,True,True,30,18
0,1,0,0,3,0,0,0,True,True,30,18
0,1,0,0,3,3,3/7,9/7,True,True,30,18
0,1,0,0,4,-2,0,0,True,True,6,4
0,1,0,0,4,0,0,0,True,True,6,4
0,1,0,0,4,3,0,0,True,True,6,4
0,1,0,1,0,-2,-3/4,3/4,True,True,6,4
0,1,0,1,0,0,-1/4,1/4,True,True,6,4
0,1,0,1,0,3,-1/2,1/2,True,True,6,4
0,1,0,1,1,-2,-5/4,5/4,False,True,34,20
0,1,0,1,1,0,-1,1,False,True,34,20
0,1,0,1,1,3,-11/8,11/8,False,True,34,20
0,1,0,1,2,-2,-53/100,-47/100,True,True,10,6
0,1,0,1,2,0,-51/100,-49/100,True,True,10,6
0,1,0,1,2,3,-13/25,-12/25,True,True,10,6
0,1,0,1,3,-2,-13/7,5/7,False,True,30,18
0,1,0,1,3,0,-1,1,False,True,30,18
0,1,0,1,3,3,-4/7,16/7,False,True,30,18
0,1,0,1,4,-2,-1/2,1/2,True,True,6,4
0,1,0,1,4,0,-1/2,1/2,True,True,6,4
0,1,0,1,4,3,-1/2,1/2,True,True,6,4
0,1,0,2,0,-2,-1,1,True,True,6,4
0,1,0,2,0,0,-1/2,1/2,True,True,6,4
0,1,0,2,0,3,-1/4,1/4,True,True,6,4
0,1,0,2,1,-2,-9/4,9/4,False,True,34,20
0,1,0,2,1,0,-2,2,False,True,34,20
0,1,0,2,1,3,-19/8,19/8,False,True,34,20
0,1,0,2,2,-2,-26/25,-24/25,True,True,10,6
0,1,0,2,2,0,-51/50,-49/50,True,True,10,6
0,1,0,2,2,3,-101/100,-99/100,True,True,10,6
0,1,0,2,3,-2,-20/7,12/7,False,True,30,18
0,1,0,2,3,0,-2,2,False,True,30,18
0,1,0,2,3,3,-11/7,23/7,False,True,30,18
0,1,0,2,4,-2,-1,1,True,True,6,4
0,1,0,2,4,0,-1,1,True,True,6,4
0,1,0,2,4,3,-1,1,True,True,6,4
0,1,1,-2,0,-2,-1/4,1/4,True,True,6,4
0,1,1,-2,0,0,-1/4,1/4,True,True,6,4
0,1,1,-2,0,3,-1,1,True,True,6,4
0,1,1,-2,1,-2,-9/4,9/4,True,False,34,20
0,1,1,-2,1,0,-2,2,True,False,34,20
0,1,1,-2,1,3,-19/8,19/8,True,False,34,20
0,1,1,-2,2,-2,1/2,3/2,False,True,10,6
0,1,1,-2,2,0,49/100,151/100,True,True,10,6
0,1,1,-2,2,3,23/50,77/50,True,True,10,6
0,1,1,-2,3,-2,-20/7,12/7,True,False,30,18
0,1,1,-2,3,0,-2,2,True,False,30,18
0,1,1,-2,3,3,-11/7,23/7,True,False,30,18
0,1,1,-2,4,-2,-1/2,3/2,True,True,6,4
0,1,1,-2,4,0,-1/2,3/2,True,True,6,4
0,1,1,-2,4,3,-1/2,3/2,True,True,6,4
0,1,1,-1,0,-2,-1/2,1/2,True,True,6,4
0,1,1,-1,0,0,0,0,True,True,6,4
0,1,1,-1,0,3,-3/4,3/4,True,True,6,4
0,1,1,-1,1,-2,-5/4,5/4,True,True,34,20
0,1,1,-1,1,0,-1,1,True,True,34,20
0,1,1,-1,1,3,-11/8,11/8,True,True,34,20
0,1,1,-1,2,-2,0,1,False,True,10,6
0,1,1,-1,2,0,0,1,True,True,10,6
0,1,1,-1,2,3,-3/100,103/100,True,True,10,6
0,1,1,-1,3,-2,-13/7,5/7,True,True,30,18
0,1,1,-1,3,0,-1,1,True,True,30,18
0,1,1,-1,3,3,-4/7,16/7,True,True,30,18
0,1,1,-1,4,-2,0,1,True,True,6,4
0,1,1,-1,4,0,0,1,True,True,6,4
0,1,1,-1,4,3,0,1,True,True,6,4
0,1,1,0,0,-2,-3/4,3/4,True,True,6,4
0,1,1,0,0,0,-1/4,1/4,True,True,6,4
0,1,1,0,0,3,-1/2,1/2,True,True,6,4
0,1,1,0,1,-2,-3/4,3/4,False,True,34,20
0,1,1,0,1,0,-1/2,1/2,False,True,34,20
0,1,1,0,1,3,-7/8,7/8,False,True,34,20
0,1,1,0,2,-2,-1/2,1/2,False,True,10,6
0,1,1,0,2,0,-1/2,1/2,False,True,10,6
0,1,1,0,2,3,-13/25,13/25,True,True,10,6
0,1,1,0,3,-2,-19/14,3/14,False,True,30,18
0,1,1,0,3,0,-1/2,1/2,False,True,30,18
0,1,1,0,3,3,-1/14,25/14,False,True,30,18
0,1,1,0,4,-2,-1/2,1/2,False,True,6,4
0,1,1,0,4,0,-1/2,1/2,False,True,6,4
0,1,1,0,4,3,-1/2,1/2,False,True,6,4
0,1,1,1,0,-2,-1,1,True,True,6,4
0,1,1,1,0,0,-1/2,1/2,True,True,6,4
0,1,1,1,0,3,-1/4,1/4,True,True,6,4
0,1,1,1,1,-2,-5/4,5/4,False,True,34,20
0,1,1,1,1,0,-1,1,False,True,34,20
0,1,1,1,1,3,-11/8,11/8,False,True,34,20
0,1,1,1,2,-2,-1,0,False,True,10,6
0,1,1,1,2,0,-1,0,False,True,10,6
0,1,1,1,2,3,-101/100,1/100,True,True,10,6
0,1,1,1,3,-2,-13/7,5/7,False,True,30,18
0,1,1,1,3,0,-1,1,False,True,30,18
0,1,1,1,3,3,-4/7,16/7,False,True,30,18
0,1,1,1,4,-2,-1,1,False,True,6,4
0,1,1,1,4,0,-1,1,False,True,6,4
0,1,1,1,4,3,-1,1,False,True,6,4
0,1,1,2,0,-2,-5/4,5/4,True,True,6,4
0,1,1,2,0,0,-3/4,3/4,True,True,6,4
0,1,1,2,0,3,0,0,True,True,6,4
0,1,1,2,1,-2,-9/4,9/4,False,True,34,20
0,1,1,2,1,0,-2,2,False,True,34,20
0,1,1,2,1,3,-19/8,19/8,False,True,34,20
0,1,1,2,2,-2,-3/2,-1/2,False,True,10,6
0,1,1,2,2,0,-3/2,-1/2,False,True,10,6
0,1,1,2,2,3,-3/2,-1/2,True,True,10,6
0,1,1,2,3,-2,-20/7,12/7,False,True,30,18
0,1,1,2,3,0,-2,2,False,True,30,18
0,1,1,2,3,3,-11/7,23/7,False,True,30,18
0,1,1,2,4,-2,-3/2,3/2,False,True,6,4
0,1,1,2,4,0,-3/2,3/2,False,True,6,4
0,1,1,2,4,3,-3/2,3/2,False,True,6,4
0,1,2,-2,0,-2,-1/2,1/2,True,True,6,4
0,1,2,-2,0,0,0,0,True,True,6,4
0,1,2,-2,0,3,-3/4,3/4,True,True,6,4
0,1,2,-2,1,-2,-9/4,9/4,True,True,34,20
0,1,2,-2,1,0,-2,2,True,True,34,20
0,1,2,-2,1,3,-19/8,19/8,True,True,34,20
0,1,2,-2,2,-2,0,2,False,True,10,6
0,1,2,-2,2,0,0,2,True,True,10,6
0,1,2,-2,2,3,-3/100,203/100,True,True,10,6
0,1,2,-2,3,-2,-20/7,12/7,True,True,30,18
0,1,2,-2,3,0,-2,2,True,True,30,18
0,1,2,-2,3,3,-11/7,23/7,True,True,30,18
0,1,2,-2,4,-2,0,2,True,True,6,4
0,1,2,-2,4,0,0,2,True,True,6,4
0,1,2,-2,4,3,0,2,True,True,6,4
0,1,2,-1,0,-2,-3/4,3/4,True,True,6,4
0,1,2,-1,0,0,-1/4,1/4,True,True,6,4
0,1,2,-1,0,3,-1/2,1/2,True,True,6,4
0,1,2,-1,1,-2,-7/4,7/4,False,True,34,20
0,1,2,-1,1,0,-3/2,3/2,False,True,34,20
0,1,2,-1,1,3,-15/8,15/8,False,True,34,20
0,1,2,-1,2,-2,-1/2,3/2,False,True,10,6
0,1,2,-1,2,0,-1/2,3/2,False,True,10,6
0,1,2,-1,2,3,-13/25,38/25,True,True,10,6
0,1,2,-1,3,-2,-33/14,17/14,False,True,30,18
0,1,2,-1,3,0,-3/2,3/2,False,True,30,18
0,1,2,-1,3,3,-15/14,39/14,False,True,30,18
0,1,2,-1,4,-2,-1/2,3/2,False,True,6,4
0,1,2,-1,4,0,-1/2,3/2,False,True,6,4
0,1,2,-1,4,3,-1/2,3/2,False,True,6,4
0,1,2,0,0,-2,-1,1,True,True,6,4
0,1,2,0,0,0,-1/2,1/2,True,True,6,4
0,1,2,0,0,3,-1/4,1/4,True,True,6,4
0,1,2,0,1,-2,-5/4,5/4,False,True,34,20
0,1,2,0,1,0,-1,1,False,True,34,20
0,1,2,0,1,3,-11/8,11/8,False,True,34,20
0,1,2,0,2,-2,-1,1,False,True,10,6
0,1,2,0,2,0,-1,1,False,True,10,6
0,1,2,0,2,3,-101/100,101/100,True,True,10,6
0,1,2,0,3,-2,-13/7,5/7,False,True,30,18
0,1,2,0,3,0,-1,1,False,True,30,18
0,1,2,0,3,3,-4/7,16/7,False,True,30,18
0,1,2,0,4,-2,-1,1,False,True,6,4
0,1,2,0,4,0,-1,1,False,True,6,4
0,1,2,0,4,3,-1,1,False,True,6,4
0,1,2,1,0,-2,-5/4,5/4,True,True,6,4
0,1,2,1,0,0,-3/4,3/4,True,True,6,4
0,1,2,1,0,3,0,0,True,True,6,4
0,1,2,1,1,-2,-7/4,7/4,False,True,34,20
0,1,2,1,1,0,-3/2,3/2,False,True,34,20
0,1,2,1,1,3,-15/8,15/8,False,True,34,20
0,1,2,1,2,-2,-3/2,1/2,False,True,10,6
0,1,2,1,2,0,-3/2,1/2,False,True,10,6
0,1,2,1,2,3,-3/2,1/2,True,True,10,6
0,1,2,1,3,-2,-33/14,17/14,False,True,30,18
0,1,2,1,3,0,-3/2,3/2,False,True,30,18
0,1,2,1,3,3,-15/14,39/14,False,True,30,18
0,1,2,1,4,-2,-3/2,3/2,False,True,6,4
0,1,2,1,4,0,-3/2,3/2,False,True,6,4
0,1,2,1,4,3,-3/2,3/2,False,True,6,4
0,1,2,2,0,-2,-3/2,3/2,True,True,6,4
0,1,2,2,0,0,-1,1,True,True,6,4
0,1,2,2,0,3,-1/4,1/4,True,True,6,4
0,1,2,2,1,-2,-9/4,9/4,False,True,34,20
0,1,2,2,1,0,-2,2,False,True,34,20
0,1,2,2,1,3,-19/8,19/8,False,True,34,20
0,1,2,2,2,-2,-2,0,False,True,10,6
0,1,2,2,2,0,-2,0,False,True,10,6
0,1,2,2,2,3,-2,0,False,True,10,6
0,1,2,2,3,-2,-20/7,12/7,False,True,30,18
0,1,2,2,3,0,-2,2,False,True,30,18
0,1,2,2,3,3,-11/7,23/7,False,True,30,18
0,1,2,2,4,-2,-2,2,False,True,6,4
0,1,2,2,4,0,-2,2,False,True,6,4
0,1,2,2,4,3,-2,2,False,True,6,4
