p,q,wp,wq,a,b,linear,inf,sup,inf_attained,sup_attained,oracle_points
-3,-2,-2,-2,-2,2,-2,-33/8,33/8,True,False,50
-3,-2,-2,-2,-2,2,0,-1/4,1/4,True,False,50
-3,-2,-2,-2,-2,2,3,-6,6,True,True,50
-3,-2,-2,-2,0,1,-2,-17/8,1/8,True,False,14
-3,-2,-2,-2,0,1,0,-1/4,1/4,True,False,14
-3,-2,-2,-2,0,1,3,0,3,True,True,14
-3,-2,-2,-2,1/7,13/7,-2,-29/8,-3/8,True,False,22
-3,-2,-2,-2,1/7,13/7,0,-1/4,1/4,True,False,22
-3,-2,-2,-2,1/7,13/7,3,1/4,23/4,True,True,22
-3,-2,-2,-2,-3/4,-1/4,-2,3/8,13/8,True,False,8
-3,-2,-2,-2,-3/4,-1/4,0,-1/4,1/4,True,False,8
-3,-2,-2,-2,-3/4,-1/4,3,-9/4,-3/4,True,True,8
-3,-2,-2,-2,1/2,1/2,-2,-1,-1,True,True,1
-3,-2,-2,-2,1/2,1/2,0,0,0,True,True,1
-3,-2,-2,-2,1/2,1/2,3,3/2,3/2,True,True,1
-3,-2,-2,-2,-1/2,-1/2,-2,1,1,True,True,1
-3,-2,-2,-2,-1/2,-1/2,0,0,0,True,True,1
-3,-2,-2,-2,-1/2,-1/2,3,-3/2,-3/2,True,True,1
-3,-2,-2,-2,0,0,-2,0,0,True,True,1
-3,-2,-2,-2,0,0,0,0,0,True,True,1
-3,-2,-2,-2,0,0,3,0,0,True,True,1
-3,-2,-2,-2,3/8,5/8,-2,-3/2,-7/8,True,False,4
-3,-2,-2,-2,3/8,5/8,0,-1/4,1/4,True,False,4
-3,-2,-2,-2,3/8,5/8,3,7/8,17/8,True,False,4
-3,-2,-2,-2,-1/100,1/100,-2,-1/50,1/50,True,True,2
-3,-2,-2,-2,-1/100,1/100,0,-1/25,1/25,True,True,2
-3,-2,-2,-2,-1/100,1/100,3,-7/100,7/100,True,True,2
-3,-2,-2,-2,-11/7,-5/7,-2,11/8,25/8,True,False,12
-3,-2,-2,-2,-11/7,-5/7,0,-1/4,1/4,True,False,12
-3,-2,-2,-2,-11/7,-5/7,3,-79/16,-2,True,True,12
-3,-2,-2,-2,31/16,33/16,-2,-33/8,-31/8,True,False,2
-3,-2,-2,-2,31/16,33/16,0,-1/4,1/4,True,False,2
-3,-2,-2,-2,31/16,33/16,3,89/16,103/16,True,False,2
-3,-2,-2,-1,-2,2,-2,-65/16,65/16,True,False,50
-3,-2,-2,-1,-2,2,0,-3/16,3/16,True,False,50
-3,-2,-2,-1,-2,2,3,-6,6,True,True,50
-3,-2,-2,-1,0,1,-2,-33/16,1/16,True,False,14
-3,-2,-2,-1,0,1,0,-3/16,3/16,True,False,14
-3,-2,-2,-1,0,1,3,0,3,True,True,14
-3,-2,-2,-1,1/7,13/7,-2,-59/16,-5/16,True,False,22
-3,-2,-2,-1,1/7,13/7,0,-3/16,3/16,True,False,22
-3,-2,-2,-1,1/7,13/7,3,5/14,79/14,True,True,22
-3,-2,-2,-1,-3/4,-1/4,-2,7/16,25/16,True,False,8
-3,-2,-2,-1,-3/4,-1/4,0,-3/16,3/16,True,False,8
-3,-2,-2,-1,-3/4,-1/4,3,-9/4,-3/4,True,True,8
-3,-2,-2,-1,1/2,1/2,-2,-1,-1,True,True,1
-3,-2,-2,-1,1/2,1/2,0,0,0,True,True,1
-3,-2,-2,-1,1/2,1/2,3,3/2,3/2,True,True,1
-3,-2,-2,-1,-1/2,-1/2,-2,1,1,True,True,1
-3,-2,-2,-1,-1/2,-1/2,0,0,0,True,True,1
-3,-2,-2,-1,-1/2,-1/2,3,-3/2,-3/2,True,True,1
-3,-2,-2,-1,0,0,-2,0,0,True,True,1
-3,-2,-2,-1,0,0,0,0,0,True,True,1
-3,-2,-2,-1,0,0,3,0,0,True,True,1
-3,-2,-2,-1,3/8,5/8,-2,-11/8,-13/16,True,False,4
-3,-2,-2,-1,3/8,5/8,0,-3/16,3/16,True,False,4
-3,-2,-2,-1,3/8,5/8,3,1,2,True,False,4
-3,-2,-2,-1,-1/100,1/100,-2,-1/100,1/100,True,True,2
-3,-2,-2,-1,-1/100,1/100,0,-3/100,3/100,True,True,2
-3,-2,-2,-1,-1/100,1/100,3,-3/50,3/50,True,True,2
-3,-2,-2,-1,-11/7,-5/7,-2,23/16,51/16,True,False,12
-3,-2,-2,-1,-11/7,-5/7,0,-3/16,3/16,True,False,12
-3,-2,-2,-1,-11/7,-5/7,3,-39/8,-57/28,True,True,12
-3,-2,-2,-1,31/16,33/16,-2,-67/16,-63/16,True,False,2
-3,-2,-2,-1,31/16,33/16,0,-3/16,3/16,True,False,2
-3,-2,-2,-1,31/16,33/16,3,45/8,51/8,True,False,2
-3,-2,-2,0,-2,2,-2,-4,4,True,True,50
-3,-2,-2,0,-2,2,0,-1/8,1/8,True,False,50
-3,-2,-2,0,-2,2,3,-6,6,True,True,50
-3,-2,-2,0,0,1,-2,-2,0,True,True,14
-3,-2,-2,0,0,1,0,-1/8,1/8,True,False,14
-3,-2,-2,0,0,1,3,0,3,True,True,14
-3,-2,-2,0,1/7,13/7,-2,-15/4,-1/4,True,True,22
-3,-2,-2,0,1/7,13/7,0,-1/8,1/8,True,False,22
-3,-2,-2,0,1/7,13/7,3,7/16,89/16,True,False,22
-3,-2,-2,0,-3/4,-1/4,-2,1/2,3/2,True,True,8
-3,-2,-2,0,-3/4,-1/4,0,-1/8,1/8,True,False,8
-3,-2,-2,0,-3/4,-1/4,3,-9/4,-3/4,True,True,8
-3,-2,-2,0,1/2,1/2,-2,-1,-1,True,True,1
-3,-2,-2,0,1/2,1/2,0,0,0,True,True,1
-3,-2,-2,0,1/2,1/2,3,3/2,3/2,True,True,1
-3,-2,-2,0,-1/2,-1/2,-2,1,1,True,True,1
-3,-2,-2,0,-1/2,-1/2,0,0,0,True,True,1
-3,-2,-2,0,-1/2,-1/2,3,-3/2,-3/2,True,True,1
-3,-2,-2,0,0,0,-2,0,0,True,True,1
-3,-2,-2,0,0,0,0,0,0,True,True,1
-3,-2,-2,0,0,0,3,0,0,True,True,1
-3,-2,-2,0,3/8,5/8,-2,-5/4,-3/4,True,True,4
-3,-2,-2,0,3/8,5/8,0,-1/8,1/8,True,False,4
-3,-2,-2,0,3/8,5/8,3,9/8,15/8,True,True,4
-3,-2,-2,0,-1/100,1/100,-2,0,0,True,True,2
-3,-2,-2,0,-1/100,1/100,0,-1/50,1/50,True,True,2
-3,-2,-2,0,-1/100,1/100,3,-1/20,1/20,True,True,2
-3,-2,-2,0,-11/7,-5/7,-2,3/2,13/4,True,True,12
-3,-2,-2,0,-11/7,-5/7,0,-1/8,1/8,True,False,12
-3,-2,-2,0,-11/7,-5/7,3,-77/16,-29/14,True,True,12
-3,-2,-2,0,31/16,33/16,-2,-17/4,-4,True,True,2
-3,-2,-2,0,31/16,33/16,0,-1/8,1/8,True,False,2
-3,-2,-2,0,31/16,33/16,3,91/16,101/16,True,False,2
-3,-2,-2,1,-2,2,-2,-4,4,True,True,50
-3,-2,-2,1,-2,2,0,-3/16,3/16,True,False,50
-3,-2,-2,1,-2,2,3,-6,6,True,True,50
-3,-2,-2,1,0,1,-2,-2,0,True,True,14
-3,-2,-2,1,0,1,0,-3/16,3/16,True,False,14
-3,-2,-2,1,0,1,3,0,3,True,True,14
-3,-2,-2,1,1/7,13/7,-2,-27/7,-1/7,True,True,22
-3,-2,-2,1,1/7,13/7,0,-3/16,3/16,True,False,22
-3,-2,-2,1,1/7,13/7,3,1/2,11/2,True,False,22
-3,-2,-2,1,-3/4,-1/4,-2,1/2,3/2,True,True,8
-3,-2,-2,1,-3/4,-1/4,0,-3/16,3/16,True,False,8
-3,-2,-2,1,-3/4,-1/4,3,-9/4,-3/4,True,True,8
-3,-2,-2,1,1/2,1/2,-2,-1,-1,True,True,1
-3,-2,-2,1,1/2,1/2,0,0,0,True,True,1
-3,-2,-2,1,1/2,1/2,3,3/2,3/2,True,True,1
-3,-2,-2,1,-1/2,-1/2,-2,1,1,True,True,1
-3,-2,-2,1,-1/2,-1/2,0,0,0,True,True,1
-3,-2,-2,1,-1/2,-1/2,3,-3/2,-3/2,True,True,1
-3,-2,-2,1,0,0,-2,0,0,True,True,1
-3,-2,-2,1,0,0,0,0,0,True,True,1
-3,-2,-2,1,0,0,3,0,0,True,True,1
-3,-2,-2,1,3/8,5/8,-2,-11/8,-5/8,False,True,4
-3,-2,-2,1,3/8,5/8,0,-3/16,3/16,True,False,4
-3,-2,-2,1,3/8,5/8,3,5/4,2,True,True,4
-3,-2,-2,1,-1/100,1/100,-2,-1/100,1/100,True,True,2
-3,-2,-2,1,-1/100,1/100,0,-1/100,1/100,True,True,2
-3,-2,-2,1,-1/100,1/100,3,-1/25,1/25,True,True,2
-3,-2,-2,1,-11/7,-5/7,-2,41/28,93/28,True,True,12
-3,-2,-2,1,-11/7,-5/7,0,-3/16,3/16,True,False,12
-3,-2,-2,1,-11/7,-5/7,3,-19/4,-59/28,True,True,12
-3,-2,-2,1,31/16,33/16,-2,-69/16,-63/16,True,True,2
-3,-2,-2,1,31/16,33/16,0,-3/16,1/16,True,False,2
-3,-2,-2,1,31/16,33/16,3,23/4,25/4,True,False,2
-3,-2,-2,2,-2,2,-2,-4,4,True,True,50
-3,-2,-2,2,-2,2,0,-1/4,1/4,True,True,50
-3,-2,-2,2,-2,2,3,-97/16,97/16,True,False,50
-3,-2,-2,2,0,1,-2,-2,0,True,True,14
-3,-2,-2,2,0,1,0,-1/4,1/4,True,True,14
-3,-2,-2,2,0,1,3,-1/16,49/16,True,False,14
-3,-2,-2,2,1/7,13/7,-2,-111/28,-1/28,True,True,22
-3,-2,-2,2,1/7,13/7,0,-1/4,1/4,True,True,22
-3,-2,-2,2,1/7,13/7,3,9/16,87/16,True,False,22
-3,-2,-2,2,-3/4,-1/4,-2,1/2,3/2,True,True,8
-3,-2,-2,2,-3/4,-1/4,0,-1/4,1/4,True,True,8
-3,-2,-2,2,-3/4,-1/4,3,-37/16,-11/16,True,False,8
-3,-2,-2,2,1/2,1/2,-2,-1,-1,True,True,1
-3,-2,-2,2,1/2,1/2,0,0,0,True,True,1
-3,-2,-2,2,1/2,1/2,3,3/2,3/2,True,True,1
-3,-2,-2,2,-1/2,-1/2,-2,1,1,True,True,1
-3,-2,-2,2,-1/2,-1/2,0,0,0,True,True,1
-3,-2,-2,2,-1/2,-1/2,3,-3/2,-3/2,True,True,1
-3,-2,-2,2,0,0,-2,0,0,True,True,1
-3,-2,-2,2,0,0,0,0,0,True,True,1
-3,-2,-2,2,0,0,3,0,0,True,True,1
-3,-2,-2,2,3/8,5/8,-2,-3/2,-1/2,False,True,4
-3,-2,-2,2,3/8,5/8,0,-1/4,1/4,True,True,4
-3,-2,-2,2,3/8,5/8,3,21/16,17/8,True,True,4
-3,-2,-2,2,-1/100,1/100,-2,-1/50,1/50,True,True,2
-3,-2,-2,2,-1/100,1/100,0,0,0,True,True,2
-3,-2,-2,2,-1/100,1/100,3,-3/100,3/100,True,True,2
-3,-2,-2,2,-11/7,-5/7,-2,10/7,95/28,True,True,12
-3,-2,-2,2,-11/7,-5/7,0,-1/4,1/4,True,True,12
-3,-2,-2,2,-11/7,-5/7,3,-75/16,-15/7,True,True,12
-3,-2,-2,2,31/16,33/16,-2,-35/8,-31/8,True,True,2
-3,-2,-2,2,31/16,33/16,0,-1/4,0,True,True,2
-3,-2,-2,2,31/16,33/16,3,93/16,99/16,True,False,2
-3,-2,-1,-2,-2,2,-2,-65/16,65/16,True,False,50
-3,-2,-1,-2,-2,2,0,-1/4,1/4,True,False,50
-3,-2,-1,-2,-2,2,3,-6,6,True,True,50
-3,-2,-1,-2,0,1,-2,-33/16,1/16,True,False,14
-3,-2,-1,-2,0,1,0,-1/4,1/4,True,False,14
-3,-2,-1,-2,0,1,3,0,3,True,True,14
-3,-2,-1,-2,1/7,13/7,-2,-57/16,-7/16,True,False,22
-3,-2,-1,-2,1/7,13/7,0,-1/4,1/4,True,False,22
-3,-2,-1,-2,1/7,13/7,3,13/56,323/56,True,True,22
-3,-2,-1,-2,-3/4,-1/4,-2,7/16,25/16,True,False,8
-3,-2,-1,-2,-3/4,-1/4,0,-1/4,1/4,True,False,8
-3,-2,-1,-2,-3/4,-1/4,3,-9/4,-3/4,True,True,8
-3,-2,-1,-2,1/2,1/2,-2,-1,-1,True,True,1
-3,-2,-1,-2,1/2,1/2,0,0,0,True,True,1
-3,-2,-1,-2,1/2,1/2,3,3/2,3/2,True,True,1
-3,-2,-1,-2,-1/2,-1/2,-2,1,1,True,True,1
-3,-2,-1,-2,-1/2,-1/2,0,0,0,True,True,1
-3,-2,-1,-2,-1/2,-1/2,3,-3/2,-3/2,True,True,1
-3,-2,-1,-2,0,0,-2,0,0,True,True,1
-3,-2,-1,-2,0,0,0,0,0,True,True,1
-3,-2,-1,-2,0,0,3,0,0,True,True,1
-3,-2,-1,-2,3/8,5/8,-2,-3/2,-15/16,True,False,4
-3,-2,-1,-2,3/8,5/8,0,-1/4,1/4,True,False,4
-3,-2,-1,-2,3/8,5/8,3,7/8,17/8,True,False,4
-3,-2,-1,-2,-1/100,1/100,-2,-1/100,1/100,True,True,2
-3,-2,-1,-2,-1/100,1/100,0,-3/100,3/100,True,True,2
-3,-2,-1,-2,-1/100,1/100,3,-3/50,3/50,True,True,2
-3,-2,-1,-2,-11/7,-5/7,-2,23/16,49/16,True,False,12
-3,-2,-1,-2,-11/7,-5/7,0,-1/4,1/4,True,False,12
-3,-2,-1,-2,-11/7,-5/7,3,-39/8,-57/28,True,True,12
-3,-2,-1,-2,31/16,33/16,-2,-65/16,-63/16,True,False,2
-3,-2,-1,-2,31/16,33/16,0,-3/16,3/16,True,False,2
-3,-2,-1,-2,31/16,33/16,3,45/8,51/8,True,False,2
-3,-2,-1,-1,-2,2,-2,-4,4,True,True,50
-3,-2,-1,-1,-2,2,0,-1/8,1/8,True,False,50
-3,-2,-1,-1,-2,2,3,-6,6,True,True,50
-3,-2,-1,-1,0,1,-2,-2,0,True,True,14
-3,-2,-1,-1,0,1,0,-1/8,1/8,True,False,14
-3,-2,-1,-1,0,1,3,0,3,True,True,14
-3,-2,-1,-1,1/7,13/7,-2,-29/8,-3/8,True,True,22
-3,-2,-1,-1,1/7,13/7,0,-1/8,1/8,True,False,22
-3,-2,-1,-1,1/7,13/7,3,19/56,317/56,True,True,22
-3,-2,-1,-1,-3/4,-1/4,-2,1/2,3/2,True,True,8
-3,-2,-1,-1,-3/4,-1/4,0,-1/8,1/8,True,False,8
-3,-2,-1,-1,-3/4,-1/4,3,-9/4,-3/4,True,True,8
-3,-2,-1,-1,1/2,1/2,-2,-1,-1,True,True,1
-3,-2,-1,-1,1/2,1/2,0,0,0,True,True,1
-3,-2,-1,-1,1/2,1/2,3,3/2,3/2,True,True,1
-3,-2,-1,-1,-1/2,-1/2,-2,1,1,True,True,1
-3,-2,-1,-1,-1/2,-1/2,0,0,0,True,True,1
-3,-2,-1,-1,-1/2,-1/2,3,-3/2,-3/2,True,True,1
-3,-2,-1,-1,0,0,-2,0,0,True,True,1
-3,-2,-1,-1,0,0,0,0,0,True,True,1
-3,-2,-1,-1,0,0,3,0,0,True,True,1
-3,-2,-1,-1,3/8,5/8,-2,-11/8,-7/8,True,True,4
-3,-2,-1,-1,3/8,5/8,0,-1/8,1/8,True,False,4
-3,-2,-1,-1,3/8,5/8,3,1,2,True,False,4
-3,-2,-1,-1,-1/100,1/100,-2,0,0,True,True,2
-3,-2,-1,-1,-1/100,1/100,0,-1/50,1/50,True,True,2
-3,-2,-1,-1,-1/100,1/100,3,-1/20,1/20,True,True,2
-3,-2,-1,-1,-11/7,-5/7,-2,3/2,25/8,True,True,12
-3,-2,-1,-1,-11/7,-5/7,0,-1/8,1/8,True,False,12
-3,-2,-1,-1,-11/7,-5/7,3,-77/16,-29/14,True,True,12
-3,-2,-1,-1,31/16,33/16,-2,-33/8,-4,True,True,2
-3,-2,-1,-1,31/16,33/16,0,-1/8,1/8,True,False,2
-3,-2,-1,-1,31/16,33/16,3,91/16,101/16,True,False,2
-3,-2,-1,0,-2,2,-2,-4,4,True,True,50
-3,-2,-1,0,-2,2,0,-1/16,1/16,True,False,50
-3,-2,-1,0,-2,2,3,-6,6,True,True,50
-3,-2,-1,0,0,1,-2,-2,0,True,True,14
-3,-2,-1,0,0,1,0,-1/16,1/16,True,False,14
-3,-2,-1,0,0,1,3,0,3,True,True,14
-3,-2,-1,0,1/7,13/7,-2,-209/56,-15/56,True,True,22
-3,-2,-1,0,1/7,13/7,0,-1/16,1/16,True,False,22
-3,-2,-1,0,1/7,13/7,3,25/56,311/56,True,True,22
-3,-2,-1,0,-3/4,-1/4,-2,1/2,3/2,True,True,8
-3,-2,-1,0,-3/4,-1/4,0,-1/16,1/16,True,False,8
-3,-2,-1,0,-3/4,-1/4,3,-9/4,-3/4,True,True,8
-3,-2,-1,0,1/2,1/2,-2,-1,-1,True,True,1
-3,-2,-1,0,1/2,1/2,0,0,0,True,True,1
-3,-2,-1,0,1/2,1/2,3,3/2,3/2,True,True,1
-3,-2,-1,0,-1/2,-1/2,-2,1,1,True,True,1
-3,-2,-1,0,-1/2,-1/2,0,0,0,True,True,1
-3,-2,-1,0,-1/2,-1/2,3,-3/2,-3/2,True,True,1
-3,-2,-1,0,0,0,-2,0,0,True,True,1
-3,-2,-1,0,0,0,0,0,0,True,True,1
-3,-2,-1,0,0,0,3,0,0,True,True,1
-3,-2,-1,0,3/8,5/8,-2,-5/4,-3/4,True,True,4
-3,-2,-1,0,3/8,5/8,0,-1/16,1/16,True,False,4
-3,-2,-1,0,3/8,5/8,3,9/8,15/8,True,True,4
-3,-2,-1,0,-1/100,1/100,-2,-1/100,1/100,True,True,2
-3,-2,-1,0,-1/100,1/100,0,-1/100,1/100,True,True,2
-3,-2,-1,0,-1/100,1/100,3,-1/25,1/25,True,True,2
-3,-2,-1,0,-11/7,-5/7,-2,41/28,179/56,True,True,12
-3,-2,-1,0,-11/7,-5/7,0,-1/16,1/16,True,False,12
-3,-2,-1,0,-11/7,-5/7,3,-19/4,-59/28,True,True,12
-3,-2,-1,0,31/16,33/16,-2,-67/16,-63/16,True,True,2
-3,-2,-1,0,31/16,33/16,0,-1/16,1/16,True,False,2
-3,-2,-1,0,31/16,33/16,3,23/4,25/4,True,False,2
-3,-2,-1,1,-2,2,-2,-4,4,True,True,50
-3,-2,-1,1,-2,2,0,-1/8,1/8,True,True,50
-3,-2,-1,1,-2,2,3,-6,6,True,True,50
-3,-2,-1,1,0,1,-2,-2,0,True,True,14
-3,-2,-1,1,0,1,0,-1/8,1/8,True,True,14
-3,-2,-1,1,0,1,3,0,3,True,True,14
-3,-2,-1,1,1/7,13/7,-2,-215/56,-9/56,True,True,22
-3,-2,-1,1,1/7,13/7,0,-1/8,1/8,True,True,22
-3,-2,-1,1,1/7,13/7,3,31/56,305/56,True,True,22
-3,-2,-1,1,-3/4,-1/4,-2,1/2,3/2,True,True,8
-3,-2,-1,1,-3/4,-1/4,0,-1/8,1/8,True,True,8
-3,-2,-1,1,-3/4,-1/4,3,-9/4,-3/4,True,True,8
-3,-2,-1,1,1/2,1/2,-2,-1,-1,True,True,1
-3,-2,-1,1,1/2,1/2,0,0,0,True,True,1
-3,-2,-1,1,1/2,1/2,3,3/2,3/2,True,True,1
-3,-2,-1,1,-1/2,-1/2,-2,1,1,True,True,1
-3,-2,-1,1,-1/2,-1/2,0,0,0,True,True,1
-3,-2,-1,1,-1/2,-1/2,3,-3/2,-3/2,True,True,1
-3,-2,-1,1,0,0,-2,0,0,True,True,1
-3,-2,-1,1,0,0,0,0,0,True,True,1
-3,-2,-1,1,0,0,3,0,0,True,True,1
-3,-2,-1,1,3/8,5/8,-2,-11/8,-5/8,False,True,4
-3,-2,-1,1,3/8,5/8,0,-1/8,1/8,True,True,4
-3,-2,-1,1,3/8,5/8,3,5/4,2,True,True,4
-3,-2,-1,1,-1/100,1/100,-2,-1/50,1/50,True,True,2
-3,-2,-1,1,-1/100,1/100,0,0,0,True,True,2
-3,-2,-1,1,-1/100,1/100,3,-3/100,3/100,True,True,2
-3,-2,-1,1,-11/7,-5/7,-2,10/7,183/56,True,True,12
-3,-2,-1,1,-11/7,-5/7,0,-1/8,1/8,True,True,12
-3,-2,-1,1,-11/7,-5/7,3,-75/16,-15/7,True,True,12
-3,-2,-1,1,31/16,33/16,-2,-17/4,-31/8,True,True,2
-3,-2,-1,1,31/16,33/16,0,-1/8,0,True,True,2
-3,-2,-1,1,31/16,33/16,3,93/16,99/16,True,False,2
-3,-2,-1,2,-2,2,-2,-4,4,True,True,50
-3,-2,-1,2,-2,2,0,-1/4,1/4,False,True,50
-3,-2,-1,2,-2,2,3,-6,6,True,True,50
-3,-2,-1,2,0,1,-2,-2,0,True,True,14
-3,-2,-1,2,0,1,0,-1/4,1/4,False,True,14
-3,-2,-1,2,0,1,3,0,3,True,True,14
-3,-2,-1,2,1/7,13/7,-2,-221/56,-3/56,True,True,22
-3,-2,-1,2,1/7,13/7,0,-1/4,1/4,False,True,22
-3,-2,-1,2,1/7,13/7,3,5/8,43/8,True,False,22
-3,-2,-1,2,-3/4,-1/4,-2,1/2,3/2,True,True,8
-3,-2,-1,2,-3/4,-1/4,0,-1/4,1/4,False,True,8
-3,-2,-1,2,-3/4,-1/4,3,-9/4,-3/4,True,True,8
-3,-2,-1,2,1/2,1/2,-2,-1,-1,True,True,1
-3,-2,-1,2,1/2,1/2,0,0,0,True,True,1
-3,-2,-1,2,1/2,1/2,3,3/2,3/2,True,True,1
-3,-2,-1,2,-1/2,-1/2,-2,1,1,True,True,1
-3,-2,-1,2,-1/2,-1/2,0,0,0,True,True,1
-3,-2,-1,2,-1/2,-1/2,3,-3/2,-3/2,True,True,1
-3,-2,-1,2,0,0,-2,0,0,True,True,1
-3,-2,-1,2,0,0,0,0,0,True,True,1
-3,-2,-1,2,0,0,3,0,0,True,True,1
-3,-2,-1,2,3/8,5/8,-2,-3/2,-1/2,False,True,4
-3,-2,-1,2,3/8,5/8,0,-1/4,1/4,False,True,4
-3,-2,-1,2,3/8,5/8,3,11/8,17/8,True,True,4
-3,-2,-1,2,-1/100,1/100,-2,-3/100,3/100,True,True,2
-3,-2,-1,2,-1/100,1/100,0,-1/100,1/100,True,True,2
-3,-2,-1,2,-1/100,1/100,3,-1/50,1/50,True,True,2
-3,-2,-1,2,-11/7,-5/7,-2,39/28,187/56,True,True,12
-3,-2,-1,2,-11/7,-5/7,0,-1/4,1/4,False,True,12
-3,-2,-1,2,-11/7,-5/7,3,-37/8,-61/28,True,True,12
-3,-2,-1,2,31/16,33/16,-2,-69/16,-61/16,True,True,2
-3,-2,-1,2,31/16,33/16,0,-3/16,1/16,True,True,2
-3,-2,-1,2,31/16,33/16,3,47/8,49/8,True,False,2
-3,-2,0,-2,-2,2,-2,-4,4,True,True,50
-3,-2,0,-2,-2,2,0,-1/4,1/4,True,False,50
-3,-2,0,-2,-2,2,3,-6,6,True,True,50
-3,-2,0,-2,0,1,-2,-2,0,True,True,14
-3,-2,0,-2,0,1,0,-1/4,1/4,True,False,14
-3,-2,0,-2,0,1,3,0,3,True,True,14
-3,-2,0,-2,1/7,13/7,-2,-7/2,-1/2,True,True,22
-3,-2,0,-2,1/7,13/7,0,-1/4,1/4,True,False,22
-3,-2,0,-2,1/7,13/7,3,3/14,81/14,True,True,22
-3,-2,0,-2,-3/4,-1/4,-2,1/2,3/2,True,True,8
-3,-2,0,-2,-3/4,-1/4,0,-1/4,1/4,True,False,8
-3,-2,0,-2,-3/4,-1/4,3,-9/4,-3/4,True,True,8
-3,-2,0,-2,1/2,1/2,-2,-1,-1,True,True,1
-3,-2,0,-2,1/2,1/2,0,0,0,True,True,1
-3,-2,0,-2,1/2,1/2,3,3/2,3/2,True,True,1
-3,-2,0,-2,-1/2,-1/2,-2,1,1,True,True,1
-3,-2,0,-2,-1/2,-1/2,0,0,0,True,True,1
-3,-2,0,-2,-1/2,-1/2,3,-3/2,-3/2,True,True,1
-3,-2,0,-2,0,0,-2,0,0,True,True,1
-3,-2,0,-2,0,0,0,0,0,True,True,1
-3,-2,0,-2,0,0,3,0,0,True,True,1
-3,-2,0,-2,3/8,5/8,-2,-3/2,-1,True,True,4
-3,-2,0,-2,3/8,5/8,0,-1/4,1/4,True,False,4
-3,-2,0,-2,3/8,5/8,3,7/8,17/8,True,False,4
-3,-2,0,-2,-1/100,1/100,-2,0,0,True,True,2
-3,-2,0,-2,-1/100,1/100,0,-1/50,1/50,True,True,2
-3,-2,0,-2,-1/100,1/100,3,-1/20,1/20,True,True,2
-3,-2,0,-2,-11/7,-5/7,-2,3/2,3,True,True,12
-3,-2,0,-2,-11/7,-5/7,0,-1/4,1/4,True,False,12
-3,-2,0,-2,-11/7,-5/7,3,-34/7,-29/14,True,True,12
-3,-2,0,-2,31/16,33/16,-2,-4,-4,True,True,2
-3,-2,0,-2,31/16,33/16,0,-1/8,1/8,True,True,2
-3,-2,0,-2,31/16,33/16,3,91/16,101/16,True,True,2
-3,-2,0,-1,-2,2,-2,-4,4,True,True,50
-3,-2,0,-1,-2,2,0,-1/8,1/8,True,False,50
-3,-2,0,-1,-2,2,3,-6,6,True,True,50
-3,-2,0,-1,0,1,-2,-2,0,True,True,14
-3,-2,0,-1,0,1,0,-1/8,1/8,True,False,14
-3,-2,0,-1,0,1,3,0,3,True,True,14
-3,-2,0,-1,1/7,13/7,-2,-101/28,-11/28,True,True,22
-3,-2,0,-1,1/7,13/7,0,-1/8,1/8,True,False,22
-3,-2,0,-1,1/7,13/7,3,9/28,159/28,True,True,22
-3,-2,0,-1,-3/4,-1/4,-2,1/2,3/2,True,True,8
-3,-2,0,-1,-3/4,-1/4,0,-1/8,1/8,True,False,8
-3,-2,0,-1,-3/4,-1/4,3,-9/4,-3/4,True,True,8
-3,-2,0,-1,1/2,1/2,-2,-1,-1,True,True,1
-3,-2,0,-1,1/2,1/2,0,0,0,True,True,1
-3,-2,0,-1,1/2,1/2,3,3/2,3/2,True,True,1
-3,-2,0,-1,-1/2,-1/2,-2,1,1,True,True,1
-3,-2,0,-1,-1/2,-1/2,0,0,0,True,True,1
-3,-2,0,-1,-1/2,-1/2,3,-3/2,-3/2,True,True,1
-3,-2,0,-1,0,0,-2,0,0,True,True,1
-3,-2,0,-1,0,0,0,0,0,True,True,1
-3,-2,0,-1,0,0,3,0,0,True,True,1
-3,-2,0,-1,3/8,5/8,-2,-11/8,-7/8,True,True,4
-3,-2,0,-1,3/8,5/8,0,-1/8,1/8,True,False,4
-3,-2,0,-1,3/8,5/8,3,1,2,True,False,4
-3,-2,0,-1,-1/100,1/100,-2,-1/100,1/100,True,True,2
-3,-2,0,-1,-1/100,1/100,0,-1/100,1/100,True,True,2
-3,-2,0,-1,-1/100,1/100,3,-1/25,1/25,True,True,2
-3,-2,0,-1,-11/7,-5/7,-2,41/28,43/14,True,True,12
-3,-2,0,-1,-11/7,-5/7,0,-1/8,1/8,True,False,12
-3,-2,0,-1,-11/7,-5/7,3,-67/14,-59/28,True,True,12
-3,-2,0,-1,31/16,33/16,-2,-65/16,-63/16,True,True,2
-3,-2,0,-1,31/16,33/16,0,-1/16,1/16,True,True,2
-3,-2,0,-1,31/16,33/16,3,23/4,25/4,True,True,2
-3,-2,0,0,-2,2,-2,-4,4,True,True,50
-3,-2,0,0,-2,2,0,0,0,True,True,50
-3,-2,0,0,-2,2,3,-6,6,True,True,50
-3,-2,0,0,0,1,-2,-2,0,True,True,14
-3,-2,0,0,0,1,0,0,0,True,True,14
-3,-2,0,0,0,1,3,0,3,True,True,14
-3,-2,0,0,1/7,13/7,-2,-26/7,-2/7,True,True,22
-3,-2,0,0,1/7,13/7,0,0,0,True,True,22
-3,-2,0,0,1/7,13/7,3,3/7,39/7,True,True,22
-3,-2,0,0,-3/4,-1/4,-2,1/2,3/2,True,True,8
-3,-2,0,0,-3/4,-1/4,0,0,0,True,True,8
-3,-2,0,0,-3/4,-1/4,3,-9/4,-3/4,True,True,8
-3,-2,0,0,1/2,1/2,-2,-1,-1,True,True,1
-3,-2,0,0,1/2,1/2,0,0,0,True,True,1
-3,-2,0,0,1/2,1/2,3,3/2,3/2,True,True,1
-3,-2,0,0,-1/2,-1/2,-2,1,1,True,True,1
-3,-2,0,0,-1/2,-1/2,0,0,0,True,True,1
-3,-2,0,0,-1/2,-1/2,3,-3/2,-3/2,True,True,1
-3,-2,0,0,0,0,-2,0,0,True,True,1
-3,-2,0,0,0,0,0,0,0,True,True,1
-3,-2,0,0,0,0,3,0,0,True,True,1
-3,-2,0,0,3/8,5/8,-2,-5/4,-3/4,True,True,4
-3,-2,0,0,3/8,5/8,0,0,0,True,True,4
-3,-2,0,0,3/8,5/8,3,9/8,15/8,True,True,4
-3,-2,0,0,-1/100,1/100,-2,-1/50,1/50,True,True,2
-3,-2,0,0,-1/100,1/100,0,0,0,True,True,2
-3,-2,0,0,-1/100,1/100,3,-3/100,3/100,True,True,2
-3,-2,0,0,-11/7,-5/7,-2,10/7,22/7,True,True,12
-3,-2,0,0,-11/7,-5/7,0,0,0,True,True,12
-3,-2,0,0,-11/7,-5/7,3,-33/7,-15/7,True,True,12
-3,-2,0,0,31/16,33/16,-2,-33/8,-31/8,True,True,2
-3,-2,0,0,31/16,33/16,0,0,0,True,True,2
-3,-2,0,0,31/16,33/16,3,93/16,99/16,True,True,2
-3,-2,0,1,-2,2,-2,-4,4,True,True,50
-3,-2,0,1,-2,2,0,-1/8,1/8,False,True,50
-3,-2,0,1,-2,2,3,-6,6,True,True,50
-3,-2,0,1,0,1,-2,-2,0,True,True,14
-3,-2,0,1,0,1,0,-1/8,1/8,False,True,14
-3,-2,0,1,0,1,3,0,3,True,True,14
-3,-2,0,1,1/7,13/7,-2,-107/28,-5/28,True,True,22
-3,-2,0,1,1/7,13/7,0,-1/8,1/8,False,True,22
-3,-2,0,1,1/7,13/7,3,15/28,153/28,True,True,22
-3,-2,0,1,-3/4,-1/4,-2,1/2,3/2,True,True,8
-3,-2,0,1,-3/4,-1/4,0,-1/8,1/8,False,True,8
-3,-2,0,1,-3/4,-1/4,3,-9/4,-3/4,True,True,8
-3,-2,0,1,1/2,1/2,-2,-1,-1,True,True,1
-3,-2,0,1,1/2,1/2,0,0,0,True,True,1
-3,-2,0,1,1/2,1/2,3,3/2,3/2,True,True,1
-3,-2,0,1,-1/2,-1/2,-2,1,1,True,True,1
-3,-2,0,1,-1/2,-1/2,0,0,0,True,True,1
-3,-2,0,1,-1/2,-1/2,3,-3/2,-3/2,True,True,1
-3,-2,0,1,0,0,-2,0,0,True,True,1
-3,-2,0,1,0,0,0,0,0,True,True,1
-3,-2,0,1,0,0,3,0,0,True,True,1
-3,-2,0,1,3/8,5/8,-2,-11/8,-5/8,False,True,4
-3,-2,0,1,3/8,5/8,0,-1/8,1/8,False,True,4
-3,-2,0,1,3/8,5/8,3,5/4,2,True,True,4
-3,-2,0,1,-1/100,1/100,-2,-3/100,3/100,True,True,2
-3,-2,0,1,-1/100,1/100,0,-1/100,1/100,True,True,2
-3,-2,0,1,-1/100,1/100,3,-1/50,1/50,True,True,2
-3,-2,0,1,-11/7,-5/7,-2,39/28,45/14,True,True,12
-3,-2,0,1,-11/7,-5/7,0,-1/8,1/8,False,True,12
-3,-2,0,1,-11/7,-5/7,3,-65/14,-61/28,True,True,12
-3,-2,0,1,31/16,33/16,-2,-67/16,-61/16,True,True,2
-3,-2,0,1,31/16,33/16,0,-1/16,1/16,True,True,2
-3,-2,0,1,31/16,33/16,3,47/8,49/8,True,True,2
-3,-2,0,2,-2,2,-2,-4,4,True,True,50
-3,-2,0,2,-2,2,0,-1/4,1/4,False,True,50
-3,-2,0,2,-2,2,3,-6,6,True,True,50
-3,-2,0,2,0,1,-2,-2,0,True,True,14
-3,-2,0,2,0,1,0,-1/4,1/4,False,True,14
-3,-2,0,2,0,1,3,0,3,True,True,14
-3,-2,0,2,1/7,13/7,-2,-55/14,-1/14,True,True,22
-3,-2,0,2,1/7,13/7,0,-1/4,1/4,False,True,22
-3,-2,0,2,1/7,13/7,3,9/14,75/14,True,True,22
-3,-2,0,2,-3/4,-1/4,-2,1/2,3/2,True,True,8
-3,-2,0,2,-3/4,-1/4,0,-1/4,1/4,False,True,8
-3,-2,0,2,-3/4,-1/4,3,-9/4,-3/4,True,True,8
-3,-2,0,2,1/2,1/2,-2,-1,-1,True,True,1
-3,-2,0,2,1/2,1/2,0,0,0,True,True,1
-3,-2,0,2,1/2,1/2,3,3/2,3/2,True,True,1
-3,-2,0,2,-1/2,-1/2,-2,1,1,True,True,1
-3,-2,0,2,-1/2,-1/2,0,0,0,True,True,1
-3,-2,0,2,-1/2,-1/2,3,-3/2,-3/2,True,True,1
-3,-2,0,2,0,0,-2,0,0,True,True,1
-3,-2,0,2,0,0,0,0,0,True,True,1
-3,-2,0,2,0,0,3,0,0,True,True,1
-3,-2,0,2,3/8,5/8,-2,-3/2,-1/2,False,True,4
-3,-2,0,2,3/8,5/8,0,-1/4,1/4,False,True,4
-3,-2,0,2,3/8,5/8,3,11/8,17/8,True,True,4
-3,-2,0,2,-1/100,1/100,-2,-1/25,1/25,True,True,2
-3,-2,0,2,-1/100,1/100,0,-1/50,1/50,True,True,2
-3,-2,0,2,-1/100,1/100,3,-1/100,1/100,True,True,2
-3,-2,0,2,-11/7,-5/7,-2,19/14,23/7,True,True,12
-3,-2,0,2,-11/7,-5/7,0,-1/4,1/4,False,True,12
-3,-2,0,2,-11/7,-5/7,3,-32/7,-31/14,True,True,12
-3,-2,0,2,31/16,33/16,-2,-17/4,-15/4,True,True,2
-3,-2,0,2,31/16,33/16,0,-1/8,1/8,True,True,2
-3,-2,0,2,31/16,33/16,3,95/16,97/16,True,True,2
-3,-2,1,-2,-2,2,-2,-65/16,65/16,False,True,50
-3,-2,1,-2,-2,2,0,-1/4,1/4,True,False,50
-3,-2,1,-2,-2,2,3,-6,6,True,True,50
-3,-2,1,-2,0,1,-2,-33/16,1/16,False,True,14
-3,-2,1,-2,0,1,0,-1/4,1/4,True,False,14
-3,-2,1,-2,0,1,3,0,3,True,True,14
-3,-2,1,-2,1/7,13/7,-2,-57/16,-7/16,False,True,22
-3,-2,1,-2,1/7,13/7,0,-1/4,1/4,True,False,22
-3,-2,1,-2,1/7,13/7,3,11/56,325/56,True,True,22
-3,-2,1,-2,-3/4,-1/4,-2,7/16,25/16,False,True,8
-3,-2,1,-2,-3/4,-1/4,0,-1/4,1/4,True,False,8
-3,-2,1,-2,-3/4,-1/4,3,-9/4,-3/4,True,True,8
-3,-2,1,-2,1/2,1/2,-2,-1,-1,True,True,1
-3,-2,1,-2,1/2,1/2,0,0,0,True,True,1
-3,-2,1,-2,1/2,1/2,3,3/2,3/2,True,True,1
-3,-2,1,-2,-1/2,-1/2,-2,1,1,True,True,1
-3,-2,1,-2,-1/2,-1/2,0,0,0,True,True,1
-3,-2,1,-2,-1/2,-1/2,3,-3/2,-3/2,True,True,1
-3,-2,1,-2,0,0,-2,0,0,True,True,1
-3,-2,1,-2,0,0,0,0,0,True,True,1
-3,-2,1,-2,0,0,3,0,0,True,True,1
-3,-2,1,-2,3/8,5/8,-2,-3/2,-15/16,True,True,4
-3,-2,1,-2,3/8,5/8,0,-1/4,1/4,True,False,4
-3,-2,1,-2,3/8,5/8,3,7/8,17/8,True,False,4
-3,-2,1,-2,-1/100,1/100,-2,-1/100,1/100,True,True,2
-3,-2,1,-2,-1/100,1/100,0,-1/100,1/100,True,True,2
-3,-2,1,-2,-1/100,1/100,3,-1/25,1/25,True,True,2
-3,-2,1,-2,-11/7,-5/7,-2,23/16,49/16,False,True,12
-3,-2,1,-2,-11/7,-5/7,0,-1/4,1/4,True,False,12
-3,-2,1,-2,-11/7,-5/7,3,-275/56,-59/28,True,True,12
-3,-2,1,-2,31/16,33/16,-2,-65/16,-63/16,False,True,2
-3,-2,1,-2,31/16,33/16,0,-1/16,3/16,True,True,2
-3,-2,1,-2,31/16,33/16,3,23/4,51/8,True,True,2
-3,-2,1,-1,-2,2,-2,-4,4,True,True,50
-3,-2,1,-1,-2,2,0,-1/8,1/8,True,True,50
-3,-2,1,-1,-2,2,3,-6,6,True,True,50
-3,-2,1,-1,0,1,-2,-2,0,True,True,14
-3,-2,1,-1,0,1,0,-1/8,1/8,True,True,14
-3,-2,1,-1,0,1,3,0,3,True,True,14
-3,-2,1,-1,1/7,13/7,-2,-29/8,-3/8,False,True,22
-3,-2,1,-1,1/7,13/7,0,-1/8,1/8,True,True,22
-3,-2,1,-1,1/7,13/7,3,17/56,319/56,True,True,22
-3,-2,1,-1,-3/4,-1/4,-2,1/2,3/2,True,True,8
-3,-2,1,-1,-3/4,-1/4,0,-1/8,1/8,True,True,8
-3,-2,1,-1,-3/4,-1/4,3,-9/4,-3/4,True,True,8
-3,-2,1,-1,1/2,1/2,-2,-1,-1,True,True,1
-3,-2,1,-1,1/2,1/2,0,0,0,True,True,1
-3,-2,1,-1,1/2,1/2,3,3/2,3/2,True,True,1
-3,-2,1,-1,-1/2,-1/2,-2,1,1,True,True,1
-3,-2,1,-1,-1/2,-1/2,0,0,0,True,True,1
-3,-2,1,-1,-1/2,-1/2,3,-3/2,-3/2,True,True,1
-3,-2,1,-1,0,0,-2,0,0,True,True,1
-3,-2,1,-1,0,0,0,0,0,True,True,1
-3,-2,1,-1,0,0,3,0,0,True,True,1
-3,-2,1,-1,3/8,5/8,-2,-11/8,-7/8,True,True,4
-3,-2,1,-1,3/8,5/8,0,-1/8,1/8,True,True,4
-3,-2,1,-1,3/8,5/8,3,1,2,True,False,4
-3,-2,1,-1,-1/100,1/100,-2,-1/50,1/50,True,True,2
-3,-2,1,-1,-1/100,1/100,0,0,0,True,True,2
-3,-2,1,-1,-1/100,1/100,3,-3/100,3/100,True,True,2
-3,-2,1,-1,-11/7,-5/7,-2,10/7,25/8,True,True,12
-3,-2,1,-1,-11/7,-5/7,0,-1/8,1/8,True,True,12
-3,-2,1,-1,-11/7,-5/7,3,-271/56,-15/7,True,True,12
-3,-2,1,-1,31/16,33/16,-2,-33/8,-31/8,False,True,2
-3,-2,1,-1,31/16,33/16,0,0,1/8,True,True,2
-3,-2,1,-1,31/16,33/16,3,93/16,101/16,True,True,2
-3,-2,1,0,-2,2,-2,-4,4,True,True,50
-3,-2,1,0,-2,2,0,-1/16,1/16,False,True,50
-3,-2,1,0,-2,2,3,-6,6,True,True,50
-3,-2,1,0,0,1,-2,-2,0,True,True,14
-3,-2,1,0,0,1,0,-1/16,1/16,False,True,14
-3,-2,1,0,0,1,3,0,3,True,True,14
-3,-2,1,0,1/7,13/7,-2,-207/56,-17/56,True,True,22
-3,-2,1,0,1/7,13/7,0,-1/16,1/16,False,True,22
-3,-2,1,0,1/7,13/7,3,23/56,313/56,True,True,22
-3,-2,1,0,-3/4,-1/4,-2,1/2,3/2,True,True,8
-3,-2,1,0,-3/4,-1/4,0,-1/16,1/16,False,True,8
-3,-2,1,0,-3/4,-1/4,3,-9/4,-3/4,True,True,8
-3,-2,1,0,1/2,1/2,-2,-1,-1,True,True,1
-3,-2,1,0,1/2,1/2,0,0,0,True,True,1
-3,-2,1,0,1/2,1/2,3,3/2,3/2,True,True,1
-3,-2,1,0,-1/2,-1/2,-2,1,1,True,True,1
-3,-2,1,0,-1/2,-1/2,0,0,0,True,True,1
-3,-2,1,0,-1/2,-1/2,3,-3/2,-3/2,True,True,1
-3,-2,1,0,0,0,-2,0,0,True,True,1
-3,-2,1,0,0,0,0,0,0,True,True,1
-3,-2,1,0,0,0,3,0,0,True,True,1
-3,-2,1,0,3/8,5/8,-2,-5/4,-3/4,True,True,4
-3,-2,1,0,3/8,5/8,0,-1/16,1/16,False,True,4
-3,-2,1,0,3/8,5/8,3,9/8,15/8,True,True,4
-3,-2,1,0,-1/100,1/100,-2,-3/100,3/100,True,True,2
-3,-2,1,0,-1/100,1/100,0,-1/100,1/100,True,True,2
-3,-2,1,0,-1/100,1/100,3,-1/50,1/50,True,True,2
-3,-2,1,0,-11/7,-5/7,-2,39/28,51/16,True,True,12
-3,-2,1,0,-11/7,-5/7,0,-1/16,1/16,False,True,12
-3,-2,1,0,-11/7,-5/7,3,-267/56,-61/28,True,True,12
-3,-2,1,0,31/16,33/16,-2,-67/16,-61/16,False,True,2
-3,-2,1,0,31/16,33/16,0,-1/16,1/16,False,True,2
-3,-2,1,0,31/16,33/16,3,47/8,25/4,True,True,2
-3,-2,1,1,-2,2,-2,-4,4,True,True,50
-3,-2,1,1,-2,2,0,-1/8,1/8,False,True,50
-3,-2,1,1,-2,2,3,-6,6,True,True,50
-3,-2,1,1,0,1,-2,-2,0,True,True,14
-3,-2,1,1,0,1,0,-1/8,1/8,False,True,14
-3,-2,1,1,0,1,3,0,3,True,True,14
-3,-2,1,1,1/7,13/7,-2,-213/56,-11/56,True,True,22
-3,-2,1,1,1/7,13/7,0,-1/8,1/8,False,True,22
-3,-2,1,1,1/7,13/7,3,29/56,307/56,True,True,22
-3,-2,1,1,-3/4,-1/4,-2,1/2,3/2,True,True,8
-3,-2,1,1,-3/4,-1/4,0,-1/8,1/8,False,True,8
-3,-2,1,1,-3/4,-1/4,3,-9/4,-3/4,True,True,8
-3,-2,1,1,1/2,1/2,-2,-1,-1,True,True,1
-3,-2,1,1,1/2,1/2,0,0,0,True,True,1
-3,-2,1,1,1/2,1/2,3,3/2,3/2,True,True,1
-3,-2,1,1,-1/2,-1/2,-2,1,1,True,True,1
-3,-2,1,1,-1/2,-1/2,0,0,0,True,True,1
-3,-2,1,1,-1/2,-1/2,3,-3/2,-3/2,True,True,1
-3,-2,1,1,0,0,-2,0,0,True,True,1
-3,-2,1,1,0,0,0,0,0,True,True,1
-3,-2,1,1,0,0,3,0,0,True,True,1
-3,-2,1,1,3/8,5/8,-2,-11/8,-5/8,False,True,4
-3,-2,1,1,3/8,5/8,0,-1/8,1/8,False,True,4
-3,-2,1,1,3/8,5/8,3,5/4,2,True,True,4
-3,-2,1,1,-1/100,1/100,-2,-1/25,1/25,True,True,2
-3,-2,1,1,-1/100,1/100,0,-1/50,1/50,True,True,2
-3,-2,1,1,-1/100,1/100,3,-1/100,1/100,True,True,2
-3,-2,1,1,-11/7,-5/7,-2,19/14,13/4,True,True,12
-3,-2,1,1,-11/7,-5/7,0,-1/8,1/8,False,True,12
-3,-2,1,1,-11/7,-5/7,3,-263/56,-31/14,True,True,12
-3,-2,1,1,31/16,33/16,-2,-17/4,-15/4,False,True,2
-3,-2,1,1,31/16,33/16,0,-1/8,1/8,False,True,2
-3,-2,1,1,31/16,33/16,3,95/16,99/16,True,True,2
-3,-2,1,2,-2,2,-2,-4,4,True,True,50
-3,-2,1,2,-2,2,0,-1/4,1/4,False,True,50
-3,-2,1,2,-2,2,3,-6,6,True,True,50
-3,-2,1,2,0,1,-2,-2,0,True,True,14
-3,-2,1,2,0,1,0,-1/4,1/4,False,True,14
-3,-2,1,2,0,1,3,0,3,True,True,14
-3,-2,1,2,1/7,13/7,-2,-219/56,-5/56,True,True,22
-3,-2,1,2,1/7,13/7,0,-1/4,1/4,False,True,22
-3,-2,1,2,1/7,13/7,3,5/8,43/8,True,True,22
-3,-2,1,2,-3/4,-1/4,-2,1/2,3/2,True,True,8
-3,-2,1,2,-3/4,-1/4,0,-1/4,1/4,False,True,8
-3,-2,1,2,-3/4,-1/4,3,-9/4,-3/4,True,True,8
-3,-2,1,2,1/2,1/2,-2,-1,-1,True,True,1
-3,-2,1,2,1/2,1/2,0,0,0,True,True,1
-3,-2,1,2,1/2,1/2,3,3/2,3/2,True,True,1
-3,-2,1,2,-1/2,-1/2,-2,1,1,True,True,1
-3,-2,1,2,-1/2,-1/2,0,0,0,True,True,1
-3,-2,1,2,-1/2,-1/2,3,-3/2,-3/2,True,True,1
-3,-2,1,2,0,0,-2,0,0,True,True,1
-3,-2,1,2,0,0,0,0,0,True,True,1
-3,-2,1,2,0,0,3,0,0,True,True,1
-3,-2,1,2,3/8,5/8,-2,-3/2,-1/2,False,True,4
-3,-2,1,2,3/8,5/8,0,-1/4,1/4,False,True,4
-3,-2,1,2,3/8,5/8,3,11/8,17/8,True,True,4
-3,-2,1,2,-1/100,1/100,-2,-1/20,1/20,True,True,2
-3,-2,1,2,-1/100,1/100,0,-3/100,3/100,True,True,2
-3,-2,1,2,-1/100,1/100,3,0,0,True,True,2
-3,-2,1,2,-11/7,-5/7,-2,37/28,53/16,True,True,12
-3,-2,1,2,-11/7,-5/7,0,-1/4,1/4,False,True,12
-3,-2,1,2,-11/7,-5/7,3,-37/8,-9/4,True,True,12
-3,-2,1,2,31/16,33/16,-2,-69/16,-59/16,False,True,2
-3,-2,1,2,31/16,33/16,0,-3/16,3/16,False,True,2
-3,-2,1,2,31/16,33/16,3,6,49/8,True,True,2
-3,-2,2,-2,-2,2,-2,-33/8,33/8,False,True,50
-3,-2,2,-2,-2,2,0,-1/4,1/4,True,True,50
-3,-2,2,-2,-2,2,3,-6,6,True,True,50
-3,-2,2,-2,0,1,-2,-17/8,1/8,False,True,14
-3,-2,2,-2,0,1,0,-1/4,1/4,True,True,14
-3,-2,2,-2,0,1,3,0,3,True,True,14
-3,-2,2,-2,1/7,13/7,-2,-29/8,-3/8,False,True,22
-3,-2,2,-2,1/7,13/7,0,-1/4,1/4,True,True,22
-3,-2,2,-2,1/7,13/7,3,5/28,163/28,True,True,22
-3,-2,2,-2,-3/4,-1/4,-2,3/8,13/8,False,True,8
-3,-2,2,-2,-3/4,-1/4,0,-1/4,1/4,True,True,8
-3,-2,2,-2,-3/4,-1/4,3,-9/4,-3/4,True,True,8
-3,-2,2,-2,1/2,1/2,-2,-1,-1,True,True,1
-3,-2,2,-2,1/2,1/2,0,0,0,True,True,1
-3,-2,2,-2,1/2,1/2,3,3/2,3/2,True,True,1
-3,-2,2,-2,-1/2,-1/2,-2,1,1,True,True,1
-3,-2,2,-2,-1/2,-1/2,0,0,0,True,True,1
-3,-2,2,-2,-1/2,-1/2,3,-3/2,-3/2,True,True,1
-3,-2,2,-2,0,0,-2,0,0,True,True,1
-3,-2,2,-2,0,0,0,0,0,True,True,1
-3,-2,2,-2,0,0,3,0,0,True,True,1
-3,-2,2,-2,3/8,5/8,-2,-3/2,-7/8,True,True,4
-3,-2,2,-2,3/8,5/8,0,-1/4,1/4,True,True,4
-3,-2,2,-2,3/8,5/8,3,7/8,17/8,True,False,4
-3,-2,2,-2,-1/100,1/100,-2,-1/50,1/50,True,True,2
-3,-2,2,-2,-1/100,1/100,0,0,0,True,True,2
-3,-2,2,-2,-1/100,1/100,3,-3/100,3/100,True,True,2
-3,-2,2,-2,-11/7,-5/7,-2,11/8,25/8,False,True,12
-3,-2,2,-2,-11/7,-5/7,0,-1/4,1/4,True,True,12
-3,-2,2,-2,-11/7,-5/7,3,-139/28,-15/7,True,True,12
-3,-2,2,-2,31/16,33/16,-2,-33/8,-31/8,False,True,2
-3,-2,2,-2,31/16,33/16,0,0,1/4,True,True,2
-3,-2,2,-2,31/16,33/16,3,93/16,103/16,True,True,2
-3,-2,2,-1,-2,2,-2,-65/16,65/16,False,True,50
-3,-2,2,-1,-2,2,0,-3/16,3/16,False,True,50
-3,-2,2,-1,-2,2,3,-6,6,True,True,50
-3,-2,2,-1,0,1,-2,-33/16,1/16,False,True,14
-3,-2,2,-1,0,1,0,-3/16,3/16,False,True,14
-3,-2,2,-1,0,1,3,0,3,True,True,14
-3,-2,2,-1,1/7,13/7,-2,-59/16,-5/16,False,True,22
-3,-2,2,-1,1/7,13/7,0,-3/16,3/16,False,True,22
-3,-2,2,-1,1/7,13/7,3,2/7,40/7,True,True,22
-3,-2,2,-1,-3/4,-1/4,-2,7/16,25/16,False,True,8
-3,-2,2,-1,-3/4,-1/4,0,-3/16,3/16,False,True,8
-3,-2,2,-1,-3/4,-1/4,3,-9/4,-3/4,True,True,8
-3,-2,2,-1,1/2,1/2,-2,-1,-1,True,True,1
-3,-2,2,-1,1/2,1/2,0,0,0,True,True,1
-3,-2,2,-1,1/2,1/2,3,3/2,3/2,True,True,1
-3,-2,2,-1,-1/2,-1/2,-2,1,1,True,True,1
-3,-2,2,-1,-1/2,-1/2,0,0,0,True,True,1
-3,-2,2,-1,-1/2,-1/2,3,-3/2,-3/2,True,True,1
-3,-2,2,-1,0,0,-2,0,0,True,True,1
-3,-2,2,-1,0,0,0,0,0,True,True,1
-3,-2,2,-1,0,0,3,0,0,True,True,1
-3,-2,2,-1,3/8,5/8,-2,-11/8,-13/16,True,True,4
-3,-2,2,-1,3/8,5/8,0,-3/16,3/16,False,True,4
-3,-2,2,-1,3/8,5/8,3,1,2,True,False,4
-3,-2,2,-1,-1/100,1/100,-2,-3/100,3/100,True,True,2
-3,-2,2,-1,-1/100,1/100,0,-1/100,1/100,True,True,2
-3,-2,2,-1,-1/100,1/100,3,-1/50,1/50,True,True,2
-3,-2,2,-1,-11/7,-5/7,-2,39/28,51/16,True,True,12
-3,-2,2,-1,-11/7,-5/7,0,-3/16,3/16,False,True,12
-3,-2,2,-1,-11/7,-5/7,3,-137/28,-61/28,True,True,12
-3,-2,2,-1,31/16,33/16,-2,-67/16,-61/16,False,True,2
-3,-2,2,-1,31/16,33/16,0,-1/16,3/16,False,True,2
-3,-2,2,-1,31/16,33/16,3,47/8,51/8,True,True,2
-3,-2,2,0,-2,2,-2,-4,4,True,True,50
-3,-2,2,0,-2,2,0,-1/8,1/8,False,True,50
-3,-2,2,0,-2,2,3,-6,6,True,True,50
-3,-2,2,0,0,1,-2,-2,0,True,True,14
-3,-2,2,0,0,1,0,-1/8,1/8,False,True,14
-3,-2,2,0,0,1,3,0,3,True,True,14
-3,-2,2,0,1/7,13/7,-2,-15/4,-1/4,False,True,22
-3,-2,2,0,1/7,13/7,0,-1/8,1/8,False,True,22
-3,-2,2,0,1/7,13/7,3,11/28,157/28,True,True,22
-3,-2,2,0,-3/4,-1/4,-2,1/2,3/2,True,True,8
-3,-2,2,0,-3/4,-1/4,0,-1/8,1/8,False,True,8
-3,-2,2,0,-3/4,-1/4,3,-9/4,-3/4,True,True,8
-3,-2,2,0,1/2,1/2,-2,-1,-1,True,True,1
-3,-2,2,0,1/2,1/2,0,0,0,True,True,1
-3,-2,2,0,1/2,1/2,3,3/2,3/2,True,True,1
-3,-2,2,0,-1/2,-1/2,-2,1,1,True,True,1
-3,-2,2,0,-1/2,-1/2,0,0,0,True,True,1
-3,-2,2,0,-1/2,-1/2,3,-3/2,-3/2,True,True,1
-3,-2,2,0,0,0,-2,0,0,True,True,1
-3,-2,2,0,0,0,0,0,0,True,True,1
-3,-2,2,0,0,0,3,0,0,True,True,1
-3,-2,2,0,3/8,5/8,-2,-5/4,-3/4,True,True,4
-3,-2,2,0,3/8,5/8,0,-1/8,1/8,False,True,4
-3,-2,2,0,3/8,5/8,3,9/8,15/8,True,True,4
-3,-2,2,0,-1/100,1/100,-2,-1/25,1/25,True,True,2
-3,-2,2,0,-1/100,1/100,0,-1/50,1/50,True,True,2
-3,-2,2,0,-1/100,1/100,3,-1/100,1/100,True,True,2
-3,-2,2,0,-11/7,-5/7,-2,19/14,13/4,True,True,12
-3,-2,2,0,-11/7,-5/7,0,-1/8,1/8,False,True,12
-3,-2,2,0,-11/7,-5/7,3,-135/28,-31/14,True,True,12
-3,-2,2,0,31/16,33/16,-2,-17/4,-15/4,False,True,2
-3,-2,2,0,31/16,33/16,0,-1/8,1/8,False,True,2
-3,-2,2,0,31/16,33/16,3,95/16,101/16,True,True,2
-3,-2,2,1,-2,2,-2,-4,4,True,True,50
-3,-2,2,1,-2,2,0,-3/16,3/16,False,True,50
-3,-2,2,1,-2,2,3,-6,6,True,True,50
-3,-2,2,1,0,1,-2,-2,0,True,True,14
-3,-2,2,1,0,1,0,-3/16,3/16,False,True,14
-3,-2,2,1,0,1,3,0,3,True,True,14
-3,-2,2,1,1/7,13/7,-2,-61/16,-3/16,False,True,22
-3,-2,2,1,1/7,13/7,0,-3/16,3/16,False,True,22
-3,-2,2,1,1/7,13/7,3,1/2,11/2,True,True,22
-3,-2,2,1,-3/4,-1/4,-2,1/2,3/2,True,True,8
-3,-2,2,1,-3/4,-1/4,0,-3/16,3/16,False,True,8
-3,-2,2,1,-3/4,-1/4,3,-9/4,-3/4,True,True,8
-3,-2,2,1,1/2,1/2,-2,-1,-1,True,True,1
-3,-2,2,1,1/2,1/2,0,0,0,True,True,1
-3,-2,2,1,1/2,1/2,3,3/2,3/2,True,True,1
-3,-2,2,1,-1/2,-1/2,-2,1,1,True,True,1
-3,-2,2,1,-1/2,-1/2,0,0,0,True,True,1
-3,-2,2,1,-1/2,-1/2,3,-3/2,-3/2,True,True,1
-3,-2,2,1,0,0,-2,0,0,True,True,1
-3,-2,2,1,0,0,0,0,0,True,True,1
-3,-2,2,1,0,0,3,0,0,True,True,1
-3,-2,2,1,3/8,5/8,-2,-11/8,-5/8,False,True,4
-3,-2,2,1,3/8,5/8,0,-3/16,3/16,False,True,4
-3,-2,2,1,3/8,5/8,3,5/4,2,True,True,4
-3,-2,2,1,-1/100,1/100,-2,-1/20,1/20,True,True,2
-3,-2,2,1,-1/100,1/100,0,-3/100,3/100,True,True,2
-3,-2,2,1,-1/100,1/100,3,0,0,True,True,2
-3,-2,2,1,-11/7,-5/7,-2,37/28,53/16,True,True,12
-3,-2,2,1,-11/7,-5/7,0,-3/16,3/16,False,True,12
-3,-2,2,1,-11/7,-5/7,3,-19/4,-9/4,True,True,12
-3,-2,2,1,31/16,33/16,-2,-69/16,-59/16,False,True,2
-3,-2,2,1,31/16,33/16,0,-3/16,3/16,False,True,2
-3,-2,2,1,31/16,33/16,3,6,25/4,True,True,2
-3,-2,2,2,-2,2,-2,-4,4,True,True,50
-3,-2,2,2,-2,2,0,-1/4,1/4,False,True,50
-3,-2,2,2,-2,2,3,-97/16,97/16,False,True,50
-3,-2,2,2,0,1,-2,-2,0,True,True,14
-3,-2,2,2,0,1,0,-1/4,1/4,False,True,14
-3,-2,2,2,0,1,3,-1/16,49/16,False,True,14
-3,-2,2,2,1/7,13/7,-2,-109/28,-3/28,True,True,22
-3,-2,2,2,1/7,13/7,0,-1/4,1/4,False,True,22
-3,-2,2,2,1/7,13/7,3,9/16,87/16,False,True,22
-3,-2,2,2,-3/4,-1/4,-2,1/2,3/2,True,True,8
-3,-2,2,2,-3/4,-1/4,0,-1/4,1/4,False,True,8
-3,-2,2,2,-3/4,-1/4,3,-37/16,-11/16,False,True,8
-3,-2,2,2,1/2,1/2,-2,-1,-1,True,True,1
-3,-2,2,2,1/2,1/2,0,0,0,True,True,1
-3,-2,2,2,1/2,1/2,3,3/2,3/2,True,True,1
-3,-2,2,2,-1/2,-1/2,-2,1,1,True,True,1
-3,-2,2,2,-1/2,-1/2,0,0,0,True,True,1
-3,-2,2,2,-1/2,-1/2,3,-3/2,-3/2,True,True,1
-3,-2,2,2,0,0,-2,0,0,True,True,1
-3,-2,2,2,0,0,0,0,0,True,True,1
-3,-2,2,2,0,0,3,0,0,True,True,1
-3,-2,2,2,3/8,5/8,-2,-3/2,-1/2,False,True,4
-3,-2,2,2,3/8,5/8,0,-1/4,1/4,False,True,4
-3,-2,2,2,3/8,5/8,3,21/16,17/8,False,True,4
-3,-2,2,2,-1/100,1/100,-2,-3/50,3/50,True,True,2
-3,-2,2,2,-1/100,1/100,0,-1/25,1/25,True,True,2
-3,-2,2,2,-1/100,1/100,3,-1/100,1/100,True,True,2
-3,-2,2,2,-11/7,-5/7,-2,9/7,27/8,True,True,12
-3,-2,2,2,-11/7,-5/7,0,-1/4,1/4,False,True,12
-3,-2,2,2,-11/7,-5/7,3,-75/16,-35/16,False,True,12
-3,-2,2,2,31/16,33/16,-2,-35/8,-29/8,False,True,2
-3,-2,2,2,31/16,33/16,0,-1/4,1/4,False,True,2
-3,-2,2,2,31/16,33/16,3,95/16,99/16,False,True,2
-3,-1,-2,-2,-2,2,-2,-33/8,33/8,True,False,42
-3,-1,-2,-2,-2,2,0,-1/2,1/2,True,False,42
-3,-1,-2,-2,-2,2,3,-6,6,True,True,42
-3,-1,-2,-2,0,1,-2,-17/8,1/8,True,False,12
-3,-1,-2,-2,0,1,0,-1/2,1/2,True,False,12
-3,-1,-2,-2,0,1,3,0,3,True,True,12
-3,-1,-2,-2,1/7,13/7,-2,-33/8,1/8,True,False,20
-3,-1,-2,-2,1/7,13/7,0,-1/2,1/2,True,False,20
-3,-1,-2,-2,1/7,13/7,3,1/4,23/4,True,False,20
-3,-1,-2,-2,-3/4,-1/4,-2,0,9/8,True,False,6
-3,-1,-2,-2,-3/4,-1/4,0,-1/2,1/2,True,False,6
-3,-1,-2,-2,-3/4,-1/4,3,-11/4,-1/4,True,False,6
-3,-1,-2,-2,1/2,1/2,-2,-1,-1,True,True,1
-3,-1,-2,-2,1/2,1/2,0,0,0,True,True,1
-3,-1,-2,-2,1/2,1/2,3,3/2,3/2,True,True,1
-3,-1,-2,-2,-1/2,-1/2,-2,1,1,True,True,1
-3,-1,-2,-2,-1/2,-1/2,0,0,0,True,True,1
-3,-1,-2,-2,-1/2,-1/2,3,-3/2,-3/2,True,True,1
-3,-1,-2,-2,0,0,-2,0,0,True,True,1
-3,-1,-2,-2,0,0,0,0,0,True,True,1
-3,-1,-2,-2,0,0,3,0,0,True,True,1
-3,-1,-2,-2,3/8,5/8,-2,-9/8,-7/8,True,False,4
-3,-1,-2,-2,3/8,5/8,0,-1/4,1/4,True,True,4
-3,-1,-2,-2,3/8,5/8,3,7/8,17/8,True,True,4
-3,-1,-2,-2,-1/100,1/100,-2,-1/50,1/50,True,True,2
-3,-1,-2,-2,-1/100,1/100,0,-1/25,1/25,True,True,2
-3,-1,-2,-2,-1/100,1/100,3,-7/100,7/100,True,True,2
-3,-1,-2,-2,-11/7,-5/7,-2,1,25/8,True,False,11
-3,-1,-2,-2,-11/7,-5/7,0,-1/2,1/2,True,False,11
-3,-1,-2,-2,-11/7,-5/7,3,-79/16,-7/4,True,False,11
-3,-1,-2,-2,31/16,33/16,-2,-33/8,-31/8,True,False,2
-3,-1,-2,-2,31/16,33/16,0,-1/4,1/4,True,False,2
-3,-1,-2,-2,31/16,33/16,3,89/16,103/16,True,False,2
-3,-1,-2,-1,-2,2,-2,-65/16,65/16,True,False,42
-3,-1,-2,-1,-2,2,0,-5/16,5/16,True,False,42
-3,-1,-2,-1,-2,2,3,-6,6,True,True,42
-3,-1,-2,-1,0,1,-2,-33/16,1/16,True,False,12
-3,-1,-2,-1,0,1,0,-5/16,5/16,True,False,12
-3,-1,-2,-1,0,1,3,0,3,True,True,12
-3,-1,-2,-1,1/7,13/7,-2,-63/16,-1/16,True,False,20
-3,-1,-2,-1,1/7,13/7,0,-5/16,5/16,True,False,20
-3,-1,-2,-1,1/7,13/7,3,1/2,11/2,True,False,20
-3,-1,-2,-1,-3/4,-1/4,-2,1/4,21/16,True,False,6
-3,-1,-2,-1,-3/4,-1/4,0,-5/16,5/16,True,False,6
-3,-1,-2,-1,-3/4,-1/4,3,-5/2,-1/2,True,False,6
-3,-1,-2,-1,1/2,1/2,-2,-1,-1,True,True,1
-3,-1,-2,-1,1/2,1/2,0,0,0,True,True,1
-3,-1,-2,-1,1/2,1/2,3,3/2,3/2,True,True,1
-3,-1,-2,-1,-1/2,-1/2,-2,1,1,True,True,1
-3,-1,-2,-1,-1/2,-1/2,0,0,0,True,True,1
-3,-1,-2,-1,-1/2,-1/2,3,-3/2,-3/2,True,True,1
-3,-1,-2,-1,0,0,-2,0,0,True,True,1
-3,-1,-2,-1,0,0,0,0,0,True,True,1
-3,-1,-2,-1,0,0,3,0,0,True,True,1
-3,-1,-2,-1,3/8,5/8,-2,-19/16,-13/16,True,False,4
-3,-1,-2,-1,3/8,5/8,0,-3/16,3/16,True,False,4
-3,-1,-2,-1,3/8,5/8,3,1,2,True,True,4
-3,-1,-2,-1,-1/100,1/100,-2,-1/100,1/100,True,True,2
-3,-1,-2,-1,-1/100,1/100,0,-3/100,3/100,True,True,2
-3,-1,-2,-1,-1/100,1/100,3,-3/50,3/50,True,True,2
-3,-1,-2,-1,-11/7,-5/7,-2,5/4,51/16,True,False,11
-3,-1,-2,-1,-11/7,-5/7,0,-5/16,5/16,True,False,11
-3,-1,-2,-1,-11/7,-5/7,3,-39/8,-2,True,False,11
-3,-1,-2,-1,31/16,33/16,-2,-67/16,-63/16,True,False,2
-3,-1,-2,-1,31/16,33/16,0,-3/16,3/16,True,False,2
-3,-1,-2,-1,31/16,33/16,3,45/8,51/8,True,False,2
-3,-1,-2,0,-2,2,-2,-4,4,True,True,42
-3,-1,-2,0,-2,2,0,-1/8,1/8,True,False,42
-3,-1,-2,0,-2,2,3,-6,6,True,True,42
-3,-1,-2,0,0,1,-2,-2,0,True,True,12
-3,-1,-2,0,0,1,0,-1/8,1/8,True,False,12
-3,-1,-2,0,0,1,3,0,3,True,True,12
-3,-1,-2,0,1/7,13/7,-2,-15/4,-1/4,True,True,20
-3,-1,-2,0,1/7,13/7,0,-1/8,1/8,True,False,20
-3,-1,-2,0,1/7,13/7,3,7/16,89/16,True,False,20
-3,-1,-2,0,-3/4,-1/4,-2,1/2,3/2,True,True,6
-3,-1,-2,0,-3/4,-1/4,0,-1/8,1/8,True,False,6
-3,-1,-2,0,-3/4,-1/4,3,-9/4,-3/4,True,True,6
-3,-1,-2,0,1/2,1/2,-2,-1,-1,True,True,1
-3,-1,-2,0,1/2,1/2,0,0,0,True,True,1
-3,-1,-2,0,1/2,1/2,3,3/2,3/2,True,True,1
-3,-1,-2,0,-1/2,-1/2,-2,1,1,True,True,1
-3,-1,-2,0,-1/2,-1/2,0,0,0,True,True,1
-3,-1,-2,0,-1/2,-1/2,3,-3/2,-3/2,True,True,1
-3,-1,-2,0,0,0,-2,0,0,True,True,1
-3,-1,-2,0,0,0,0,0,0,True,True,1
-3,-1,-2,0,0,0,3,0,0,True,True,1
-3,-1,-2,0,3/8,5/8,-2,-5/4,-3/4,True,True,4
-3,-1,-2,0,3/8,5/8,0,-1/8,1/8,True,False,4
-3,-1,-2,0,3/8,5/8,3,9/8,15/8,True,True,4
-3,-1,-2,0,-1/100,1/100,-2,0,0,True,True,2
-3,-1,-2,0,-1/100,1/100,0,-1/50,1/50,True,True,2
-3,-1,-2,0,-1/100,1/100,3,-1/20,1/20,True,True,2
-3,-1,-2,0,-11/7,-5/7,-2,3/2,13/4,True,True,11
-3,-1,-2,0,-11/7,-5/7,0,-1/8,1/8,True,False,11
-3,-1,-2,0,-11/7,-5/7,3,-77/16,-29/14,True,True,11
-3,-1,-2,0,31/16,33/16,-2,-17/4,-4,True,True,2
-3,-1,-2,0,31/16,33/16,0,-1/8,1/8,True,False,2
-3,-1,-2,0,31/16,33/16,3,91/16,101/16,True,False,2
-3,-1,-2,1,-2,2,-2,-4,4,True,True,42
-3,-1,-2,1,-2,2,0,-5/16,5/16,True,False,42
-3,-1,-2,1,-2,2,3,-6,6,True,True,42
-3,-1,-2,1,0,1,-2,-2,0,True,True,12
-3,-1,-2,1,0,1,0,-5/16,5/16,True,False,12
-3,-1,-2,1,0,1,3,0,3,True,True,12
-3,-1,-2,1,1/7,13/7,-2,-15/4,-1/4,False,True,20
-3,-1,-2,1,1/7,13/7,0,-5/16,5/16,True,False,20
-3,-1,-2,1,1/7,13/7,3,1/4,23/4,True,False,20
-3,-1,-2,1,-3/4,-1/4,-2,1/4,7/4,False,True,6
-3,-1,-2,1,-3/4,-1/4,0,-5/16,5/16,True,False,6
-3,-1,-2,1,-3/4,-1/4,3,-2,-1/2,True,True,6
-3,-1,-2,1,1/2,1/2,-2,-1,-1,True,True,1
-3,-1,-2,1,1/2,1/2,0,0,0,True,True,1
-3,-1,-2,1,1/2,1/2,3,3/2,3/2,True,True,1
-3,-1,-2,1,-1/2,-1/2,-2,1,1,True,True,1
-3,-1,-2,1,-1/2,-1/2,0,0,0,True,True,1
-3,-1,-2,1,-1/2,-1/2,3,-3/2,-3/2,True,True,1
-3,-1,-2,1,0,0,-2,0,0,True,True,1
-3,-1,-2,1,0,0,0,0,0,True,True,1
-3,-1,-2,1,0,0,3,0,0,True,True,1
-3,-1,-2,1,3/8,5/8,-2,-11/8,-5/8,True,True,4
-3,-1,-2,1,3/8,5/8,0,-3/16,3/16,True,False,4
-3,-1,-2,1,3/8,5/8,3,5/4,7/4,True,True,4
-3,-1,-2,1,-1/100,1/100,-2,-1/100,1/100,True,True,2
-3,-1,-2,1,-1/100,1/100,0,-1/100,1/100,True,True,2
-3,-1,-2,1,-1/100,1/100,3,-1/25,1/25,True,True,2
-3,-1,-2,1,-11/7,-5/7,-2,5/4,93/28,False,True,11
-3,-1,-2,1,-11/7,-5/7,0,-5/16,5/16,True,False,11
-3,-1,-2,1,-11/7,-5/7,3,-19/4,-13/7,True,True,11
-3,-1,-2,1,31/16,33/16,-2,-69/16,-63/16,True,True,2
-3,-1,-2,1,31/16,33/16,0,-3/16,1/16,True,False,2
-3,-1,-2,1,31/16,33/16,3,23/4,25/4,True,False,2
-3,-1,-2,2,-2,2,-2,-4,4,True,True,42
-3,-1,-2,2,-2,2,0,-1/2,1/2,True,True,42
-3,-1,-2,2,-2,2,3,-97/16,97/16,True,False,42
-3,-1,-2,2,0,1,-2,-2,0,True,True,12
-3,-1,-2,2,0,1,0,-1/2,1/2,True,True,12
-3,-1,-2,2,0,1,3,-1/16,49/16,True,False,12
-3,-1,-2,2,1/7,13/7,-2,-4,0,False,True,20
-3,-1,-2,2,1/7,13/7,0,-1/2,1/2,True,True,20
-3,-1,-2,2,1/7,13/7,3,1/16,95/16,True,False,20
-3,-1,-2,2,-3/4,-1/4,-2,0,2,False,True,6
-3,-1,-2,2,-3/4,-1/4,0,-1/2,1/2,True,True,6
-3,-1,-2,2,-3/4,-1/4,3,-29/16,-1/4,True,True,6
-3,-1,-2,2,1/2,1/2,-2,-1,-1,True,True,1
-3,-1,-2,2,1/2,1/2,0,0,0,True,True,1
-3,-1,-2,2,1/2,1/2,3,3/2,3/2,True,True,1
-3,-1,-2,2,-1/2,-1/2,-2,1,1,True,True,1
-3,-1,-2,2,-1/2,-1/2,0,0,0,True,True,1
-3,-1,-2,2,-1/2,-1/2,3,-3/2,-3/2,True,True,1
-3,-1,-2,2,0,0,-2,0,0,True,True,1
-3,-1,-2,2,0,0,0,0,0,True,True,1
-3,-1,-2,2,0,0,3,0,0,True,True,1
-3,-1,-2,2,3/8,5/8,-2,-3/2,-1/2,True,True,4
-3,-1,-2,2,3/8,5/8,0,-1/4,1/4,True,True,4
-3,-1,-2,2,3/8,5/8,3,21/16,27/16,True,False,4
-3,-1,-2,2,-1/100,1/100,-2,-1/50,1/50,True,True,2
-3,-1,-2,2,-1/100,1/100,0,0,0,True,True,2
-3,-1,-2,2,-1/100,1/100,3,-3/100,3/100,True,True,2
-3,-1,-2,2,-11/7,-5/7,-2,1,95/28,False,True,11
-3,-1,-2,2,-11/7,-5/7,0,-1/2,1/2,True,True,11
-3,-1,-2,2,-11/7,-5/7,3,-75/16,-23/14,True,True,11
-3,-1,-2,2,31/16,33/16,-2,-35/8,-31/8,True,True,2
-3,-1,-2,2,31/16,33/16,0,-1/4,0,True,True,2
-3,-1,-2,2,31/16,33/16,3,93/16,99/16,True,False,2
-3,-1,-1,-2,-2,2,-2,-65/16,65/16,True,False,42
-3,-1,-1,-2,-2,2,0,-1/2,1/2,True,False,42
-3,-1,-1,-2,-2,2,3,-6,6,True,True,42
-3,-1,-1,-2,0,1,-2,-33/16,1/16,True,False,12
-3,-1,-1,-2,0,1,0,-1/2,1/2,True,False,12
-3,-1,-1,-2,0,1,3,0,3,True,True,12
-3,-1,-1,-2,1/7,13/7,-2,-65/16,1/16,True,False,20
-3,-1,-1,-2,1/7,13/7,0,-1/2,1/2,True,False,20
-3,-1,-1,-2,1/7,13/7,3,1/4,23/4,True,False,20
-3,-1,-1,-2,-3/4,-1/4,-2,0,17/16,True,False,6
-3,-1,-1,-2,-3/4,-1/4,0,-1/2,1/2,True,False,6
-3,-1,-1,-2,-3/4,-1/4,3,-11/4,-1/4,True,False,6
-3,-1,-1,-2,1/2,1/2,-2,-1,-1,True,True,1
-3,-1,-1,-2,1/2,1/2,0,0,0,True,True,1
-3,-1,-1,-2,1/2,1/2,3,3/2,3/2,True,True,1
-3,-1,-1,-2,-1/2,-1/2,-2,1,1,True,True,1
-3,-1,-1,-2,-1/2,-1/2,0,0,0,True,True,1
-3,-1,-1,-2,-1/2,-1/2,3,-3/2,-3/2,True,True,1
-3,-1,-1,-2,0,0,-2,0,0,True,True,1
-3,-1,-1,-2,0,0,0,0,0,True,True,1
-3,-1,-1,-2,0,0,3,0,0,True,True,1
-3,-1,-1,-2,3/8,5/8,-2,-17/16,-15/16,True,False,4
-3,-1,-1,-2,3/8,5/8,0,-1/4,1/4,True,True,4
-3,-1,-1,-2,3/8,5/8,3,7/8,17/8,True,True,4
-3,-1,-1,-2,-1/100,1/100,-2,-1/100,1/100,True,True,2
-3,-1,-1,-2,-1/100,1/100,0,-3/100,3/100,True,True,2
-3,-1,-1,-2,-1/100,1/100,3,-3/50,3/50,True,True,2
-3,-1,-1,-2,-11/7,-5/7,-2,1,49/16,True,False,11
-3,-1,-1,-2,-11/7,-5/7,0,-1/2,1/2,True,False,11
-3,-1,-1,-2,-11/7,-5/7,3,-39/8,-7/4,True,False,11
-3,-1,-1,-2,31/16,33/16,-2,-65/16,-63/16,True,False,2
-3,-1,-1,-2,31/16,33/16,0,-3/16,3/16,True,False,2
-3,-1,-1,-2,31/16,33/16,3,45/8,51/8,True,False,2
-3,-1,-1,-1,-2,2,-2,-4,4,True,True,42
-3,-1,-1,-1,-2,2,0,-1/4,1/4,True,False,42
-3,-1,-1,-1,-2,2,3,-6,6,True,True,42
-3,-1,-1,-1,0,1,-2,-2,0,True,True,12
-3,-1,-1,-1,0,1,0,-1/4,1/4,True,False,12
-3,-1,-1,-1,0,1,3,0,3,True,True,12
-3,-1,-1,-1,1/7,13/7,-2,-31/8,-1/8,True,True,20
-3,-1,-1,-1,1/7,13/7,0,-1/4,1/4,True,False,20
-3,-1,-1,-1,1/7,13/7,3,1/2,11/2,True,False,20
-3,-1,-1,-1,-3/4,-1/4,-2,1/4,5/4,True,True,6
-3,-1,-1,-1,-3/4,-1/4,0,-1/4,1/4,True,False,6
-3,-1,-1,-1,-3/4,-1/4,3,-5/2,-1/2,True,False,6
-3,-1,-1,-1,1/2,1/2,-2,-1,-1,True,True,1
-3,-1,-1,-1,1/2,1/2,0,0,0,True,True,1
-3,-1,-1,-1,1/2,1/2,3,3/2,3/2,True,True,1
-3,-1,-1,-1,-1/2,-1/2,-2,1,1,True,True,1
-3,-1,-1,-1,-1/2,-1/2,0,0,0,True,True,1
-3,-1,-1,-1,-1/2,-1/2,3,-3/2,-3/2,True,True,1
-3,-1,-1,-1,0,0,-2,0,0,True,True,1
-3,-1,-1,-1,0,0,0,0,0,True,True,1
-3,-1,-1,-1,0,0,3,0,0,True,True,1
-3,-1,-1,-1,3/8,5/8,-2,-9/8,-7/8,True,True,4
-3,-1,-1,-1,3/8,5/8,0,-1/8,1/8,True,True,4
-3,-1,-1,-1,3/8,5/8,3,1,2,True,True,4
-3,-1,-1,-1,-1/100,1/100,-2,0,0,True,True,2
-3,-1,-1,-1,-1/100,1/100,0,-1/50,1/50,True,True,2
-3,-1,-1,-1,-1/100,1/100,3,-1/20,1/20,True,True,2
-3,-1,-1,-1,-11/7,-5/7,-2,5/4,25/8,True,True,11
-3,-1,-1,-1,-11/7,-5/7,0,-1/4,1/4,True,False,11
-3,-1,-1,-1,-11/7,-5/7,3,-77/16,-2,True,False,11
-3,-1,-1,-1,31/16,33/16,-2,-33/8,-4,True,True,2
-3,-1,-1,-1,31/16,33/16,0,-1/8,1/8,True,False,2
-3,-1,-1,-1,31/16,33/16,3,91/16,101/16,True,False,2
-3,-1,-1,0,-2,2,-2,-4,4,True,True,42
-3,-1,-1,0,-2,2,0,-1/16,1/16,True,False,42
-3,-1,-1,0,-2,2,3,-6,6,True,True,42
-3,-1,-1,0,0,1,-2,-2,0,True,True,12
-3,-1,-1,0,0,1,0,-1/16,1/16,True,False,12
-3,-1,-1,0,0,1,3,0,3,True,True,12
-3,-1,-1,0,1/7,13/7,-2,-209/56,-15/56,True,True,20
-3,-1,-1,0,1/7,13/7,0,-1/16,1/16,True,False,20
-3,-1,-1,0,1/7,13/7,3,25/56,311/56,True,True,20
-3,-1,-1,0,-3/4,-1/4,-2,1/2,3/2,True,True,6
-3,-1,-1,0,-3/4,-1/4,0,-1/16,1/16,True,False,6
-3,-1,-1,0,-3/4,-1/4,3,-9/4,-3/4,True,True,6
-3,-1,-1,0,1/2,1/2,-2,-1,-1,True,True,1
-3,-1,-1,0,1/2,1/2,0,0,0,True,True,1
-3,-1,-1,0,1/2,1/2,3,3/2,3/2,True,True,1
-3,-1,-1,0,-1/2,-1/2,-2,1,1,True,True,1
-3,-1,-1,0,-1/2,-1/2,0,0,0,True,True,1
-3,-1,-1,0,-1/2,-1/2,3,-3/2,-3/2,True,True,1
-3,-1,-1,0,0,0,-2,0,0,True,True,1
-3,-1,-1,0,0,0,0,0,0,True,True,1
-3,-1,-1,0,0,0,3,0,0,True,True,1
-3,-1,-1,0,3/8,5/8,-2,-5/4,-3/4,True,True,4
-3,-1,-1,0,3/8,5/8,0,-1/16,1/16,True,False,4
-3,-1,-1,0,3/8,5/8,3,9/8,15/8,True,True,4
-3,-1,-1,0,-1/100,1/100,-2,-1/100,1/100,True,True,2
-3,-1,-1,0,-1/100,1/100,0,-1/100,1/100,True,True,2
-3,-1,-1,0,-1/100,1/100,3,-1/25,1/25,True,True,2
-3,-1,-1,0,-11/7,-5/7,-2,41/28,179/56,True,True,11
-3,-1,-1,0,-11/7,-5/7,0,-1/16,1/16,True,False,11
-3,-1,-1,0,-11/7,-5/7,3,-19/4,-59/28,True,True,11
-3,-1,-1,0,31/16,33/16,-2,-67/16,-63/16,True,True,2
-3,-1,-1,0,31/16,33/16,0,-1/16,1/16,True,False,2
-3,-1,-1,0,31/16,33/16,3,23/4,25/4,True,False,2
-3,-1,-1,1,-2,2,-2,-4,4,True,True,42
-3,-1,-1,1,-2,2,0,-1/4,1/4,True,True,42
-3,-1,-1,1,-2,2,3,-6,6,True,True,42
-3,-1,-1,1,0,1,-2,-2,0,True,True,12
-3,-1,-1,1,0,1,0,-1/4,1/4,True,True,12
-3,-1,-1,1,0,1,3,0,3,True,True,12
-3,-1,-1,1,1/7,13/7,-2,-15/4,-1/4,False,True,20
-3,-1,-1,1,1/7,13/7,0,-1/4,1/4,True,True,20
-3,-1,-1,1,1/7,13/7,3,17/56,319/56,True,True,20
-3,-1,-1,1,-3/4,-1/4,-2,1/4,7/4,False,True,6
-3,-1,-1,1,-3/4,-1/4,0,-1/4,1/4,True,True,6
-3,-1,-1,1,-3/4,-1/4,3,-2,-1/2,True,True,6
-3,-1,-1,1,1/2,1/2,-2,-1,-1,True,True,1
-3,-1,-1,1,1/2,1/2,0,0,0,True,True,1
-3,-1,-1,1,1/2,1/2,3,3/2,3/2,True,True,1
-3,-1,-1,1,-1/2,-1/2,-2,1,1,True,True,1
-3,-1,-1,1,-1/2,-1/2,0,0,0,True,True,1
-3,-1,-1,1,-1/2,-1/2,3,-3/2,-3/2,True,True,1
-3,-1,-1,1,0,0,-2,0,0,True,True,1
-3,-1,-1,1,0,0,0,0,0,True,True,1
-3,-1,-1,1,0,0,3,0,0,True,True,1
-3,-1,-1,1,3/8,5/8,-2,-11/8,-5/8,True,True,4
-3,-1,-1,1,3/8,5/8,0,-1/8,1/8,True,True,4
-3,-1,-1,1,3/8,5/8,3,5/4,7/4,True,True,4
-3,-1,-1,1,-1/100,1/100,-2,-1/50,1/50,True,True,2
-3,-1,-1,1,-1/100,1/100,0,0,0,True,True,2
-3,-1,-1,1,-1/100,1/100,3,-3/100,3/100,True,True,2
-3,-1,-1,1,-11/7,-5/7,-2,5/4,183/56,False,True,11
-3,-1,-1,1,-11/7,-5/7,0,-1/4,1/4,True,True,11
-3,-1,-1,1,-11/7,-5/7,3,-75/16,-53/28,True,True,11
-3,-1,-1,1,31/16,33/16,-2,-17/4,-31/8,True,True,2
-3,-1,-1,1,31/16,33/16,0,-1/8,0,True,True,2
-3,-1,-1,1,31/16,33/16,3,93/16,99/16,True,False,2
-3,-1,-1,2,-2,2,-2,-4,4,True,True,42
-3,-1,-1,2,-2,2,0,-1/2,1/2,False,True,42
-3,-1,-1,2,-2,2,3,-6,6,True,True,42
-3,-1,-1,2,0,1,-2,-2,0,True,True,12
-3,-1,-1,2,0,1,0,-1/2,1/2,False,True,12
-3,-1,-1,2,0,1,3,0,3,True,True,12
-3,-1,-1,2,1/7,13/7,-2,-4,0,False,True,20
-3,-1,-1,2,1/7,13/7,0,-1/2,1/2,False,True,20
-3,-1,-1,2,1/7,13/7,3,1/8,47/8,True,False,20
-3,-1,-1,2,-3/4,-1/4,-2,0,2,False,True,6
-3,-1,-1,2,-3/4,-1/4,0,-1/2,1/2,False,True,6
-3,-1,-1,2,-3/4,-1/4,3,-7/4,-1/4,True,True,6
-3,-1,-1,2,1/2,1/2,-2,-1,-1,True,True,1
-3,-1,-1,2,1/2,1/2,0,0,0,True,True,1
-3,-1,-1,2,1/2,1/2,3,3/2,3/2,True,True,1
-3,-1,-1,2,-1/2,-1/2,-2,1,1,True,True,1
-3,-1,-1,2,-1/2,-1/2,0,0,0,True,True,1
-3,-1,-1,2,-1/2,-1/2,3,-3/2,-3/2,True,True,1
-3,-1,-1,2,0,0,-2,0,0,True,True,1
-3,-1,-1,2,0,0,0,0,0,True,True,1
-3,-1,-1,2,0,0,3,0,0,True,True,1
-3,-1,-1,2,3/8,5/8,-2,-3/2,-1/2,True,True,4
-3,-1,-1,2,3/8,5/8,0,-1/4,1/4,True,True,4
-3,-1,-1,2,3/8,5/8,3,11/8,13/8,True,True,4
-3,-1,-1,2,-1/100,1/100,-2,-3/100,3/100,True,True,2
-3,-1,-1,2,-1/100,1/100,0,-1/100,1/100,True,True,2
-3,-1,-1,2,-1/100,1/100,3,-1/50,1/50,True,True,2
-3,-1,-1,2,-11/7,-5/7,-2,1,187/56,False,True,11
-3,-1,-1,2,-11/7,-5/7,0,-1/2,1/2,False,True,11
-3,-1,-1,2,-11/7,-5/7,3,-37/8,-47/28,True,True,11
-3,-1,-1,2,31/16,33/16,-2,-69/16,-61/16,True,True,2
-3,-1,-1,2,31/16,33/16,0,-3/16,1/16,True,True,2
-3,-1,-1,2,31/16,33/16,3,47/8,49/8,True,False,2
-3,-1,0,-2,-2,2,-2,-4,4,True,True,42
-3,-1,0,-2,-2,2,0,-1/2,1/2,True,False,42
-3,-1,0,-2,-2,2,3,-6,6,True,True,42
-3,-1,0,-2,0,1,-2,-2,0,True,True,12
-3,-1,0,-2,0,1,0,-1/2,1/2,True,False,12
-3,-1,0,-2,0,1,3,0,3,True,True,12
-3,-1,0,-2,1/7,13/7,-2,-4,0,True,True,20
-3,-1,0,-2,1/7,13/7,0,-1/2,1/2,True,False,20
-3,-1,0,-2,1/7,13/7,3,1/4,23/4,True,False,20
-3,-1,0,-2,-3/4,-1/4,-2,0,1,True,True,6
-3,-1,0,-2,-3/4,-1/4,0,-1/2,1/2,True,False,6
-3,-1,0,-2,-3/4,-1/4,3,-11/4,-1/4,True,False,6
-3,-1,0,-2,1/2,1/2,-2,-1,-1,True,True,1
-3,-1,0,-2,1/2,1/2,0,0,0,True,True,1
-3,-1,0,-2,1/2,1/2,3,3/2,3/2,True,True,1
-3,-1,0,-2,-1/2,-1/2,-2,1,1,True,True,1
-3,-1,0,-2,-1/2,-1/2,0,0,0,True,True,1
-3,-1,0,-2,-1/2,-1/2,3,-3/2,-3/2,True,True,1
-3,-1,0,-2,0,0,-2,0,0,True,True,1
-3,-1,0,-2,0,0,0,0,0,True,True,1
-3,-1,0,-2,0,0,3,0,0,True,True,1
-3,-1,0,-2,3/8,5/8,-2,-1,-1,True,True,4
-3,-1,0,-2,3/8,5/8,0,-1/4,1/4,True,True,4
-3,-1,0,-2,3/8,5/8,3,7/8,17/8,True,True,4
-3,-1,0,-2,-1/100,1/100,-2,0,0,True,True,2
-3,-1,0,-2,-1/100,1/100,0,-1/50,1/50,True,True,2
-3,-1,0,-2,-1/100,1/100,3,-1/20,1/20,True,True,2
-3,-1,0,-2,-11/7,-5/7,-2,1,3,True,True,11
-3,-1,0,-2,-11/7,-5/7,0,-1/2,1/2,True,False,11
-3,-1,0,-2,-11/7,-5/7,3,-34/7,-7/4,True,False,11
-3,-1,0,-2,31/16,33/16,-2,-4,-4,True,True,2
-3,-1,0,-2,31/16,33/16,0,-1/8,1/8,True,True,2
-3,-1,0,-2,31/16,33/16,3,91/16,101/16,True,True,2
-3,-1,0,-1,-2,2,-2,-4,4,True,True,42
-3,-1,0,-1,-2,2,0,-1/4,1/4,True,False,42
-3,-1,0,-1,-2,2,3,-6,6,True,True,42
-3,-1,0,-1,0,1,-2,-2,0,True,True,12
-3,-1,0,-1,0,1,0,-1/4,1/4,True,False,12
-3,-1,0,-1,0,1,3,0,3,True,True,12
-3,-1,0,-1,1/7,13/7,-2,-27/7,-1/7,True,True,20
-3,-1,0,-1,1/7,13/7,0,-1/4,1/4,True,False,20
-3,-1,0,-1,1/7,13/7,3,1/2,11/2,True,False,20
-3,-1,0,-1,-3/4,-1/4,-2,1/4,5/4,True,True,6
-3,-1,0,-1,-3/4,-1/4,0,-1/4,1/4,True,False,6
-3,-1,0,-1,-3/4,-1/4,3,-5/2,-1/2,True,False,6
-3,-1,0,-1,1/2,1/2,-2,-1,-1,True,True,1
-3,-1,0,-1,1/2,1/2,0,0,0,True,True,1
-3,-1,0,-1,1/2,1/2,3,3/2,3/2,True,True,1
-3,-1,0,-1,-1/2,-1/2,-2,1,1,True,True,1
-3,-1,0,-1,-1/2,-1/2,0,0,0,True,True,1
-3,-1,0,-1,-1/2,-1/2,3,-3/2,-3/2,True,True,1
-3,-1,0,-1,0,0,-2,0,0,True,True,1
-3,-1,0,-1,0,0,0,0,0,True,True,1
-3,-1,0,-1,0,0,3,0,0,True,True,1
-3,-1,0,-1,3/8,5/8,-2,-9/8,-7/8,True,True,4
-3,-1,0,-1,3/8,5/8,0,-1/8,1/8,True,True,4
-3,-1,0,-1,3/8,5/8,3,1,2,True,True,4
-3,-1,0,-1,-1/100,1/100,-2,-1/100,1/100,True,True,2
-3,-1,0,-1,-1/100,1/100,0,-1/100,1/100,True,True,2
-3,-1,0,-1,-1/100,1/100,3,-1/25,1/25,True,True,2
-3,-1,0,-1,-11/7,-5/7,-2,17/14,43/14,True,True,11
-3,-1,0,-1,-11/7,-5/7,0,-1/4,1/4,True,False,11
-3,-1,0,-1,-11/7,-5/7,3,-67/14,-2,True,False,11
-3,-1,0,-1,31/16,33/16,-2,-65/16,-63/16,True,True,2
-3,-1,0,-1,31/16,33/16,0,-1/16,1/16,True,True,2
-3,-1,0,-1,31/16,33/16,3,23/4,25/4,True,True,2
-3,-1,0,0,-2,2,-2,-4,4,True,True,42
-3,-1,0,0,-2,2,0,0,0,True,True,42
-3,-1,0,0,-2,2,3,-6,6,True,True,42
-3,-1,0,0,0,1,-2,-2,0,True,True,12
-3,-1,0,0,0,1,0,0,0,True,True,12
-3,-1,0,0,0,1,3,0,3,True,True,12
-3,-1,0,0,1/7,13/7,-2,-26/7,-2/7,True,True,20
-3,-1,0,0,1/7,13/7,0,0,0,True,True,20
-3,-1,0,0,1/7,13/7,3,3/7,39/7,True,True,20
-3,-1,0,0,-3/4,-1/4,-2,1/2,3/2,True,True,6
-3,-1,0,0,-3/4,-1/4,0,0,0,True,True,6
-3,-1,0,0,-3/4,-1/4,3,-9/4,-3/4,True,True,6
-3,-1,0,0,1/2,1/2,-2,-1,-1,True,True,1
-3,-1,0,0,1/2,1/2,0,0,0,True,True,1
-3,-1,0,0,1/2,1/2,3,3/2,3/2,True,True,1
-3,-1,0,0,-1/2,-1/2,-2,1,1,True,True,1
-3,-1,0,0,-1/2,-1/2,0,0,0,True,True,1
-3,-1,0,0,-1/2,-1/2,3,-3/2,-3/2,True,True,1
-3,-1,0,0,0,0,-2,0,0,True,True,1
-3,-1,0,0,0,0,0,0,0,True,True,1
-3,-1,0,0,0,0,3,0,0,True,True,1
-3,-1,0,0,3/8,5/8,-2,-5/4,-3/4,True,True,4
-3,-1,0,0,3/8,5/8,0,0,0,True,True,4
-3,-1,0,0,3/8,5/8,3,9/8,15/8,True,True,4
-3,-1,0,0,-1/100,1/100,-2,-1/50,1/50,True,True,2
-3,-1,0,0,-1/100,1/100,0,0,0,True,True,2
-3,-1,0,0,-1/100,1/100,3,-3/100,3/100,True,True,2
-3,-1,0,0,-11/7,-5/7,-2,10/7,22/7,True,True,11
-3,-1,0,0,-11/7,-5/7,0,0,0,True,True,11
-3,-1,0,0,-11/7,-5/7,3,-33/7,-15/7,True,True,11
-3,-1,0,0,31/16,33/16,-2,-33/8,-31/8,True,True,2
-3,-1,0,0,31/16,33/16,0,0,0,True,True,2
-3,-1,0,0,31/16,33/16,3,93/16,99/16,True,True,2
-3,-1,0,1,-2,2,-2,-4,4,True,True,42
-3,-1,0,1,-2,2,0,-1/4,1/4,False,True,42
-3,-1,0,1,-2,2,3,-6,6,True,True,42
-3,-1,0,1,0,1,-2,-2,0,True,True,12
-3,-1,0,1,0,1,0,-1/4,1/4,False,True,12
-3,-1,0,1,0,1,3,0,3,True,True,12
-3,-1,0,1,1/7,13/7,-2,-15/4,-1/4,False,True,20
-3,-1,0,1,1/7,13/7,0,-1/4,1/4,False,True,20
-3,-1,0,1,1/7,13/7,3,2/7,40/7,True,True,20
-3,-1,0,1,-3/4,-1/4,-2,1/4,7/4,False,True,6
-3,-1,0,1,-3/4,-1/4,0,-1/4,1/4,False,True,6
-3,-1,0,1,-3/4,-1/4,3,-2,-1/2,True,True,6
-3,-1,0,1,1/2,1/2,-2,-1,-1,True,True,1
-3,-1,0,1,1/2,1/2,0,0,0,True,True,1
-3,-1,0,1,1/2,1/2,3,3/2,3/2,True,True,1
-3,-1,0,1,-1/2,-1/2,-2,1,1,True,True,1
-3,-1,0,1,-1/2,-1/2,0,0,0,True,True,1
-3,-1,0,1,-1/2,-1/2,3,-3/2,-3/2,True,True,1
-3,-1,0,1,0,0,-2,0,0,True,True,1
-3,-1,0,1,0,0,0,0,0,True,True,1
-3,-1,0,1,0,0,3,0,0,True,True,1
-3,-1,0,1,3/8,5/8,-2,-11/8,-5/8,True,True,4
-3,-1,0,1,3/8,5/8,0,-1/8,1/8,True,True,4
-3,-1,0,1,3/8,5/8,3,5/4,7/4,True,True,4
-3,-1,0,1,-1/100,1/100,-2,-3/100,3/100,True,True,2
-3,-1,0,1,-1/100,1/100,0,-1/100,1/100,True,True,2
-3,-1,0,1,-1/100,1/100,3,-1/50,1/50,True,True,2
-3,-1,0,1,-11/7,-5/7,-2,5/4,45/14,False,True,11
-3,-1,0,1,-11/7,-5/7,0,-1/4,1/4,False,True,11
-3,-1,0,1,-11/7,-5/7,3,-65/14,-27/14,True,True,11
-3,-1,0,1,31/16,33/16,-2,-67/16,-61/16,True,True,2
-3,-1,0,1,31/16,33/16,0,-1/16,1/16,True,True,2
-3,-1,0,1,31/16,33/16,3,47/8,49/8,True,True,2
-3,-1,0,2,-2,2,-2,-4,4,True,True,42
-3,-1,0,2,-2,2,0,-1/2,1/2,False,True,42
-3,-1,0,2,-2,2,3,-6,6,True,True,42
-3,-1,0,2,0,1,-2,-2,0,True,True,12
-3,-1,0,2,0,1,0,-1/2,1/2,False,True,12
-3,-1,0,2,0,1,3,0,3,True,True,12
-3,-1,0,2,1/7,13/7,-2,-4,0,False,True,20
-3,-1,0,2,1/7,13/7,0,-1/2,1/2,False,True,20
-3,-1,0,2,1/7,13/7,3,1/7,41/7,True,True,20
-3,-1,0,2,-3/4,-1/4,-2,0,2,False,True,6
-3,-1,0,2,-3/4,-1/4,0,-1/2,1/2,False,True,6
-3,-1,0,2,-3/4,-1/4,3,-7/4,-1/4,True,True,6
-3,-1,0,2,1/2,1/2,-2,-1,-1,True,True,1
-3,-1,0,2,1/2,1/2,0,0,0,True,True,1
-3,-1,0,2,1/2,1/2,3,3/2,3/2,True,True,1
-3,-1,0,2,-1/2,-1/2,-2,1,1,True,True,1
-3,-1,0,2,-1/2,-1/2,0,0,0,True,True,1
-3,-1,0,2,-1/2,-1/2,3,-3/2,-3/2,True,True,1
-3,-1,0,2,0,0,-2,0,0,True,True,1
-3,-1,0,2,0,0,0,0,0,True,True,1
-3,-1,0,2,0,0,3,0,0,True,True,1
-3,-1,0,2,3/8,5/8,-2,-3/2,-1/2,True,True,4
-3,-1,0,2,3/8,5/8,0,-1/4,1/4,True,True,4
-3,-1,0,2,3/8,5/8,3,11/8,13/8,True,True,4
-3,-1,0,2,-1/100,1/100,-2,-1/25,1/25,True,True,2
-3,-1,0,2,-1/100,1/100,0,-1/50,1/50,True,True,2
-3,-1,0,2,-1/100,1/100,3,-1/100,1/100,True,True,2
-3,-1,0,2,-11/7,-5/7,-2,1,23/7,False,True,11
-3,-1,0,2,-11/7,-5/7,0,-1/2,1/2,False,True,11
-3,-1,0,2,-11/7,-5/7,3,-32/7,-12/7,True,True,11
-3,-1,0,2,31/16,33/16,-2,-17/4,-15/4,True,True,2
-3,-1,0,2,31/16,33/16,0,-1/8,1/8,True,True,2
-3,-1,0,2,31/16,33/16,3,95/16,97/16,True,True,2
-3,-1,1,-2,-2,2,-2,-65/16,65/16,False,True,42
-3,-1,1,-2,-2,2,0,-1/2,1/2,True,False,42
-3,-1,1,-2,-2,2,3,-6,6,True,True,42
-3,-1,1,-2,0,1,-2,-33/16,1/16,False,True,12
-3,-1,1,-2,0,1,0,-1/2,1/2,True,False,12
-3,-1,1,-2,0,1,3,0,3,True,True,12
-3,-1,1,-2,1/7,13/7,-2,-65/16,1/16,False,True,20
-3,-1,1,-2,1/7,13/7,0,-1/2,1/2,True,False,20
-3,-1,1,-2,1/7,13/7,3,1/4,23/4,True,False,20
-3,-1,1,-2,-3/4,-1/4,-2,0,17/16,True,True,6
-3,-1,1,-2,-3/4,-1/4,0,-1/2,1/2,True,False,6
-3,-1,1,-2,-3/4,-1/4,3,-11/4,-1/4,True,False,6
-3,-1,1,-2,1/2,1/2,-2,-1,-1,True,True,1
-3,-1,1,-2,1/2,1/2,0,0,0,True,True,1
-3,-1,1,-2,1/2,1/2,3,3/2,3/2,True,True,1
-3,-1,1,-2,-1/2,-1/2,-2,1,1,True,True,1
-3,-1,1,-2,-1/2,-1/2,0,0,0,True,True,1
-3,-1,1,-2,-1/2,-1/2,3,-3/2,-3/2,True,True,1
-3,-1,1,-2,0,0,-2,0,0,True,True,1
-3,-1,1,-2,0,0,0,0,0,True,True,1
-3,-1,1,-2,0,0,3,0,0,True,True,1
-3,-1,1,-2,3/8,5/8,-2,-17/16,-15/16,False,True,4
-3,-1,1,-2,3/8,5/8,0,-1/4,1/4,True,True,4
-3,-1,1,-2,3/8,5/8,3,7/8,17/8,True,True,4
-3,-1,1,-2,-1/100,1/100,-2,-1/100,1/100,True,True,2
-3,-1,1,-2,-1/100,1/100,0,-1/100,1/100,True,True,2
-3,-1,1,-2,-1/100,1/100,3,-1/25,1/25,True,True,2
-3,-1,1,-2,-11/7,-5/7,-2,27/28,49/16,True,True,11
-3,-1,1,-2,-11/7,-5/7,0,-1/2,1/2,True,False,11
-3,-1,1,-2,-11/7,-5/7,3,-275/56,-7/4,True,False,11
-3,-1,1,-2,31/16,33/16,-2,-65/16,-63/16,False,True,2
-3,-1,1,-2,31/16,33/16,0,-1/16,3/16,True,True,2
-3,-1,1,-2,31/16,33/16,3,23/4,51/8,True,True,2
-3,-1,1,-1,-2,2,-2,-4,4,True,True,42
-3,-1,1,-1,-2,2,0,-1/4,1/4,True,True,42
-3,-1,1,-1,-2,2,3,-6,6,True,True,42
-3,-1,1,-1,0,1,-2,-2,0,True,True,12
-3,-1,1,-1,0,1,0,-1/4,1/4,True,True,12
-3,-1,1,-1,0,1,3,0,3,True,True,12
-3,-1,1,-1,1/7,13/7,-2,-31/8,-1/8,False,True,20
-3,-1,1,-1,1/7,13/7,0,-1/4,1/4,True,True,20
-3,-1,1,-1,1/7,13/7,3,1/2,11/2,True,False,20
-3,-1,1,-1,-3/4,-1/4,-2,1/4,5/4,True,True,6
-3,-1,1,-1,-3/4,-1/4,0,-1/4,1/4,True,True,6
-3,-1,1,-1,-3/4,-1/4,3,-5/2,-1/2,True,False,6
-3,-1,1,-1,1/2,1/2,-2,-1,-1,True,True,1
-3,-1,1,-1,1/2,1/2,0,0,0,True,True,1
-3,-1,1,-1,1/2,1/2,3,3/2,3/2,True,True,1
-3,-1,1,-1,-1/2,-1/2,-2,1,1,True,True,1
-3,-1,1,-1,-1/2,-1/2,0,0,0,True,True,1
-3,-1,1,-1,-1/2,-1/2,3,-3/2,-3/2,True,True,1
-3,-1,1,-1,0,0,-2,0,0,True,True,1
-3,-1,1,-1,0,0,0,0,0,True,True,1
-3,-1,1,-1,0,0,3,0,0,True,True,1
-3,-1,1,-1,3/8,5/8,-2,-9/8,-7/8,True,True,4
-3,-1,1,-1,3/8,5/8,0,-1/8,1/8,True,True,4
-3,-1,1,-1,3/8,5/8,3,1,2,True,True,4
-3,-1,1,-1,-1/100,1/100,-2,-1/50,1/50,True,True,2
-3,-1,1,-1,-1/100,1/100,0,0,0,True,True,2
-3,-1,1,-1,-1/100,1/100,3,-3/100,3/100,True,True,2
-3,-1,1,-1,-11/7,-5/7,-2,33/28,25/8,True,True,11
-3,-1,1,-1,-11/7,-5/7,0,-1/4,1/4,True,True,11
-3,-1,1,-1,-11/7,-5/7,3,-271/56,-2,True,False,11
-3,-1,1,-1,31/16,33/16,-2,-33/8,-31/8,False,True,2
-3,-1,1,-1,31/16,33/16,0,0,1/8,True,True,2
-3,-1,1,-1,31/16,33/16,3,93/16,101/16,True,True,2
-3,-1,1,0,-2,2,-2,-4,4,True,True,42
-3,-1,1,0,-2,2,0,-1/16,1/16,False,True,42
-3,-1,1,0,-2,2,3,-6,6,True,True,42
-3,-1,1,0,0,1,-2,-2,0,True,True,12
-3,-1,1,0,0,1,0,-1/16,1/16,False,True,12
-3,-1,1,0,0,1,3,0,3,True,True,12
-3,-1,1,0,1/7,13/7,-2,-207/56,-17/56,True,True,20
-3,-1,1,0,1/7,13/7,0,-1/16,1/16,False,True,20
-3,-1,1,0,1/7,13/7,3,23/56,313/56,True,True,20
-3,-1,1,0,-3/4,-1/4,-2,1/2,3/2,True,True,6
-3,-1,1,0,-3/4,-1/4,0,-1/16,1/16,False,True,6
-3,-1,1,0,-3/4,-1/4,3,-9/4,-3/4,True,True,6
-3,-1,1,0,1/2,1/2,-2,-1,-1,True,True,1
-3,-1,1,0,1/2,1/2,0,0,0,True,True,1
-3,-1,1,0,1/2,1/2,3,3/2,3/2,True,True,1
-3,-1,1,0,-1/2,-1/2,-2,1,1,True,True,1
-3,-1,1,0,-1/2,-1/2,0,0,0,True,True,1
-3,-1,1,0,-1/2,-1/2,3,-3/2,-3/2,True,True,1
-3,-1,1,0,0,0,-2,0,0,True,True,1
-3,-1,1,0,0,0,0,0,0,True,True,1
-3,-1,1,0,0,0,3,0,0,True,True,1
-3,-1,1,0,3/8,5/8,-2,-5/4,-3/4,True,True,4
-3,-1,1,0,3/8,5/8,0,-1/16,1/16,False,True,4
-3,-1,1,0,3/8,5/8,3,9/8,15/8,True,True,4
-3,-1,1,0,-1/100,1/100,-2,-3/100,3/100,True,True,2
-3,-1,1,0,-1/100,1/100,0,-1/100,1/100,True,True,2
-3,-1,1,0,-1/100,1/100,3,-1/50,1/50,True,True,2
-3,-1,1,0,-11/7,-5/7,-2,39/28,51/16,True,True,11
-3,-1,1,0,-11/7,-5/7,0,-1/16,1/16,False,True,11
-3,-1,1,0,-11/7,-5/7,3,-267/56,-61/28,True,True,11
-3,-1,1,0,31/16,33/16,-2,-67/16,-61/16,False,True,2
-3,-1,1,0,31/16,33/16,0,-1/16,1/16,False,True,2
-3,-1,1,0,31/16,33/16,3,47/8,25/4,True,True,2
-3,-1,1,1,-2,2,-2,-4,4,True,True,42
-3,-1,1,1,-2,2,0,-1/4,1/4,False,True,42
-3,-1,1,1,-2,2,3,-6,6,True,True,42
-3,-1,1,1,0,1,-2,-2,0,True,True,12
-3,-1,1,1,0,1,0,-1/4,1/4,False,True,12
-3,-1,1,1,0,1,3,0,3,True,True,12
-3,-1,1,1,1/7,13/7,-2,-15/4,-1/4,False,True,20
-3,-1,1,1,1/7,13/7,0,-1/4,1/4,False,True,20
-3,-1,1,1,1/7,13/7,3,15/56,321/56,True,True,20
-3,-1,1,1,-3/4,-1/4,-2,1/4,7/4,False,True,6
-3,-1,1,1,-3/4,-1/4,0,-1/4,1/4,False,True,6
-3,-1,1,1,-3/4,-1/4,3,-2,-1/2,True,True,6
-3,-1,1,1,1/2,1/2,-2,-1,-1,True,True,1
-3,-1,1,1,1/2,1/2,0,0,0,True,True,1
-3,-1,1,1,1/2,1/2,3,3/2,3/2,True,True,1
-3,-1,1,1,-1/2,-1/2,-2,1,1,True,True,1
-3,-1,1,1,-1/2,-1/2,0,0,0,True,True,1
-3,-1,1,1,-1/2,-1/2,3,-3/2,-3/2,True,True,1
-3,-1,1,1,0,0,-2,0,0,True,True,1
-3,-1,1,1,0,0,0,0,0,True,True,1
-3,-1,1,1,0,0,3,0,0,True,True,1
-3,-1,1,1,3/8,5/8,-2,-11/8,-5/8,True,True,4
-3,-1,1,1,3/8,5/8,0,-1/8,1/8,True,True,4
-3,-1,1,1,3/8,5/8,3,5/4,7/4,True,True,4
-3,-1,1,1,-1/100,1/100,-2,-1/25,1/25,True,True,2
-3,-1,1,1,-1/100,1/100,0,-1/50,1/50,True,True,2
-3,-1,1,1,-1/100,1/100,3,-1/100,1/100,True,True,2
-3,-1,1,1,-11/7,-5/7,-2,5/4,13/4,False,True,11
-3,-1,1,1,-11/7,-5/7,0,-1/4,1/4,False,True,11
-3,-1,1,1,-11/7,-5/7,3,-263/56,-55/28,True,True,11
-3,-1,1,1,31/16,33/16,-2,-17/4,-15/4,False,True,2
-3,-1,1,1,31/16,33/16,0,-1/8,1/8,False,True,2
-3,-1,1,1,31/16,33/16,3,95/16,99/16,True,True,2
-3,-1,1,2,-2,2,-2,-4,4,True,True,42
-3,-1,1,2,-2,2,0,-1/2,1/2,False,True,42
-3,-1,1,2,-2,2,3,-6,6,True,True,42
-3,-1,1,2,0,1,-2,-2,0,True,True,12
-3,-1,1,2,0,1,0,-1/2,1/2,False,True,12
-3,-1,1,2,0,1,3,0,3,True,True,12
-3,-1,1,2,1/7,13/7,-2,-4,0,False,True,20
-3,-1,1,2,1/7,13/7,0,-1/2,1/2,False,True,20
-3,-1,1,2,1/7,13/7,3,1/8,47/8,True,True,20
-3,-1,1,2,-3/4,-1/4,-2,0,2,False,True,6
-3,-1,1,2,-3/4,-1/4,0,-1/2,1/2,False,True,6
-3,-1,1,2,-3/4,-1/4,3,-7/4,-1/4,True,True,6
-3,-1,1,2,1/2,1/2,-2,-1,-1,True,True,1
-3,-1,1,2,1/2,1/2,0,0,0,True,True,1
-3,-1,1,2,1/2,1/2,3,3/2,3/2,True,True,1
-3,-1,1,2,-1/2,-1/2,-2,1,1,True,True,1
-3,-1,1,2,-1/2,-1/2,0,0,0,True,True,1
-3,-1,1,2,-1/2,-1/2,3,-3/2,-3/2,True,True,1
-3,-1,1,2,0,0,-2,0,0,True,True,1
-3,-1,1,2,0,0,0,0,0,True,True,1
-3,-1,1,2,0,0,3,0,0,True,True,1
-3,-1,1,2,3/8,5/8,-2,-3/2,-1/2,True,True,4
-3,-1,1,2,3/8,5/8,0,-1/4,1/4,True,True,4
-3,-1,1,2,3/8,5/8,3,11/8,13/8,True,True,4
-3,-1,1,2,-1/100,1/100,-2,-1/20,1/20,True,True,2
-3,-1,1,2,-1/100,1/100,0,-3/100,3/100,True,True,2
-3,-1,1,2,-1/100,1/100,3,0,0,True,True,2
-3,-1,1,2,-11/7,-5/7,-2,1,53/16,False,True,11
-3,-1,1,2,-11/7,-5/7,0,-1/2,1/2,False,True,11
-3,-1,1,2,-11/7,-5/7,3,-37/8,-7/4,True,True,11
-3,-1,1,2,31/16,33/16,-2,-69/16,-59/16,False,True,2
-3,-1,1,2,31/16,33/16,0,-3/16,3/16,False,True,2
-3,-1,1,2,31/16,33/16,3,6,49/8,True,True,2
-3,-1,2,-2,-2,2,-2,-33/8,33/8,False,True,42
-3,-1,2,-2,-2,2,0,-1/2,1/2,True,True,42
-3,-1,2,-2,-2,2,3,-6,6,True,True,42
-3,-1,2,-2,0,1,-2,-17/8,1/8,False,True,12
-3,-1,2,-2,0,1,0,-1/2,1/2,True,True,12
-3,-1,2,-2,0,1,3,0,3,True,True,12
-3,-1,2,-2,1/7,13/7,-2,-33/8,1/8,False,True,20
-3,-1,2,-2,1/7,13/7,0,-1/2,1/2,True,True,20
-3,-1,2,-2,1/7,13/7,3,1/4,23/4,True,False,20
-3,-1,2,-2,-3/4,-1/4,-2,0,9/8,True,True,6
-3,-1,2,-2,-3/4,-1/4,0,-1/2,1/2,True,True,6
-3,-1,2,-2,-3/4,-1/4,3,-11/4,-1/4,True,False,6
-3,-1,2,-2,1/2,1/2,-2,-1,-1,True,True,1
-3,-1,2,-2,1/2,1/2,0,0,0,True,True,1
-3,-1,2,-2,1/2,1/2,3,3/2,3/2,True,True,1
-3,-1,2,-2,-1/2,-1/2,-2,1,1,True,True,1
-3,-1,2,-2,-1/2,-1/2,0,0,0,True,True,1
-3,-1,2,-2,-1/2,-1/2,3,-3/2,-3/2,True,True,1
-3,-1,2,-2,0,0,-2,0,0,True,True,1
-3,-1,2,-2,0,0,0,0,0,True,True,1
-3,-1,2,-2,0,0,3,0,0,True,True,1
-3,-1,2,-2,3/8,5/8,-2,-9/8,-7/8,False,True,4
-3,-1,2,-2,3/8,5/8,0,-1/4,1/4,True,True,4
-3,-1,2,-2,3/8,5/8,3,7/8,17/8,True,True,4
-3,-1,2,-2,-1/100,1/100,-2,-1/50,1/50,True,True,2
-3,-1,2,-2,-1/100,1/100,0,0,0,True,True,2
-3,-1,2,-2,-1/100,1/100,3,-3/100,3/100,True,True,2
-3,-1,2,-2,-11/7,-5/7,-2,13/14,25/8,True,True,11
-3,-1,2,-2,-11/7,-5/7,0,-1/2,1/2,True,True,11
-3,-1,2,-2,-11/7,-5/7,3,-139/28,-7/4,True,False,11
-3,-1,2,-2,31/16,33/16,-2,-33/8,-31/8,False,True,2
-3,-1,2,-2,31/16,33/16,0,0,1/4,True,True,2
-3,-1,2,-2,31/16,33/16,3,93/16,103/16,True,True,2
-3,-1,2,-1,-2,2,-2,-65/16,65/16,False,True,42
-3,-1,2,-1,-2,2,0,-5/16,5/16,False,True,42
-3,-1,2,-1,-2,2,3,-6,6,True,True,42
-3,-1,2,-1,0,1,-2,-33/16,1/16,False,True,12
-3,-1,2,-1,0,1,0,-5/16,5/16,False,True,12
-3,-1,2,-1,0,1,3,0,3,True,True,12
-3,-1,2,-1,1/7,13/7,-2,-63/16,-1/16,False,True,20
-3,-1,2,-1,1/7,13/7,0,-5/16,5/16,False,True,20
-3,-1,2,-1,1/7,13/7,3,1/2,11/2,True,False,20
-3,-1,2,-1,-3/4,-1/4,-2,1/4,21/16,True,True,6
-3,-1,2,-1,-3/4,-1/4,0,-5/16,5/16,False,True,6
-3,-1,2,-1,-3/4,-1/4,3,-5/2,-1/2,True,False,6
-3,-1,2,-1,1/2,1/2,-2,-1,-1,True,True,1
-3,-1,2,-1,1/2,1/2,0,0,0,True,True,1
-3,-1,2,-1,1/2,1/2,3,3/2,3/2,True,True,1
-3,-1,2,-1,-1/2,-1/2,-2,1,1,True,True,1
-3,-1,2,-1,-1/2,-1/2,0,0,0,True,True,1
-3,-1,2,-1,-1/2,-1/2,3,-3/2,-3/2,True,True,1
-3,-1,2,-1,0,0,-2,0,0,True,True,1
-3,-1,2,-1,0,0,0,0,0,True,True,1
-3,-1,2,-1,0,0,3,0,0,True,True,1
-3,-1,2,-1,3/8,5/8,-2,-19/16,-13/16,False,True,4
-3,-1,2,-1,3/8,5/8,0,-3/16,3/16,False,True,4
-3,-1,2,-1,3/8,5/8,3,1,2,True,True,4
-3,-1,2,-1,-1/100,1/100,-2,-3/100,3/100,True,True,2
-3,-1,2,-1,-1/100,1/100,0,-1/100,1/100,True,True,2
-3,-1,2,-1,-1/100,1/100,3,-1/50,1/50,True,True,2
-3,-1,2,-1,-11/7,-5/7,-2,8/7,51/16,True,True,11
-3,-1,2,-1,-11/7,-5/7,0,-5/16,5/16,False,True,11
-3,-1,2,-1,-11/7,-5/7,3,-137/28,-2,True,False,11
-3,-1,2,-1,31/16,33/16,-2,-67/16,-61/16,False,True,2
-3,-1,2,-1,31/16,33/16,0,-1/16,3/16,False,True,2
-3,-1,2,-1,31/16,33/16,3,47/8,51/8,True,True,2
-3,-1,2,0,-2,2,-2,-4,4,True,True,42
-3,-1,2,0,-2,2,0,-1/8,1/8,False,True,42
-3,-1,2,0,-2,2,3,-6,6,True,True,42
-3,-1,2,0,0,1,-2,-2,0,True,True,12
-3,-1,2,0,0,1,0,-1/8,1/8,False,True,12
-3,-1,2,0,0,1,3,0,3,True,True,12
-3,-1,2,0,1/7,13/7,-2,-15/4,-1/4,False,True,20
-3,-1,2,0,1/7,13/7,0,-1/8,1/8,False,True,20
-3,-1,2,0,1/7,13/7,3,11/28,157/28,True,True,20
-3,-1,2,0,-3/4,-1/4,-2,1/2,3/2,True,True,6
-3,-1,2,0,-3/4,-1/4,0,-1/8,1/8,False,True,6
-3,-1,2,0,-3/4,-1/4,3,-9/4,-3/4,True,True,6
-3,-1,2,0,1/2,1/2,-2,-1,-1,True,True,1
-3,-1,2,0,1/2,1/2,0,0,0,True,True,1
-3,-1,2,0,1/2,1/2,3,3/2,3/2,True,True,1
-3,-1,2,0,-1/2,-1/2,-2,1,1,True,True,1
-3,-1,2,0,-1/2,-1/2,0,0,0,True,True,1
-3,-1,2,0,-1/2,-1/2,3,-3/2,-3/2,True,True,1
-3,-1,2,0,0,0,-2,0,0,True,True,1
-3,-1,2,0,0,0,0,0,0,True,True,1
-3,-1,2,0,0,0,3,0,0,True,True,1
-3,-1,2,0,3/8,5/8,-2,-5/4,-3/4,True,True,4
-3,-1,2,0,3/8,5/8,0,-1/8,1/8,False,True,4
-3,-1,2,0,3/8,5/8,3,9/8,15/8,True,True,4
-3,-1,2,0,-1/100,1/100,-2,-1/25,1/25,True,True,2
-3,-1,2,0,-1/100,1/100,0,-1/50,1/50,True,True,2
-3,-1,2,0,-1/100,1/100,3,-1/100,1/100,True,True,2
-3,-1,2,0,-11/7,-5/7,-2,19/14,13/4,True,True,11
-3,-1,2,0,-11/7,-5/7,0,-1/8,1/8,False,True,11
-3,-1,2,0,-11/7,-5/7,3,-135/28,-31/14,True,True,11
-3,-1,2,0,31/16,33/16,-2,-17/4,-15/4,False,True,2
-3,-1,2,0,31/16,33/16,0,-1/8,1/8,False,True,2
-3,-1,2,0,31/16,33/16,3,95/16,101/16,True,True,2
-3,-1,2,1,-2,2,-2,-4,4,True,True,42
-3,-1,2,1,-2,2,0,-5/16,5/16,False,True,42
-3,-1,2,1,-2,2,3,-6,6,True,True,42
-3,-1,2,1,0,1,-2,-2,0,True,True,12
-3,-1,2,1,0,1,0,-5/16,5/16,False,True,12
-3,-1,2,1,0,1,3,0,3,True,True,12
-3,-1,2,1,1/7,13/7,-2,-15/4,-1/4,False,True,20
-3,-1,2,1,1/7,13/7,0,-5/16,5/16,False,True,20
-3,-1,2,1,1/7,13/7,3,1/4,23/4,True,True,20
-3,-1,2,1,-3/4,-1/4,-2,1/4,7/4,False,True,6
-3,-1,2,1,-3/4,-1/4,0,-5/16,5/16,False,True,6
-3,-1,2,1,-3/4,-1/4,3,-2,-1/2,True,True,6
-3,-1,2,1,1/2,1/2,-2,-1,-1,True,True,1
-3,-1,2,1,1/2,1/2,0,0,0,True,True,1
-3,-1,2,1,1/2,1/2,3,3/2,3/2,True,True,1
-3,-1,2,1,-1/2,-1/2,-2,1,1,True,True,1
-3,-1,2,1,-1/2,-1/2,0,0,0,True,True,1
-3,-1,2,1,-1/2,-1/2,3,-3/2,-3/2,True,True,1
-3,-1,2,1,0,0,-2,0,0,True,True,1
-3,-1,2,1,0,0,0,0,0,True,True,1
-3,-1,2,1,0,0,3,0,0,True,True,1
-3,-1,2,1,3/8,5/8,-2,-11/8,-5/8,True,True,4
-3,-1,2,1,3/8,5/8,0,-3/16,3/16,False,True,4
-3,-1,2,1,3/8,5/8,3,5/4,7/4,True,True,4
-3,-1,2,1,-1/100,1/100,-2,-1/20,1/20,True,True,2
-3,-1,2,1,-1/100,1/100,0,-3/100,3/100,True,True,2
-3,-1,2,1,-1/100,1/100,3,0,0,True,True,2
-3,-1,2,1,-11/7,-5/7,-2,5/4,53/16,False,True,11
-3,-1,2,1,-11/7,-5/7,0,-5/16,5/16,False,True,11
-3,-1,2,1,-11/7,-5/7,3,-19/4,-2,True,True,11
-3,-1,2,1,31/16,33/16,-2,-69/16,-59/16,False,True,2
-3,-1,2,1,31/16,33/16,0,-3/16,3/16,False,True,2
-3,-1,2,1,31/16,33/16,3,6,25/4,True,True,2
-3,-1,2,2,-2,2,-2,-4,4,True,True,42
-3,-1,2,2,-2,2,0,-1/2,1/2,False,True,42
-3,-1,2,2,-2,2,3,-97/16,97/16,False,True,42
-3,-1,2,2,0,1,-2,-2,0,True,True,12
-3,-1,2,2,0,1,0,-1/2,1/2,False,True,12
-3,-1,2,2,0,1,3,-1/16,49/16,False,True,12
-3,-1,2,2,1/7,13/7,-2,-4,0,False,True,20
-3,-1,2,2,1/7,13/7,0,-1/2,1/2,False,True,20
-3,-1,2,2,1/7,13/7,3,1/16,95/16,False,True,20
-3,-1,2,2,-3/4,-1/4,-2,0,2,False,True,6
-3,-1,2,2,-3/4,-1/4,0,-1/2,1/2,False,True,6
-3,-1,2,2,-3/4,-1/4,3,-29/16,-1/4,False,True,6
-3,-1,2,2,1/2,1/2,-2,-1,-1,True,True,1
-3,-1,2,2,1/2,1/2,0,0,0,True,True,1
-3,-1,2,2,1/2,1/2,3,3/2,3/2,True,True,1
-3,-1,2,2,-1/2,-1/2,-2,1,1,True,True,1
-3,-1,2,2,-1/2,-1/2,0,0,0,True,True,1
-3,-1,2,2,-1/2,-1/2,3,-3/2,-3/2,True,True,1
-3,-1,2,2,0,0,-2,0,0,True,True,1
-3,-1,2,2,0,0,0,0,0,True,True,1
-3,-1,2,2,0,0,3,0,0,True,True,1
-3,-1,2,2,3/8,5/8,-2,-3/2,-1/2,True,True,4
-3,-1,2,2,3/8,5/8,0,-1/4,1/4,True,True,4
-3,-1,2,2,3/8,5/8,3,21/16,27/16,False,True,4
-3,-1,2,2,-1/100,1/100,-2,-3/50,3/50,True,True,2
-3,-1,2,2,-1/100,1/100,0,-1/25,1/25,True,True,2
-3,-1,2,2,-1/100,1/100,3,-1/100,1/100,True,True,2
-3,-1,2,2,-11/7,-5/7,-2,1,27/8,False,True,11
-3,-1,2,2,-11/7,-5/7,0,-1/2,1/2,False,True,11
-3,-1,2,2,-11/7,-5/7,3,-75/16,-7/4,False,True,11
-3,-1,2,2,31/16,33/16,-2,-35/8,-29/8,False,True,2
-3,-1,2,2,31/16,33/16,0,-1/4,1/4,False,True,2
-3,-1,2,2,31/16,33/16,3,95/16,99/16,False,True,2
-3,0,-2,-2,-2,2,-2,-33/8,33/8,True,False,38
-3,0,-2,-2,-2,2,0,-1,1,True,False,38
-3,0,-2,-2,-2,2,3,-6,6,True,True,38
-3,0,-2,-2,0,1,-2,-17/8,1/8,True,False,11
-3,0,-2,-2,0,1,0,-1,1,True,False,11
-3,0,-2,-2,0,1,3,0,3,True,True,11
-3,0,-2,-2,1/7,13/7,-2,-33/8,1/8,True,False,18
-3,0,-2,-2,1/7,13/7,0,-1,1,True,False,18
-3,0,-2,-2,1/7,13/7,3,1/2,11/2,True,False,18
-3,0,-2,-2,-3/4,-1/4,-2,-1/8,17/8,True,False,7
-3,0,-2,-2,-3/4,-1/4,0,-1,1,True,False,7
-3,0,-2,-2,-3/4,-1/4,3,-5/2,-1/2,True,False,7
-3,0,-2,-2,1/2,1/2,-2,-2,-2,True,True,1
-3,0,-2,-2,1/2,1/2,0,-1,-1,True,True,1
-3,0,-2,-2,1/2,1/2,3,1/2,1/2,True,True,1
-3,0,-2,-2,-1/2,-1/2,-2,0,0,True,True,1
-3,0,-2,-2,-1/2,-1/2,0,-1,-1,True,True,1
-3,0,-2,-2,-1/2,-1/2,3,-5/2,-5/2,True,True,1
-3,0,-2,-2,0,0,-2,0,0,True,True,1
-3,0,-2,-2,0,0,0,0,0,True,True,1
-3,0,-2,-2,0,0,3,0,0,True,True,1
-3,0,-2,-2,3/8,5/8,-2,-17/8,1/8,True,False,5
-3,0,-2,-2,3/8,5/8,0,-1,1,True,False,5
-3,0,-2,-2,3/8,5/8,3,1/2,5/2,True,False,5
-3,0,-2,-2,-1/100,1/100,-2,-1/50,1/50,True,True,2
-3,0,-2,-2,-1/100,1/100,0,-1/25,1/25,True,True,2
-3,0,-2,-2,-1/100,1/100,3,-7/100,7/100,True,True,2
-3,0,-2,-2,-11/7,-5/7,-2,15/8,33/8,True,False,10
-3,0,-2,-2,-11/7,-5/7,0,-1,1,True,False,10
-3,0,-2,-2,-11/7,-5/7,3,-11/2,-3/2,True,True,10
-3,0,-2,-2,31/16,33/16,-2,-33/8,-31/8,True,False,2
-3,0,-2,-2,31/16,33/16,0,-1/4,1/4,True,False,2
-3,0,-2,-2,31/16,33/16,3,89/16,103/16,True,False,2
-3,0,-2,-1,-2,2,-2,-65/16,65/16,True,False,38
-3,0,-2,-1,-2,2,0,-9/16,9/16,True,False,38
-3,0,-2,-1,-2,2,3,-6,6,True,True,38
-3,0,-2,-1,0,1,-2,-33/16,1/16,True,False,11
-3,0,-2,-1,0,1,0,-9/16,9/16,True,False,11
-3,0,-2,-1,0,1,3,0,3,True,True,11
-3,0,-2,-1,1/7,13/7,-2,-63/16,-1/16,True,False,18
-3,0,-2,-1,1/7,13/7,0,-9/16,9/16,True,False,18
-3,0,-2,-1,1/7,13/7,3,17/28,151/28,True,True,18
-3,0,-2,-1,-3/4,-1/4,-2,3/16,29/16,True,False,7
-3,0,-2,-1,-3/4,-1/4,0,-9/16,9/16,True,False,7
-3,0,-2,-1,-3/4,-1/4,3,-2,-1,True,True,7
-3,0,-2,-1,1/2,1/2,-2,-3/2,-3/2,True,True,1
-3,0,-2,-1,1/2,1/2,0,-1/2,-1/2,True,True,1
-3,0,-2,-1,1/2,1/2,3,1,1,True,True,1
-3,0,-2,-1,-1/2,-1/2,-2,1/2,1/2,True,True,1
-3,0,-2,-1,-1/2,-1/2,0,-1/2,-1/2,True,True,1
-3,0,-2,-1,-1/2,-1/2,3,-2,-2,True,True,1
-3,0,-2,-1,0,0,-2,0,0,True,True,1
-3,0,-2,-1,0,0,0,0,0,True,True,1
-3,0,-2,-1,0,0,3,0,0,True,True,1
-3,0,-2,-1,3/8,5/8,-2,-27/16,-5/16,True,False,5
-3,0,-2,-1,3/8,5/8,0,-9/16,9/16,True,False,5
-3,0,-2,-1,3/8,5/8,3,1,2,True,False,5
-3,0,-2,-1,-1/100,1/100,-2,-1/100,1/100,True,True,2
-3,0,-2,-1,-1/100,1/100,0,-3/100,3/100,True,True,2
-3,0,-2,-1,-1/100,1/100,3,-3/50,3/50,True,True,2
-3,0,-2,-1,-11/7,-5/7,-2,27/16,59/16,True,False,10
-3,0,-2,-1,-11/7,-5/7,0,-9/16,9/16,True,False,10
-3,0,-2,-1,-11/7,-5/7,3,-5,-25/14,True,True,10
-3,0,-2,-1,31/16,33/16,-2,-67/16,-63/16,True,False,2
-3,0,-2,-1,31/16,33/16,0,-3/16,3/16,True,False,2
-3,0,-2,-1,31/16,33/16,3,45/8,51/8,True,False,2
-3,0,-2,0,-2,2,-2,-4,4,True,True,38
-3,0,-2,0,-2,2,0,-1/8,1/8,True,False,38
-3,0,-2,0,-2,2,3,-6,6,True,True,38
-3,0,-2,0,0,1,-2,-2,0,True,True,11
-3,0,-2,0,0,1,0,-1/8,1/8,True,False,11
-3,0,-2,0,0,1,3,0,3,True,True,11
-3,0,-2,0,1/7,13/7,-2,-15/4,-1/4,True,True,18
-3,0,-2,0,1/7,13/7,0,-1/8,1/8,True,False,18
-3,0,-2,0,1/7,13/7,3,7/16,89/16,True,False,18
-3,0,-2,0,-3/4,-1/4,-2,1/2,3/2,True,True,7
-3,0,-2,0,-3/4,-1/4,0,-1/8,1/8,True,False,7
-3,0,-2,0,-3/4,-1/4,3,-9/4,-3/4,True,True,7
-3,0,-2,0,1/2,1/2,-2,-1,-1,True,True,1
-3,0,-2,0,1/2,1/2,0,0,0,True,True,1
-3,0,-2,0,1/2,1/2,3,3/2,3/2,True,True,1
-3,0,-2,0,-1/2,-1/2,-2,1,1,True,True,1
-3,0,-2,0,-1/2,-1/2,0,0,0,True,True,1
-3,0,-2,0,-1/2,-1/2,3,-3/2,-3/2,True,True,1
-3,0,-2,0,0,0,-2,0,0,True,True,1
-3,0,-2,0,0,0,0,0,0,True,True,1
-3,0,-2,0,0,0,3,0,0,True,True,1
-3,0,-2,0,3/8,5/8,-2,-5/4,-3/4,True,True,5
-3,0,-2,0,3/8,5/8,0,-1/8,1/8,True,False,5
-3,0,-2,0,3/8,5/8,3,9/8,15/8,True,True,5
-3,0,-2,0,-1/100,1/100,-2,0,0,True,True,2
-3,0,-2,0,-1/100,1/100,0,-1/50,1/50,True,True,2
-3,0,-2,0,-1/100,1/100,3,-1/20,1/20,True,True,2
-3,0,-2,0,-11/7,-5/7,-2,3/2,13/4,True,True,10
-3,0,-2,0,-11/7,-5/7,0,-1/8,1/8,True,False,10
-3,0,-2,0,-11/7,-5/7,3,-77/16,-29/14,True,True,10
-3,0,-2,0,31/16,33/16,-2,-17/4,-4,True,True,2
-3,0,-2,0,31/16,33/16,0,-1/8,1/8,True,False,2
-3,0,-2,0,31/16,33/16,3,91/16,101/16,True,False,2
-3,0,-2,1,-2,2,-2,-4,4,True,True,38
-3,0,-2,1,-2,2,0,-9/16,9/16,True,False,38
-3,0,-2,1,-2,2,3,-6,6,True,True,38
-3,0,-2,1,0,1,-2,-2,0,True,True,11
-3,0,-2,1,0,1,0,-9/16,9/16,True,False,11
-3,0,-2,1,0,1,3,0,3,True,True,11
-3,0,-2,1,1/7,13/7,-2,-101/28,-11/28,True,True,18
-3,0,-2,1,1/7,13/7,0,-9/16,9/16,True,False,18
-3,0,-2,1,1/7,13/7,3,1/4,23/4,True,False,18
-3,0,-2,1,-3/4,-1/4,-2,1/2,3/2,False,True,7
-3,0,-2,1,-3/4,-1/4,0,-9/16,9/16,True,False,7
-3,0,-2,1,-3/4,-1/4,3,-5/2,-1/2,True,True,7
-3,0,-2,1,1/2,1/2,-2,-1/2,-1/2,True,True,1
-3,0,-2,1,1/2,1/2,0,1/2,1/2,True,True,1
-3,0,-2,1,1/2,1/2,3,2,2,True,True,1
-3,0,-2,1,-1/2,-1/2,-2,3/2,3/2,True,True,1
-3,0,-2,1,-1/2,-1/2,0,1/2,1/2,True,True,1
-3,0,-2,1,-1/2,-1/2,3,-1,-1,True,True,1
-3,0,-2,1,0,0,-2,0,0,True,True,1
-3,0,-2,1,0,0,0,0,0,True,True,1
-3,0,-2,1,0,0,3,0,0,True,True,1
-3,0,-2,1,3/8,5/8,-2,-3/2,-1/2,False,True,5
-3,0,-2,1,3/8,5/8,0,-9/16,9/16,True,False,5
-3,0,-2,1,3/8,5/8,3,3/4,9/4,True,True,5
-3,0,-2,1,-1/100,1/100,-2,-1/100,1/100,True,True,2
-3,0,-2,1,-1/100,1/100,0,-1/100,1/100,True,True,2
-3,0,-2,1,-1/100,1/100,3,-1/25,1/25,True,True,2
-3,0,-2,1,-11/7,-5/7,-2,17/14,7/2,True,True,10
-3,0,-2,1,-11/7,-5/7,0,-9/16,9/16,True,False,10
-3,0,-2,1,-11/7,-5/7,3,-21/4,-33/14,True,True,10
-3,0,-2,1,31/16,33/16,-2,-69/16,-63/16,True,True,2
-3,0,-2,1,31/16,33/16,0,-3/16,1/16,True,False,2
-3,0,-2,1,31/16,33/16,3,23/4,25/4,True,False,2
-3,0,-2,2,-2,2,-2,-4,4,True,True,38
-3,0,-2,2,-2,2,0,-1,1,True,True,38
-3,0,-2,2,-2,2,3,-97/16,97/16,True,False,38
-3,0,-2,2,0,1,-2,-2,0,True,True,11
-3,0,-2,2,0,1,0,-1,1,True,True,11
-3,0,-2,2,0,1,3,-1/16,49/16,True,False,11
-3,0,-2,2,1/7,13/7,-2,-4,0,False,True,18
-3,0,-2,2,1/7,13/7,0,-1,1,True,True,18
-3,0,-2,2,1/7,13/7,3,1/16,95/16,True,False,18
-3,0,-2,2,-3/4,-1/4,-2,0,2,False,True,7
-3,0,-2,2,-3/4,-1/4,0,-1,1,True,True,7
-3,0,-2,2,-3/4,-1/4,3,-45/16,-3/16,True,False,7
-3,0,-2,2,1/2,1/2,-2,0,0,True,True,1
-3,0,-2,2,1/2,1/2,0,1,1,True,True,1
-3,0,-2,2,1/2,1/2,3,5/2,5/2,True,True,1
-3,0,-2,2,-1/2,-1/2,-2,2,2,True,True,1
-3,0,-2,2,-1/2,-1/2,0,1,1,True,True,1
-3,0,-2,2,-1/2,-1/2,3,-1/2,-1/2,True,True,1
-3,0,-2,2,0,0,-2,0,0,True,True,1
-3,0,-2,2,0,0,0,0,0,True,True,1
-3,0,-2,2,0,0,3,0,0,True,True,1
-3,0,-2,2,3/8,5/8,-2,-2,0,False,True,5
-3,0,-2,2,3/8,5/8,0,-1,1,True,True,5
-3,0,-2,2,3/8,5/8,3,5/16,43/16,True,False,5
-3,0,-2,2,-1/100,1/100,-2,-1/50,1/50,True,True,2
-3,0,-2,2,-1/100,1/100,0,0,0,True,True,2
-3,0,-2,2,-1/100,1/100,3,-3/100,3/100,True,True,2
-3,0,-2,2,-11/7,-5/7,-2,13/14,4,True,True,10
-3,0,-2,2,-11/7,-5/7,0,-1,1,True,True,10
-3,0,-2,2,-11/7,-5/7,3,-91/16,-37/14,True,True,10
-3,0,-2,2,31/16,33/16,-2,-35/8,-31/8,True,True,2
-3,0,-2,2,31/16,33/16,0,-1/4,0,True,True,2
-3,0,-2,2,31/16,33/16,3,93/16,99/16,True,False,2
-3,0,-1,-2,-2,2,-2,-65/16,65/16,True,False,38
-3,0,-1,-2,-2,2,0,-1,1,True,False,38
-3,0,-1,-2,-2,2,3,-6,6,True,True,38
-3,0,-1,-2,0,1,-2,-33/16,1/16,True,False,11
-3,0,-1,-2,0,1,0,-1,1,True,False,11
-3,0,-1,-2,0,1,3,0,3,True,True,11
-3,0,-1,-2,1/7,13/7,-2,-65/16,1/16,True,False,18
-3,0,-1,-2,1/7,13/7,0,-1,1,True,False,18
-3,0,-1,-2,1/7,13/7,3,1/2,11/2,True,False,18
-3,0,-1,-2,-3/4,-1/4,-2,-1/16,33/16,True,False,7
-3,0,-1,-2,-3/4,-1/4,0,-1,1,True,False,7
-3,0,-1,-2,-3/4,-1/4,3,-5/2,-1/2,True,False,7
-3,0,-1,-2,1/2,1/2,-2,-2,-2,True,True,1
-3,0,-1,-2,1/2,1/2,0,-1,-1,True,True,1
-3,0,-1,-2,1/2,1/2,3,1/2,1/2,True,True,1
-3,0,-1,-2,-1/2,-1/2,-2,0,0,True,True,1
-3,0,-1,-2,-1/2,-1/2,0,-1,-1,True,True,1
-3,0,-1,-2,-1/2,-1/2,3,-5/2,-5/2,True,True,1
-3,0,-1,-2,0,0,-2,0,0,True,True,1
-3,0,-1,-2,0,0,0,0,0,True,True,1
-3,0,-1,-2,0,0,3,0,0,True,True,1
-3,0,-1,-2,3/8,5/8,-2,-33/16,1/16,True,False,5
-3,0,-1,-2,3/8,5/8,0,-1,1,True,False,5
-3,0,-1,-2,3/8,5/8,3,1/2,5/2,True,False,5
-3,0,-1,-2,-1/100,1/100,-2,-1/100,1/100,True,True,2
-3,0,-1,-2,-1/100,1/100,0,-3/100,3/100,True,True,2
-3,0,-1,-2,-1/100,1/100,3,-3/50,3/50,True,True,2
-3,0,-1,-2,-11/7,-5/7,-2,31/16,65/16,True,False,10
-3,0,-1,-2,-11/7,-5/7,0,-1,1,True,False,10
-3,0,-1,-2,-11/7,-5/7,3,-11/2,-43/28,True,True,10
-3,0,-1,-2,31/16,33/16,-2,-65/16,-63/16,True,False,2
-3,0,-1,-2,31/16,33/16,0,-3/16,3/16,True,False,2
-3,0,-1,-2,31/16,33/16,3,45/8,51/8,True,False,2
-3,0,-1,-1,-2,2,-2,-4,4,True,True,38
-3,0,-1,-1,-2,2,0,-1/2,1/2,True,False,38
-3,0,-1,-1,-2,2,3,-6,6,True,True,38
-3,0,-1,-1,0,1,-2,-2,0,True,True,11
-3,0,-1,-1,0,1,0,-1/2,1/2,True,False,11
-3,0,-1,-1,0,1,3,0,3,True,True,11
-3,0,-1,-1,1/7,13/7,-2,-31/8,-1/8,True,True,18
-3,0,-1,-1,1/7,13/7,0,-1/2,1/2,True,False,18
-3,0,-1,-1,1/7,13/7,3,33/56,303/56,True,True,18
-3,0,-1,-1,-3/4,-1/4,-2,1/4,7/4,True,True,7
-3,0,-1,-1,-3/4,-1/4,0,-1/2,1/2,True,False,7
-3,0,-1,-1,-3/4,-1/4,3,-2,-1,True,True,7
-3,0,-1,-1,1/2,1/2,-2,-3/2,-3/2,True,True,1
-3,0,-1,-1,1/2,1/2,0,-1/2,-1/2,True,True,1
-3,0,-1,-1,1/2,1/2,3,1,1,True,True,1
-3,0,-1,-1,-1/2,-1/2,-2,1/2,1/2,True,True,1
-3,0,-1,-1,-1/2,-1/2,0,-1/2,-1/2,True,True,1
-3,0,-1,-1,-1/2,-1/2,3,-2,-2,True,True,1
-3,0,-1,-1,0,0,-2,0,0,True,True,1
-3,0,-1,-1,0,0,0,0,0,True,True,1
-3,0,-1,-1,0,0,3,0,0,True,True,1
-3,0,-1,-1,3/8,5/8,-2,-13/8,-3/8,True,True,5
-3,0,-1,-1,3/8,5/8,0,-1/2,1/2,True,False,5
-3,0,-1,-1,3/8,5/8,3,1,2,True,False,5
-3,0,-1,-1,-1/100,1/100,-2,0,0,True,True,2
-3,0,-1,-1,-1/100,1/100,0,-1/50,1/50,True,True,2
-3,0,-1,-1,-1/100,1/100,3,-1/20,1/20,True,True,2
-3,0,-1,-1,-11/7,-5/7,-2,7/4,29/8,True,True,10
-3,0,-1,-1,-11/7,-5/7,0,-1/2,1/2,True,False,10
-3,0,-1,-1,-11/7,-5/7,3,-5,-51/28,True,True,10
-3,0,-1,-1,31/16,33/16,-2,-33/8,-4,True,True,2
-3,0,-1,-1,31/16,33/16,0,-1/8,1/8,True,False,2
-3,0,-1,-1,31/16,33/16,3,91/16,101/16,True,False,2
-3,0,-1,0,-2,2,-2,-4,4,True,True,38
-3,0,-1,0,-2,2,0,-1/16,1/16,True,False,38
-3,0,-1,0,-2,2,3,-6,6,True,True,38
-3,0,-1,0,0,1,-2,-2,0,True,True,11
-3,0,-1,0,0,1,0,-1/16,1/16,True,False,11
-3,0,-1,0,0,1,3,0,3,True,True,11
-3,0,-1,0,1/7,13/7,-2,-209/56,-15/56,True,True,18
-3,0,-1,0,1/7,13/7,0,-1/16,1/16,True,False,18
-3,0,-1,0,1/7,13/7,3,25/56,311/56,True,True,18
-3,0,-1,0,-3/4,-1/4,-2,1/2,3/2,True,True,7
-3,0,-1,0,-3/4,-1/4,0,-1/16,1/16,True,False,7
-3,0,-1,0,-3/4,-1/4,3,-9/4,-3/4,True,True,7
-3,0,-1,0,1/2,1/2,-2,-1,-1,True,True,1
-3,0,-1,0,1/2,1/2,0,0,0,True,True,1
-3,0,-1,0,1/2,1/2,3,3/2,3/2,True,True,1
-3,0,-1,0,-1/2,-1/2,-2,1,1,True,True,1
-3,0,-1,0,-1/2,-1/2,0,0,0,True,True,1
-3,0,-1,0,-1/2,-1/2,3,-3/2,-3/2,True,True,1
-3,0,-1,0,0,0,-2,0,0,True,True,1
-3,0,-1,0,0,0,0,0,0,True,True,1
-3,0,-1,0,0,0,3,0,0,True,True,1
-3,0,-1,0,3/8,5/8,-2,-5/4,-3/4,True,True,5
-3,0,-1,0,3/8,5/8,0,-1/16,1/16,True,False,5
-3,0,-1,0,3/8,5/8,3,9/8,15/8,True,True,5
-3,0,-1,0,-1/100,1/100,-2,-1/100,1/100,True,True,2
-3,0,-1,0,-1/100,1/100,0,-1/100,1/100,True,True,2
-3,0,-1,0,-1/100,1/100,3,-1/25,1/25,True,True,2
-3,0,-1,0,-11/7,-5/7,-2,41/28,179/56,True,True,10
-3,0,-1,0,-11/7,-5/7,0,-1/16,1/16,True,False,10
-3,0,-1,0,-11/7,-5/7,3,-19/4,-59/28,True,True,10
-3,0,-1,0,31/16,33/16,-2,-67/16,-63/16,True,True,2
-3,0,-1,0,31/16,33/16,0,-1/16,1/16,True,False,2
-3,0,-1,0,31/16,33/16,3,23/4,25/4,True,False,2
-3,0,-1,1,-2,2,-2,-4,4,True,True,38
-3,0,-1,1,-2,2,0,-1/2,1/2,True,True,38
-3,0,-1,1,-2,2,3,-6,6,True,True,38
-3,0,-1,1,0,1,-2,-2,0,True,True,11
-3,0,-1,1,0,1,0,-1/2,1/2,True,True,11
-3,0,-1,1,0,1,3,0,3,True,True,11
-3,0,-1,1,1/7,13/7,-2,-201/56,-23/56,True,True,18
-3,0,-1,1,1/7,13/7,0,-1/2,1/2,True,True,18
-3,0,-1,1,1/7,13/7,3,17/56,319/56,True,True,18
-3,0,-1,1,-3/4,-1/4,-2,1/2,3/2,False,True,7
-3,0,-1,1,-3/4,-1/4,0,-1/2,1/2,True,True,7
-3,0,-1,1,-3/4,-1/4,3,-5/2,-1/2,True,True,7
-3,0,-1,1,1/2,1/2,-2,-1/2,-1/2,True,True,1
-3,0,-1,1,1/2,1/2,0,1/2,1/2,True,True,1
-3,0,-1,1,1/2,1/2,3,2,2,True,True,1
-3,0,-1,1,-1/2,-1/2,-2,3/2,3/2,True,True,1
-3,0,-1,1,-1/2,-1/2,0,1/2,1/2,True,True,1
-3,0,-1,1,-1/2,-1/2,3,-1,-1,True,True,1
-3,0,-1,1,0,0,-2,0,0,True,True,1
-3,0,-1,1,0,0,0,0,0,True,True,1
-3,0,-1,1,0,0,3,0,0,True,True,1
-3,0,-1,1,3/8,5/8,-2,-3/2,-1/2,False,True,5
-3,0,-1,1,3/8,5/8,0,-1/2,1/2,True,True,5
-3,0,-1,1,3/8,5/8,3,3/4,9/4,True,True,5
-3,0,-1,1,-1/100,1/100,-2,-1/50,1/50,True,True,2
-3,0,-1,1,-1/100,1/100,0,0,0,True,True,2
-3,0,-1,1,-1/100,1/100,3,-3/100,3/100,True,True,2
-3,0,-1,1,-11/7,-5/7,-2,33/28,7/2,True,True,10
-3,0,-1,1,-11/7,-5/7,0,-1/2,1/2,True,True,10
-3,0,-1,1,-11/7,-5/7,3,-83/16,-67/28,True,True,10
-3,0,-1,1,31/16,33/16,-2,-17/4,-31/8,True,True,2
-3,0,-1,1,31/16,33/16,0,-1/8,0,True,True,2
-3,0,-1,1,31/16,33/16,3,93/16,99/16,True,False,2
-3,0,-1,2,-2,2,-2,-4,4,True,True,38
-3,0,-1,2,-2,2,0,-1,1,False,True,38
-3,0,-1,2,-2,2,3,-6,6,True,True,38
-3,0,-1,2,0,1,-2,-2,0,True,True,11
-3,0,-1,2,0,1,0,-1,1,False,True,11
-3,0,-1,2,0,1,3,0,3,True,True,11
-3,0,-1,2,1/7,13/7,-2,-4,0,False,True,18
-3,0,-1,2,1/7,13/7,0,-1,1,False,True,18
-3,0,-1,2,1/7,13/7,3,1/8,47/8,True,False,18
-3,0,-1,2,-3/4,-1/4,-2,0,2,False,True,7
-3,0,-1,2,-3/4,-1/4,0,-1,1,False,True,7
-3,0,-1,2,-3/4,-1/4,3,-11/4,-1/4,True,True,7
-3,0,-1,2,1/2,1/2,-2,0,0,True,True,1
-3,0,-1,2,1/2,1/2,0,1,1,True,True,1
-3,0,-1,2,1/2,1/2,3,5/2,5/2,True,True,1
-3,0,-1,2,-1/2,-1/2,-2,2,2,True,True,1
-3,0,-1,2,-1/2,-1/2,0,1,1,True,True,1
-3,0,-1,2,-1/2,-1/2,3,-1/2,-1/2,True,True,1
-3,0,-1,2,0,0,-2,0,0,True,True,1
-3,0,-1,2,0,0,0,0,0,True,True,1
-3,0,-1,2,0,0,3,0,0,True,True,1
-3,0,-1,2,3/8,5/8,-2,-2,0,False,True,5
-3,0,-1,2,3/8,5/8,0,-1,1,False,True,5
-3,0,-1,2,3/8,5/8,3,3/8,21/8,True,True,5
-3,0,-1,2,-1/100,1/100,-2,-3/100,3/100,True,True,2
-3,0,-1,2,-1/100,1/100,0,-1/100,1/100,True,True,2
-3,0,-1,2,-1/100,1/100,3,-1/50,1/50,True,True,2
-3,0,-1,2,-11/7,-5/7,-2,25/28,4,True,True,10
-3,0,-1,2,-11/7,-5/7,0,-1,1,False,True,10
-3,0,-1,2,-11/7,-5/7,3,-45/8,-75/28,True,True,10
-3,0,-1,2,31/16,33/16,-2,-69/16,-61/16,True,True,2
-3,0,-1,2,31/16,33/16,0,-3/16,1/16,True,True,2
-3,0,-1,2,31/16,33/16,3,47/8,49/8,True,False,2
-3,0,0,-2,-2,2,-2,-4,4,True,True,38
-3,0,0,-2,-2,2,0,-1,1,True,False,38
-3,0,0,-2,-2,2,3,-6,6,True,True,38
-3,0,0,-2,0,1,-2,-2,0,True,True,11
-3,0,0,-2,0,1,0,-1,1,True,False,11
-3,0,0,-2,0,1,3,0,3,True,True,11
-3,0,0,-2,1/7,13/7,-2,-4,0,True,True,18
-3,0,0,-2,1/7,13/7,0,-1,1,True,False,18
-3,0,0,-2,1/7,13/7,3,1/2,11/2,True,False,18
-3,0,0,-2,-3/4,-1/4,-2,0,2,True,True,7
-3,0,0,-2,-3/4,-1/4,0,-1,1,True,False,7
-3,0,0,-2,-3/4,-1/4,3,-5/2,-1/2,True,False,7
-3,0,0,-2,1/2,1/2,-2,-2,-2,True,True,1
-3,0,0,-2,1/2,1/2,0,-1,-1,True,True,1
-3,0,0,-2,1/2,1/2,3,1/2,1/2,True,True,1
-3,0,0,-2,-1/2,-1/2,-2,0,0,True,True,1
-3,0,0,-2,-1/2,-1/2,0,-1,-1,True,True,1
-3,0,0,-2,-1/2,-1/2,3,-5/2,-5/2,True,True,1
-3,0,0,-2,0,0,-2,0,0,True,True,1
-3,0,0,-2,0,0,0,0,0,True,True,1
-3,0,0,-2,0,0,3,0,0,True,True,1
-3,0,0,-2,3/8,5/8,-2,-2,0,True,True,5
-3,0,0,-2,3/8,5/8,0,-1,1,True,False,5
-3,0,0,-2,3/8,5/8,3,1/2,5/2,True,False,5
-3,0,0,-2,-1/100,1/100,-2,0,0,True,True,2
-3,0,0,-2,-1/100,1/100,0,-1/50,1/50,True,True,2
-3,0,0,-2,-1/100,1/100,3,-1/20,1/20,True,True,2
-3,0,0,-2,-11/7,-5/7,-2,2,4,True,True,10
-3,0,0,-2,-11/7,-5/7,0,-1,1,True,False,10
-3,0,0,-2,-11/7,-5/7,3,-11/2,-11/7,True,True,10
-3,0,0,-2,31/16,33/16,-2,-4,-4,True,True,2
-3,0,0,-2,31/16,33/16,0,-1/8,1/8,True,True,2
-3,0,0,-2,31/16,33/16,3,91/16,101/16,True,True,2
-3,0,0,-1,-2,2,-2,-4,4,True,True,38
-3,0,0,-1,-2,2,0,-1/2,1/2,True,False,38
-3,0,0,-1,-2,2,3,-6,6,True,True,38
-3,0,0,-1,0,1,-2,-2,0,True,True,11
-3,0,0,-1,0,1,0,-1/2,1/2,True,False,11
-3,0,0,-1,0,1,3,0,3,True,True,11
-3,0,0,-1,1/7,13/7,-2,-27/7,-1/7,True,True,18
-3,0,0,-1,1/7,13/7,0,-1/2,1/2,True,False,18
-3,0,0,-1,1/7,13/7,3,4/7,38/7,True,True,18
-3,0,0,-1,-3/4,-1/4,-2,1/4,7/4,True,True,7
-3,0,0,-1,-3/4,-1/4,0,-1/2,1/2,True,False,7
-3,0,0,-1,-3/4,-1/4,3,-2,-1,True,True,7
-3,0,0,-1,1/2,1/2,-2,-3/2,-3/2,True,True,1
-3,0,0,-1,1/2,1/2,0,-1/2,-1/2,True,True,1
-3,0,0,-1,1/2,1/2,3,1,1,True,True,1
-3,0,0,-1,-1/2,-1/2,-2,1/2,1/2,True,True,1
-3,0,0,-1,-1/2,-1/2,0,-1/2,-1/2,True,True,1
-3,0,0,-1,-1/2,-1/2,3,-2,-2,True,True,1
-3,0,0,-1,0,0,-2,0,0,True,True,1
-3,0,0,-1,0,0,0,0,0,True,True,1
-3,0,0,-1,0,0,3,0,0,True,True,1
-3,0,0,-1,3/8,5/8,-2,-13/8,-3/8,True,True,5
-3,0,0,-1,3/8,5/8,0,-1/2,1/2,True,False,5
-3,0,0,-1,3/8,5/8,3,1,2,True,False,5
-3,0,0,-1,-1/100,1/100,-2,-1/100,1/100,True,True,2
-3,0,0,-1,-1/100,1/100,0,-1/100,1/100,True,True,2
-3,0,0,-1,-1/100,1/100,3,-1/25,1/25,True,True,2
-3,0,0,-1,-11/7,-5/7,-2,12/7,25/7,True,True,10
-3,0,0,-1,-11/7,-5/7,0,-1/2,1/2,True,False,10
-3,0,0,-1,-11/7,-5/7,3,-5,-13/7,True,True,10
-3,0,0,-1,31/16,33/16,-2,-65/16,-63/16,True,True,2
-3,0,0,-1,31/16,33/16,0,-1/16,1/16,True,True,2
-3,0,0,-1,31/16,33/16,3,23/4,25/4,True,True,2
-3,0,0,0,-2,2,-2,-4,4,True,True,38
-3,0,0,0,-2,2,0,0,0,True,True,38
-3,0,0,0,-2,2,3,-6,6,True,True,38
-3,0,0,0,0,1,-2,-2,0,True,True,11
-3,0,0,0,0,1,0,0,0,True,True,11
-3,0,0,0,0,1,3,0,3,True,True,11
-3,0,0,0,1/7,13/7,-2,-26/7,-2/7,True,True,18
-3,0,0,0,1/7,13/7,0,0,0,True,True,18
-3,0,0,0,1/7,13/7,3,3/7,39/7,True,True,18
-3,0,0,0,-3/4,-1/4,-2,1/2,3/2,True,True,7
-3,0,0,0,-3/4,-1/4,0,0,0,True,True,7
-3,0,0,0,-3/4,-1/4,3,-9/4,-3/4,True,True,7
-3,0,0,0,1/2,1/2,-2,-1,-1,True,True,1
-3,0,0,0,1/2,1/2,0,0,0,True,True,1
-3,0,0,0,1/2,1/2,3,3/2,3/2,True,True,1
-3,0,0,0,-1/2,-1/2,-2,1,1,True,True,1
-3,0,0,0,-1/2,-1/2,0,0,0,True,True,1
-3,0,0,0,-1/2,-1/2,3,-3/2,-3/2,True,True,1
-3,0,0,0,0,0,-2,0,0,True,True,1
-3,0,0,0,0,0,0,0,0,True,True,1
-3,0,0,0,0,0,3,0,0,True,True,1
-3,0,0,0,3/8,5/8,-2,-5/4,-3/4,True,True,5
-3,0,0,0,3/8,5/8,0,0,0,True,True,5
-3,0,0,0,3/8,5/8,3,9/8,15/8,True,True,5
-3,0,0,0,-1/100,1/100,-2,-1/50,1/50,True,True,2
-3,0,0,0,-1/100,1/100,0,0,0,True,True,2
-3,0,0,0,-1/100,1/100,3,-3/100,3/100,True,True,2
-3,0,0,0,-11/7,-5/7,-2,10/7,22/7,True,True,10
-3,0,0,0,-11/7,-5/7,0,0,0,True,True,10
-3,0,0,0,-11/7,-5/7,3,-33/7,-15/7,True,True,10
-3,0,0,0,31/16,33/16,-2,-33/8,-31/8,True,True,2
-3,0,0,0,31/16,33/16,0,0,0,True,True,2
-3,0,0,0,31/16,33/16,3,93/16,99/16,True,True,2
-3,0,0,1,-2,2,-2,-4,4,True,True,38
-3,0,0,1,-2,2,0,-1/2,1/2,False,True,38
-3,0,0,1,-2,2,3,-6,6,True,True,38
-3,0,0,1,0,1,-2,-2,0,True,True,11
-3,0,0,1,0,1,0,-1/2,1/2,False,True,11
-3,0,0,1,0,1,3,0,3,True,True,11
-3,0,0,1,1/7,13/7,-2,-25/7,-3/7,True,True,18
-3,0,0,1,1/7,13/7,0,-1/2,1/2,False,True,18
-3,0,0,1,1/7,13/7,3,2/7,40/7,True,True,18
-3,0,0,1,-3/4,-1/4,-2,1/2,3/2,False,True,7
-3,0,0,1,-3/4,-1/4,0,-1/2,1/2,False,True,7
-3,0,0,1,-3/4,-1/4,3,-5/2,-1/2,True,True,7
-3,0,0,1,1/2,1/2,-2,-1/2,-1/2,True,True,1
-3,0,0,1,1/2,1/2,0,1/2,1/2,True,True,1
-3,0,0,1,1/2,1/2,3,2,2,True,True,1
-3,0,0,1,-1/2,-1/2,-2,3/2,3/2,True,True,1
-3,0,0,1,-1/2,-1/2,0,1/2,1/2,True,True,1
-3,0,0,1,-1/2,-1/2,3,-1,-1,True,True,1
-3,0,0,1,0,0,-2,0,0,True,True,1
-3,0,0,1,0,0,0,0,0,True,True,1
-3,0,0,1,0,0,3,0,0,True,True,1
-3,0,0,1,3/8,5/8,-2,-3/2,-1/2,False,True,5
-3,0,0,1,3/8,5/8,0,-1/2,1/2,False,True,5
-3,0,0,1,3/8,5/8,3,3/4,9/4,True,True,5
-3,0,0,1,-1/100,1/100,-2,-3/100,3/100,True,True,2
-3,0,0,1,-1/100,1/100,0,-1/100,1/100,True,True,2
-3,0,0,1,-1/100,1/100,3,-1/50,1/50,True,True,2
-3,0,0,1,-11/7,-5/7,-2,8/7,7/2,True,True,10
-3,0,0,1,-11/7,-5/7,0,-1/2,1/2,False,True,10
-3,0,0,1,-11/7,-5/7,3,-36/7,-17/7,True,True,10
-3,0,0,1,31/16,33/16,-2,-67/16,-61/16,True,True,2
-3,0,0,1,31/16,33/16,0,-1/16,1/16,True,True,2
-3,0,0,1,31/16,33/16,3,47/8,49/8,True,True,2
-3,0,0,2,-2,2,-2,-4,4,True,True,38
-3,0,0,2,-2,2,0,-1,1,False,True,38
-3,0,0,2,-2,2,3,-6,6,True,True,38
-3,0,0,2,0,1,-2,-2,0,True,True,11
-3,0,0,2,0,1,0,-1,1,False,True,11
-3,0,0,2,0,1,3,0,3,True,True,11
-3,0,0,2,1/7,13/7,-2,-4,0,False,True,18
-3,0,0,2,1/7,13/7,0,-1,1,False,True,18
-3,0,0,2,1/7,13/7,3,1/7,41/7,True,True,18
-3,0,0,2,-3/4,-1/4,-2,0,2,False,True,7
-3,0,0,2,-3/4,-1/4,0,-1,1,False,True,7
-3,0,0,2,-3/4,-1/4,3,-11/4,-1/4,True,True,7
-3,0,0,2,1/2,1/2,-2,0,0,True,True,1
-3,0,0,2,1/2,1/2,0,1,1,True,True,1
-3,0,0,2,1/2,1/2,3,5/2,5/2,True,True,1
-3,0,0,2,-1/2,-1/2,-2,2,2,True,True,1
-3,0,0,2,-1/2,-1/2,0,1,1,True,True,1
-3,0,0,2,-1/2,-1/2,3,-1/2,-1/2,True,True,1
-3,0,0,2,0,0,-2,0,0,True,True,1
-3,0,0,2,0,0,0,0,0,True,True,1
-3,0,0,2,0,0,3,0,0,True,True,1
-3,0,0,2,3/8,5/8,-2,-2,0,False,True,5
-3,0,0,2,3/8,5/8,0,-1,1,False,True,5
-3,0,0,2,3/8,5/8,3,3/8,21/8,True,True,5
-3,0,0,2,-1/100,1/100,-2,-1/25,1/25,True,True,2
-3,0,0,2,-1/100,1/100,0,-1/50,1/50,True,True,2
-3,0,0,2,-1/100,1/100,3,-1/100,1/100,True,True,2
-3,0,0,2,-11/7,-5/7,-2,6/7,4,True,True,10
-3,0,0,2,-11/7,-5/7,0,-1,1,False,True,10
-3,0,0,2,-11/7,-5/7,3,-39/7,-19/7,True,True,10
-3,0,0,2,31/16,33/16,-2,-17/4,-15/4,True,True,2
-3,0,0,2,31/16,33/16,0,-1/8,1/8,True,True,2
-3,0,0,2,31/16,33/16,3,95/16,97/16,True,True,2
-3,0,1,-2,-2,2,-2,-65/16,65/16,False,True,38
-3,0,1,-2,-2,2,0,-1,1,True,False,38
-3,0,1,-2,-2,2,3,-6,6,True,True,38
-3,0,1,-2,0,1,-2,-33/16,1/16,False,True,11
-3,0,1,-2,0,1,0,-1,1,True,False,11
-3,0,1,-2,0,1,3,0,3,True,True,11
-3,0,1,-2,1/7,13/7,-2,-65/16,1/16,False,True,18
-3,0,1,-2,1/7,13/7,0,-1,1,True,False,18
-3,0,1,-2,1/7,13/7,3,1/2,11/2,True,False,18
-3,0,1,-2,-3/4,-1/4,-2,-1/16,33/16,False,True,7
-3,0,1,-2,-3/4,-1/4,0,-1,1,True,False,7
-3,0,1,-2,-3/4,-1/4,3,-5/2,-1/2,True,False,7
-3,0,1,-2,1/2,1/2,-2,-2,-2,True,True,1
-3,0,1,-2,1/2,1/2,0,-1,-1,True,True,1
-3,0,1,-2,1/2,1/2,3,1/2,1/2,True,True,1
-3,0,1,-2,-1/2,-1/2,-2,0,0,True,True,1
-3,0,1,-2,-1/2,-1/2,0,-1,-1,True,True,1
-3,0,1,-2,-1/2,-1/2,3,-5/2,-5/2,True,True,1
-3,0,1,-2,0,0,-2,0,0,True,True,1
-3,0,1,-2,0,0,0,0,0,True,True,1
-3,0,1,-2,0,0,3,0,0,True,True,1
-3,0,1,-2,3/8,5/8,-2,-33/16,1/16,False,True,5
-3,0,1,-2,3/8,5/8,0,-1,1,True,False,5
-3,0,1,-2,3/8,5/8,3,1/2,5/2,True,False,5
-3,0,1,-2,-1/100,1/100,-2,-1/100,1/100,True,True,2
-3,0,1,-2,-1/100,1/100,0,-1/100,1/100,True,True,2
-3,0,1,-2,-1/100,1/100,3,-1/25,1/25,True,True,2
-3,0,1,-2,-11/7,-5/7,-2,31/16,65/16,False,True,10
-3,0,1,-2,-11/7,-5/7,0,-1,1,True,False,10
-3,0,1,-2,-11/7,-5/7,3,-11/2,-45/28,True,True,10
-3,0,1,-2,31/16,33/16,-2,-65/16,-63/16,False,True,2
-3,0,1,-2,31/16,33/16,0,-1/16,3/16,True,True,2
-3,0,1,-2,31/16,33/16,3,23/4,51/8,True,True,2
-3,0,1,-1,-2,2,-2,-4,4,True,True,38
-3,0,1,-1,-2,2,0,-1/2,1/2,True,True,38
-3,0,1,-1,-2,2,3,-6,6,True,True,38
-3,0,1,-1,0,1,-2,-2,0,True,True,11
-3,0,1,-1,0,1,0,-1/2,1/2,True,True,11
-3,0,1,-1,0,1,3,0,3,True,True,11
-3,0,1,-1,1/7,13/7,-2,-31/8,-1/8,False,True,18
-3,0,1,-1,1/7,13/7,0,-1/2,1/2,True,True,18
-3,0,1,-1,1/7,13/7,3,31/56,305/56,True,True,18
-3,0,1,-1,-3/4,-1/4,-2,1/4,7/4,True,True,7
-3,0,1,-1,-3/4,-1/4,0,-1/2,1/2,True,True,7
-3,0,1,-1,-3/4,-1/4,3,-2,-1,True,True,7
-3,0,1,-1,1/2,1/2,-2,-3/2,-3/2,True,True,1
-3,0,1,-1,1/2,1/2,0,-1/2,-1/2,True,True,1
-3,0,1,-1,1/2,1/2,3,1,1,True,True,1
-3,0,1,-1,-1/2,-1/2,-2,1/2,1/2,True,True,1
-3,0,1,-1,-1/2,-1/2,0,-1/2,-1/2,True,True,1
-3,0,1,-1,-1/2,-1/2,3,-2,-2,True,True,1
-3,0,1,-1,0,0,-2,0,0,True,True,1
-3,0,1,-1,0,0,0,0,0,True,True,1
-3,0,1,-1,0,0,3,0,0,True,True,1
-3,0,1,-1,3/8,5/8,-2,-13/8,-3/8,True,True,5
-3,0,1,-1,3/8,5/8,0,-1/2,1/2,True,True,5
-3,0,1,-1,3/8,5/8,3,1,2,True,False,5
-3,0,1,-1,-1/100,1/100,-2,-1/50,1/50,True,True,2
-3,0,1,-1,-1/100,1/100,0,0,0,True,True,2
-3,0,1,-1,-1/100,1/100,3,-3/100,3/100,True,True,2
-3,0,1,-1,-11/7,-5/7,-2,47/28,29/8,True,True,10
-3,0,1,-1,-11/7,-5/7,0,-1/2,1/2,True,True,10
-3,0,1,-1,-11/7,-5/7,3,-5,-53/28,True,True,10
-3,0,1,-1,31/16,33/16,-2,-33/8,-31/8,False,True,2
-3,0,1,-1,31/16,33/16,0,0,1/8,True,True,2
-3,0,1,-1,31/16,33/16,3,93/16,101/16,True,True,2
-3,0,1,0,-2,2,-2,-4,4,True,True,38
-3,0,1,0,-2,2,0,-1/16,1/16,False,True,38
-3,0,1,0,-2,2,3,-6,6,True,True,38
-3,0,1,0,0,1,-2,-2,0,True,True,11
-3,0,1,0,0,1,0,-1/16,1/16,False,True,11
-3,0,1,0,0,1,3,0,3,True,True,11
-3,0,1,0,1/7,13/7,-2,-207/56,-17/56,True,True,18
-3,0,1,0,1/7,13/7,0,-1/16,1/16,False,True,18
-3,0,1,0,1/7,13/7,3,23/56,313/56,True,True,18
-3,0,1,0,-3/4,-1/4,-2,1/2,3/2,True,True,7
-3,0,1,0,-3/4,-1/4,0,-1/16,1/16,False,True,7
-3,0,1,0,-3/4,-1/4,3,-9/4,-3/4,True,True,7
-3,0,1,0,1/2,1/2,-2,-1,-1,True,True,1
-3,0,1,0,1/2,1/2,0,0,0,True,True,1
-3,0,1,0,1/2,1/2,3,3/2,3/2,True,True,1
-3,0,1,0,-1/2,-1/2,-2,1,1,True,True,1
-3,0,1,0,-1/2,-1/2,0,0,0,True,True,1
-3,0,1,0,-1/2,-1/2,3,-3/2,-3/2,True,True,1
-3,0,1,0,0,0,-2,0,0,True,True,1
-3,0,1,0,0,0,0,0,0,True,True,1
-3,0,1,0,0,0,3,0,0,True,True,1
-3,0,1,0,3/8,5/8,-2,-5/4,-3/4,True,True,5
-3,0,1,0,3/8,5/8,0,-1/16,1/16,False,True,5
-3,0,1,0,3/8,5/8,3,9/8,15/8,True,True,5
-3,0,1,0,-1/100,1/100,-2,-3/100,3/100,True,True,2
-3,0,1,0,-1/100,1/100,0,-1/100,1/100,True,True,2
-3,0,1,0,-1/100,1/100,3,-1/50,1/50,True,True,2
-3,0,1,0,-11/7,-5/7,-2,39/28,51/16,True,True,10
-3,0,1,0,-11/7,-5/7,0,-1/16,1/16,False,True,10
-3,0,1,0,-11/7,-5/7,3,-267/56,-61/28,True,True,10
-3,0,1,0,31/16,33/16,-2,-67/16,-61/16,False,True,2
-3,0,1,0,31/16,33/16,0,-1/16,1/16,False,True,2
-3,0,1,0,31/16,33/16,3,47/8,25/4,True,True,2
-3,0,1,1,-2,2,-2,-4,4,True,True,38
-3,0,1,1,-2,2,0,-1/2,1/2,False,True,38
-3,0,1,1,-2,2,3,-6,6,True,True,38
-3,0,1,1,0,1,-2,-2,0,True,True,11
-3,0,1,1,0,1,0,-1/2,1/2,False,True,11
-3,0,1,1,0,1,3,0,3,True,True,11
-3,0,1,1,1/7,13/7,-2,-199/56,-25/56,True,True,18
-3,0,1,1,1/7,13/7,0,-1/2,1/2,False,True,18
-3,0,1,1,1/7,13/7,3,15/56,321/56,True,True,18
-3,0,1,1,-3/4,-1/4,-2,1/2,3/2,False,True,7
-3,0,1,1,-3/4,-1/4,0,-1/2,1/2,False,True,7
-3,0,1,1,-3/4,-1/4,3,-5/2,-1/2,True,True,7
-3,0,1,1,1/2,1/2,-2,-1/2,-1/2,True,True,1
-3,0,1,1,1/2,1/2,0,1/2,1/2,True,True,1
-3,0,1,1,1/2,1/2,3,2,2,True,True,1
-3,0,1,1,-1/2,-1/2,-2,3/2,3/2,True,True,1
-3,0,1,1,-1/2,-1/2,0,1/2,1/2,True,True,1
-3,0,1,1,-1/2,-1/2,3,-1,-1,True,True,1
-3,0,1,1,0,0,-2,0,0,True,True,1
-3,0,1,1,0,0,0,0,0,True,True,1
-3,0,1,1,0,0,3,0,0,True,True,1
-3,0,1,1,3/8,5/8,-2,-3/2,-1/2,False,True,5
-3,0,1,1,3/8,5/8,0,-1/2,1/2,False,True,5
-3,0,1,1,3/8,5/8,3,3/4,9/4,True,True,5
-3,0,1,1,-1/100,1/100,-2,-1/25,1/25,True,True,2
-3,0,1,1,-1/100,1/100,0,-1/50,1/50,True,True,2
-3,0,1,1,-1/100,1/100,3,-1/100,1/100,True,True,2
-3,0,1,1,-11/7,-5/7,-2,31/28,7/2,True,True,10
-3,0,1,1,-11/7,-5/7,0,-1/2,1/2,False,True,10
-3,0,1,1,-11/7,-5/7,3,-291/56,-69/28,True,True,10
-3,0,1,1,31/16,33/16,-2,-17/4,-15/4,False,True,2
-3,0,1,1,31/16,33/16,0,-1/8,1/8,False,True,2
-3,0,1,1,31/16,33/16,3,95/16,99/16,True,True,2
-3,0,1,2,-2,2,-2,-4,4,True,True,38
-3,0,1,2,-2,2,0,-1,1,False,True,38
-3,0,1,2,-2,2,3,-6,6,True,True,38
-3,0,1,2,0,1,-2,-2,0,True,True,11
-3,0,1,2,0,1,0,-1,1,False,True,11
-3,0,1,2,0,1,3,0,3,True,True,11
-3,0,1,2,1/7,13/7,-2,-4,0,False,True,18
-3,0,1,2,1/7,13/7,0,-1,1,False,True,18
-3,0,1,2,1/7,13/7,3,1/8,47/8,True,True,18
-3,0,1,2,-3/4,-1/4,-2,0,2,False,True,7
-3,0,1,2,-3/4,-1/4,0,-1,1,False,True,7
-3,0,1,2,-3/4,-1/4,3,-11/4,-1/4,True,True,7
-3,0,1,2,1/2,1/2,-2,0,0,True,True,1
-3,0,1,2,1/2,1/2,0,1,1,True,True,1
-3,0,1,2,1/2,1/2,3,5/2,5/2,True,True,1
-3,0,1,2,-1/2,-1/2,-2,2,2,True,True,1
-3,0,1,2,-1/2,-1/2,0,1,1,True,True,1
-3,0,1,2,-1/2,-1/2,3,-1/2,-1/2,True,True,1
-3,0,1,2,0,0,-2,0,0,True,True,1
-3,0,1,2,0,0,0,0,0,True,True,1
-3,0,1,2,0,0,3,0,0,True,True,1
-3,0,1,2,3/8,5/8,-2,-2,0,False,True,5
-3,0,1,2,3/8,5/8,0,-1,1,False,True,5
-3,0,1,2,3/8,5/8,3,3/8,21/8,True,True,5
-3,0,1,2,-1/100,1/100,-2,-1/20,1/20,True,True,2
-3,0,1,2,-1/100,1/100,0,-3/100,3/100,True,True,2
-3,0,1,2,-1/100,1/100,3,0,0,True,True,2
-3,0,1,2,-11/7,-5/7,-2,23/28,4,True,True,10
-3,0,1,2,-11/7,-5/7,0,-1,1,False,True,10
-3,0,1,2,-11/7,-5/7,3,-45/8,-11/4,True,True,10
-3,0,1,2,31/16,33/16,-2,-69/16,-59/16,False,True,2
-3,0,1,2,31/16,33/16,0,-3/16,3/16,False,True,2
-3,0,1,2,31/16,33/16,3,6,49/8,True,True,2
-3,0,2,-2,-2,2,-2,-33/8,33/8,False,True,38
-3,0,2,-2,-2,2,0,-1,1,True,True,38
-3,0,2,-2,-2,2,3,-6,6,True,True,38
-3,0,2,-2,0,1,-2,-17/8,1/8,False,True,11
-3,0,2,-2,0,1,0,-1,1,True,True,11
-3,0,2,-2,0,1,3,0,3,True,True,11
-3,0,2,-2,1/7,13/7,-2,-33/8,1/8,False,True,18
-3,0,2,-2,1/7,13/7,0,-1,1,True,True,18
-3,0,2,-2,1/7,13/7,3,1/2,11/2,True,False,18
-3,0,2,-2,-3/4,-1/4,-2,-1/8,17/8,False,True,7
-3,0,2,-2,-3/4,-1/4,0,-1,1,True,True,7
-3,0,2,-2,-3/4,-1/4,3,-5/2,-1/2,True,False,7
-3,0,2,-2,1/2,1/2,-2,-2,-2,True,True,1
-3,0,2,-2,1/2,1/2,0,-1,-1,True,True,1
-3,0,2,-2,1/2,1/2,3,1/2,1/2,True,True,1
-3,0,2,-2,-1/2,-1/2,-2,0,0,True,True,1
-3,0,2,-2,-1/2,-1/2,0,-1,-1,True,True,1
-3,0,2,-2,-1/2,-1/2,3,-5/2,-5/2,True,True,1
-3,0,2,-2,0,0,-2,0,0,True,True,1
-3,0,2,-2,0,0,0,0,0,True,True,1
-3,0,2,-2,0,0,3,0,0,True,True,1
-3,0,2,-2,3/8,5/8,-2,-17/8,1/8,False,True,5
-3,0,2,-2,3/8,5/8,0,-1,1,True,True,5
-3,0,2,-2,3/8,5/8,3,1/2,5/2,True,False,5
-3,0,2,-2,-1/100,1/100,-2,-1/50,1/50,True,True,2
-3,0,2,-2,-1/100,1/100,0,0,0,True,True,2
-3,0,2,-2,-1/100,1/100,3,-3/100,3/100,True,True,2
-3,0,2,-2,-11/7,-5/7,-2,15/8,33/8,False,True,10
-3,0,2,-2,-11/7,-5/7,0,-1,1,True,True,10
-3,0,2,-2,-11/7,-5/7,3,-11/2,-23/14,True,True,10
-3,0,2,-2,31/16,33/16,-2,-33/8,-31/8,False,True,2
-3,0,2,-2,31/16,33/16,0,0,1/4,True,True,2
-3,0,2,-2,31/16,33/16,3,93/16,103/16,True,True,2
-3,0,2,-1,-2,2,-2,-65/16,65/16,False,True,38
-3,0,2,-1,-2,2,0,-9/16,9/16,False,True,38
-3,0,2,-1,-2,2,3,-6,6,True,True,38
-3,0,2,-1,0,1,-2,-33/16,1/16,False,True,11
-3,0,2,-1,0,1,0,-9/16,9/16,False,True,11
-3,0,2,-1,0,1,3,0,3,True,True,11
-3,0,2,-1,1/7,13/7,-2,-63/16,-1/16,False,True,18
-3,0,2,-1,1/7,13/7,0,-9/16,9/16,False,True,18
-3,0,2,-1,1/7,13/7,3,15/28,153/28,True,True,18
-3,0,2,-1,-3/4,-1/4,-2,3/16,29/16,False,True,7
-3,0,2,-1,-3/4,-1/4,0,-9/16,9/16,False,True,7
-3,0,2,-1,-3/4,-1/4,3,-2,-1,True,True,7
-3,0,2,-1,1/2,1/2,-2,-3/2,-3/2,True,True,1
-3,0,2,-1,1/2,1/2,0,-1/2,-1/2,True,True,1
-3,0,2,-1,1/2,1/2,3,1,1,True,True,1
-3,0,2,-1,-1/2,-1/2,-2,1/2,1/2,True,True,1
-3,0,2,-1,-1/2,-1/2,0,-1/2,-1/2,True,True,1
-3,0,2,-1,-1/2,-1/2,3,-2,-2,True,True,1
-3,0,2,-1,0,0,-2,0,0,True,True,1
-3,0,2,-1,0,0,0,0,0,True,True,1
-3,0,2,-1,0,0,3,0,0,True,True,1
-3,0,2,-1,3/8,5/8,-2,-27/16,-5/16,False,True,5
-3,0,2,-1,3/8,5/8,0,-9/16,9/16,False,True,5
-3,0,2,-1,3/8,5/8,3,1,2,True,False,5
-3,0,2,-1,-1/100,1/100,-2,-3/100,3/100,True,True,2
-3,0,2,-1,-1/100,1/100,0,-1/100,1/100,True,True,2
-3,0,2,-1,-1/100,1/100,3,-1/50,1/50,True,True,2
-3,0,2,-1,-11/7,-5/7,-2,23/14,59/16,True,True,10
-3,0,2,-1,-11/7,-5/7,0,-9/16,9/16,False,True,10
-3,0,2,-1,-11/7,-5/7,3,-5,-27/14,True,True,10
-3,0,2,-1,31/16,33/16,-2,-67/16,-61/16,False,True,2
-3,0,2,-1,31/16,33/16,0,-1/16,3/16,False,True,2
-3,0,2,-1,31/16,33/16,3,47/8,51/8,True,True,2
-3,0,2,0,-2,2,-2,-4,4,True,True,38
-3,0,2,0,-2,2,0,-1/8,1/8,False,True,38
-3,0,2,0,-2,2,3,-6,6,True,True,38
-3,0,2,0,0,1,-2,-2,0,True,True,11
-3,0,2,0,0,1,0,-1/8,1/8,False,True,11
-3,0,2,0,0,1,3,0,3,True,True,11
-3,0,2,0,1/7,13/7,-2,-15/4,-1/4,False,True,18
-3,0,2,0,1/7,13/7,0,-1/8,1/8,False,True,18
-3,0,2,0,1/7,13/7,3,11/28,157/28,True,True,18
-3,0,2,0,-3/4,-1/4,-2,1/2,3/2,True,True,7
-3,0,2,0,-3/4,-1/4,0,-1/8,1/8,False,True,7
-3,0,2,0,-3/4,-1/4,3,-9/4,-3/4,True,True,7
-3,0,2,0,1/2,1/2,-2,-1,-1,True,True,1
-3,0,2,0,1/2,1/2,0,0,0,True,True,1
-3,0,2,0,1/2,1/2,3,3/2,3/2,True,True,1
-3,0,2,0,-1/2,-1/2,-2,1,1,True,True,1
-3,0,2,0,-1/2,-1/2,0,0,0,True,True,1
-3,0,2,0,-1/2,-1/2,3,-3/2,-3/2,True,True,1
-3,0,2,0,0,0,-2,0,0,True,True,1
-3,0,2,0,0,0,0,0,0,True,True,1
-3,0,2,0,0,0,3,0,0,True,True,1
-3,0,2,0,3/8,5/8,-2,-5/4,-3/4,True,True,5
-3,0,2,0,3/8,5/8,0,-1/8,1/8,False,True,5
-3,0,2,0,3/8,5/8,3,9/8,15/8,True,True,5
-3,0,2,0,-1/100,1/100,-2,-1/25,1/25,True,True,2
-3,0,2,0,-1/100,1/100,0,-1/50,1/50,True,True,2
-3,0,2,0,-1/100,1/100,3,-1/100,1/100,True,True,2
-3,0,2,0,-11/7,-5/7,-2,19/14,13/4,True,True,10
-3,0,2,0,-11/7,-5/7,0,-1/8,1/8,False,True,10
-3,0,2,0,-11/7,-5/7,3,-135/28,-31/14,True,True,10
-3,0,2,0,31/16,33/16,-2,-17/4,-15/4,False,True,2
-3,0,2,0,31/16,33/16,0,-1/8,1/8,False,True,2
-3,0,2,0,31/16,33/16,3,95/16,101/16,True,True,2
-3,0,2,1,-2,2,-2,-4,4,True,True,38
-3,0,2,1,-2,2,0,-9/16,9/16,False,True,38
-3,0,2,1,-2,2,3,-6,6,True,True,38
-3,0,2,1,0,1,-2,-2,0,True,True,11
-3,0,2,1,0,1,0,-9/16,9/16,False,True,11
-3,0,2,1,0,1,3,0,3,True,True,11
-3,0,2,1,1/7,13/7,-2,-57/16,-7/16,False,True,18
-3,0,2,1,1/7,13/7,0,-9/16,9/16,False,True,18
-3,0,2,1,1/7,13/7,3,1/4,23/4,True,True,18
-3,0,2,1,-3/4,-1/4,-2,1/2,3/2,False,True,7
-3,0,2,1,-3/4,-1/4,0,-9/16,9/16,False,True,7
-3,0,2,1,-3/4,-1/4,3,-5/2,-1/2,True,True,7
-3,0,2,1,1/2,1/2,-2,-1/2,-1/2,True,True,1
-3,0,2,1,1/2,1/2,0,1/2,1/2,True,True,1
-3,0,2,1,1/2,1/2,3,2,2,True,True,1
-3,0,2,1,-1/2,-1/2,-2,3/2,3/2,True,True,1
-3,0,2,1,-1/2,-1/2,0,1/2,1/2,True,True,1
-3,0,2,1,-1/2,-1/2,3,-1,-1,True,True,1
-3,0,2,1,0,0,-2,0,0,True,True,1
-3,0,2,1,0,0,0,0,0,True,True,1
-3,0,2,1,0,0,3,0,0,True,True,1
-3,0,2,1,3/8,5/8,-2,-3/2,-1/2,False,True,5
-3,0,2,1,3/8,5/8,0,-9/16,9/16,False,True,5
-3,0,2,1,3/8,5/8,3,3/4,9/4,True,True,5
-3,0,2,1,-1/100,1/100,-2,-1/20,1/20,True,True,2
-3,0,2,1,-1/100,1/100,0,-3/100,3/100,True,True,2
-3,0,2,1,-1/100,1/100,3,0,0,True,True,2
-3,0,2,1,-11/7,-5/7,-2,15/14,7/2,True,True,10
-3,0,2,1,-11/7,-5/7,0,-9/16,9/16,False,True,10
-3,0,2,1,-11/7,-5/7,3,-21/4,-5/2,True,True,10
-3,0,2,1,31/16,33/16,-2,-69/16,-59/16,False,True,2
-3,0,2,1,31/16,33/16,0,-3/16,3/16,False,True,2
-3,0,2,1,31/16,33/16,3,6,25/4,True,True,2
-3,0,2,2,-2,2,-2,-4,4,True,True,38
-3,0,2,2,-2,2,0,-1,1,False,True,38
-3,0,2,2,-2,2,3,-97/16,97/16,False,True,38
-3,0,2,2,0,1,-2,-2,0,True,True,11
-3,0,2,2,0,1,0,-1,1,False,True,11
-3,0,2,2,0,1,3,-1/16,49/16,False,True,11
-3,0,2,2,1/7,13/7,-2,-4,0,False,True,18
-3,0,2,2,1/7,13/7,0,-1,1,False,True,18
-3,0,2,2,1/7,13/7,3,1/16,95/16,False,True,18
-3,0,2,2,-3/4,-1/4,-2,0,2,False,True,7
-3,0,2,2,-3/4,-1/4,0,-1,1,False,True,7
-3,0,2,2,-3/4,-1/4,3,-45/16,-3/16,False,True,7
-3,0,2,2,1/2,1/2,-2,0,0,True,True,1
-3,0,2,2,1/2,1/2,0,1,1,True,True,1
-3,0,2,2,1/2,1/2,3,5/2,5/2,True,True,1
-3,0,2,2,-1/2,-1/2,-2,2,2,True,True,1
-3,0,2,2,-1/2,-1/2,0,1,1,True,True,1
-3,0,2,2,-1/2,-1/2,3,-1/2,-1/2,True,True,1
-3,0,2,2,0,0,-2,0,0,True,True,1
-3,0,2,2,0,0,0,0,0,True,True,1
-3,0,2,2,0,0,3,0,0,True,True,1
-3,0,2,2,3/8,5/8,-2,-2,0,False,True,5
-3,0,2,2,3/8,5/8,0,-1,1,False,True,5
-3,0,2,2,3/8,5/8,3,5/16,43/16,False,True,5
-3,0,2,2,-1/100,1/100,-2,-3/50,3/50,True,True,2
-3,0,2,2,-1/100,1/100,0,-1/25,1/25,True,True,2
-3,0,2,2,-1/100,1/100,3,-1/100,1/100,True,True,2
-3,0,2,2,-11/7,-5/7,-2,11/14,4,True,True,10
-3,0,2,2,-11/7,-5/7,0,-1,1,False,True,10
-3,0,2,2,-11/7,-5/7,3,-91/16,-43/16,False,True,10
-3,0,2,2,31/16,33/16,-2,-35/8,-29/8,False,True,2
-3,0,2,2,31/16,33/16,0,-1/4,1/4,False,True,2
-3,0,2,2,31/16,33/16,3,95/16,99/16,False,True,2
-3,1,-2,-2,-2,2,-2,-33/8,33/8,True,False,36
-3,1,-2,-2,-2,2,0,-2,2,True,False,36
-3,1,-2,-2,-2,2,3,-6,6,True,True,36
-3,1,-2,-2,0,1,-2,-4,1/8,True,False,10
-3,1,-2,-2,0,1,0,-2,2,True,False,10
-3,1,-2,-2,0,1,3,0,5,True,False,10
-3,1,-2,-2,1/7,13/7,-2,-33/8,1/8,True,False,17
-3,1,-2,-2,1/7,13/7,0,-2,2,True,False,17
-3,1,-2,-2,1/7,13/7,3,3/4,21/4,True,True,17
-3,1,-2,-2,-3/4,-1/4,-2,-1/8,1/8,True,False,6
-3,1,-2,-2,-3/4,-1/4,0,-3/2,-1/2,True,True,6
-3,1,-2,-2,-3/4,-1/4,3,-15/4,-5/4,True,True,6
-3,1,-2,-2,1/2,1/2,-2,0,0,True,True,1
-3,1,-2,-2,1/2,1/2,0,1,1,True,True,1
-3,1,-2,-2,1/2,1/2,3,5/2,5/2,True,True,1
-3,1,-2,-2,-1/2,-1/2,-2,0,0,True,True,1
-3,1,-2,-2,-1/2,-1/2,0,-1,-1,True,True,1
-3,1,-2,-2,-1/2,-1/2,3,-5/2,-5/2,True,True,1
-3,1,-2,-2,0,0,-2,0,0,True,True,1
-3,1,-2,-2,0,0,0,0,0,True,True,1
-3,1,-2,-2,0,0,3,0,0,True,True,1
-3,1,-2,-2,3/8,5/8,-2,-1/8,1/8,True,False,4
-3,1,-2,-2,3/8,5/8,0,3/4,5/4,True,True,4
-3,1,-2,-2,3/8,5/8,3,15/8,25/8,True,True,4
-3,1,-2,-2,-1/100,1/100,-2,-1/50,1/50,True,True,2
-3,1,-2,-2,-1/100,1/100,0,-1/25,1/25,True,True,2
-3,1,-2,-2,-1/100,1/100,3,-7/100,7/100,True,True,2
-3,1,-2,-2,-11/7,-5/7,-2,-1/8,33/8,True,False,10
-3,1,-2,-2,-11/7,-5/7,0,-2,2,True,False,10
-3,1,-2,-2,-11/7,-5/7,3,-5,-1,True,False,10
-3,1,-2,-2,31/16,33/16,-2,-33/8,-31/8,True,False,2
-3,1,-2,-2,31/16,33/16,0,-1/4,1/4,True,False,2
-3,1,-2,-2,31/16,33/16,3,89/16,103/16,True,False,2
-3,1,-2,-1,-2,2,-2,-65/16,65/16,True,False,36
-3,1,-2,-1,-2,2,0,-17/16,17/16,True,False,36
-3,1,-2,-1,-2,2,3,-6,6,True,True,36
-3,1,-2,-1,0,1,-2,-3,1/16,True,False,10
-3,1,-2,-1,0,1,0,-1,17/16,True,False,10
-3,1,-2,-1,0,1,3,0,4,True,False,10
-3,1,-2,-1,1/7,13/7,-2,-63/16,-1/16,True,False,17
-3,1,-2,-1,1/7,13/7,0,-17/16,17/16,True,False,17
-3,1,-2,-1,1/7,13/7,3,17/28,151/28,True,True,17
-3,1,-2,-1,-3/4,-1/4,-2,3/16,13/16,True,False,6
-3,1,-2,-1,-3/4,-1/4,0,-13/16,-3/16,True,False,6
-3,1,-2,-1,-3/4,-1/4,3,-3,-1,True,True,6
-3,1,-2,-1,1/2,1/2,-2,-1/2,-1/2,True,True,1
-3,1,-2,-1,1/2,1/2,0,1/2,1/2,True,True,1
-3,1,-2,-1,1/2,1/2,3,2,2,True,True,1
-3,1,-2,-1,-1/2,-1/2,-2,1/2,1/2,True,True,1
-3,1,-2,-1,-1/2,-1/2,0,-1/2,-1/2,True,True,1
-3,1,-2,-1,-1/2,-1/2,3,-2,-2,True,True,1
-3,1,-2,-1,0,0,-2,0,0,True,True,1
-3,1,-2,-1,0,0,0,0,0,True,True,1
-3,1,-2,-1,0,0,3,0,0,True,True,1
-3,1,-2,-1,3/8,5/8,-2,-11/16,-5/16,True,False,4
-3,1,-2,-1,3/8,5/8,0,5/16,11/16,True,False,4
-3,1,-2,-1,3/8,5/8,3,3/2,5/2,True,True,4
-3,1,-2,-1,-1/100,1/100,-2,-1/100,1/100,True,True,2
-3,1,-2,-1,-1/100,1/100,0,-3/100,3/100,True,True,2
-3,1,-2,-1,-1/100,1/100,3,-3/50,3/50,True,True,2
-3,1,-2,-1,-11/7,-5/7,-2,11/16,59/16,True,False,10
-3,1,-2,-1,-11/7,-5/7,0,-17/16,17/16,True,False,10
-3,1,-2,-1,-11/7,-5/7,3,-35/8,-2,True,False,10
-3,1,-2,-1,31/16,33/16,-2,-67/16,-63/16,True,False,2
-3,1,-2,-1,31/16,33/16,0,-3/16,3/16,True,False,2
-3,1,-2,-1,31/16,33/16,3,45/8,51/8,True,False,2
-3,1,-2,0,-2,2,-2,-4,4,True,True,36
-3,1,-2,0,-2,2,0,-1/8,1/8,True,False,36
-3,1,-2,0,-2,2,3,-6,6,True,True,36
-3,1,-2,0,0,1,-2,-2,0,True,True,10
-3,1,-2,0,0,1,0,-1/8,1/8,True,False,10
-3,1,-2,0,0,1,3,0,3,True,True,10
-3,1,-2,0,1/7,13/7,-2,-15/4,-1/4,True,True,17
-3,1,-2,0,1/7,13/7,0,-1/8,1/8,True,False,17
-3,1,-2,0,1/7,13/7,3,7/16,89/16,True,False,17
-3,1,-2,0,-3/4,-1/4,-2,1/2,3/2,True,True,6
-3,1,-2,0,-3/4,-1/4,0,-1/8,1/8,True,False,6
-3,1,-2,0,-3/4,-1/4,3,-9/4,-3/4,True,True,6
-3,1,-2,0,1/2,1/2,-2,-1,-1,True,True,1
-3,1,-2,0,1/2,1/2,0,0,0,True,True,1
-3,1,-2,0,1/2,1/2,3,3/2,3/2,True,True,1
-3,1,-2,0,-1/2,-1/2,-2,1,1,True,True,1
-3,1,-2,0,-1/2,-1/2,0,0,0,True,True,1
-3,1,-2,0,-1/2,-1/2,3,-3/2,-3/2,True,True,1
-3,1,-2,0,0,0,-2,0,0,True,True,1
-3,1,-2,0,0,0,0,0,0,True,True,1
-3,1,-2,0,0,0,3,0,0,True,True,1
-3,1,-2,0,3/8,5/8,-2,-5/4,-3/4,True,True,4
-3,1,-2,0,3/8,5/8,0,-1/8,1/8,True,False,4
-3,1,-2,0,3/8,5/8,3,9/8,15/8,True,True,4
-3,1,-2,0,-1/100,1/100,-2,0,0,True,True,2
-3,1,-2,0,-1/100,1/100,0,-1/50,1/50,True,True,2
-3,1,-2,0,-1/100,1/100,3,-1/20,1/20,True,True,2
-3,1,-2,0,-11/7,-5/7,-2,3/2,13/4,True,True,10
-3,1,-2,0,-11/7,-5/7,0,-1/8,1/8,True,False,10
-3,1,-2,0,-11/7,-5/7,3,-77/16,-29/14,True,True,10
-3,1,-2,0,31/16,33/16,-2,-17/4,-4,True,True,2
-3,1,-2,0,31/16,33/16,0,-1/8,1/8,True,False,2
-3,1,-2,0,31/16,33/16,3,91/16,101/16,True,False,2
-3,1,-2,1,-2,2,-2,-4,4,True,True,36
-3,1,-2,1,-2,2,0,-17/16,17/16,True,False,36
-3,1,-2,1,-2,2,3,-6,6,True,True,36
-3,1,-2,1,0,1,-2,-3,0,False,True,10
-3,1,-2,1,0,1,0,-17/16,1,True,True,10
-3,1,-2,1,0,1,3,0,4,True,True,10
-3,1,-2,1,1/7,13/7,-2,-101/28,-11/28,True,True,17
-3,1,-2,1,1/7,13/7,0,-17/16,17/16,True,False,17
-3,1,-2,1,1/7,13/7,3,1/4,23/4,True,False,17
-3,1,-2,1,-3/4,-1/4,-2,3/4,9/4,True,True,6
-3,1,-2,1,-3/4,-1/4,0,3/16,13/16,True,False,6
-3,1,-2,1,-3/4,-1/4,3,-3/2,-1/2,True,True,6
-3,1,-2,1,1/2,1/2,-2,-3/2,-3/2,True,True,1
-3,1,-2,1,1/2,1/2,0,-1/2,-1/2,True,True,1
-3,1,-2,1,1/2,1/2,3,1,1,True,True,1
-3,1,-2,1,-1/2,-1/2,-2,3/2,3/2,True,True,1
-3,1,-2,1,-1/2,-1/2,0,1/2,1/2,True,True,1
-3,1,-2,1,-1/2,-1/2,3,-1,-1,True,True,1
-3,1,-2,1,0,0,-2,0,0,True,True,1
-3,1,-2,1,0,0,0,0,0,True,True,1
-3,1,-2,1,0,0,3,0,0,True,True,1
-3,1,-2,1,3/8,5/8,-2,-15/8,-9/8,True,True,4
-3,1,-2,1,3/8,5/8,0,-11/16,-5/16,True,False,4
-3,1,-2,1,3/8,5/8,3,3/4,5/4,True,True,4
-3,1,-2,1,-1/100,1/100,-2,-1/100,1/100,True,True,2
-3,1,-2,1,-1/100,1/100,0,-1/100,1/100,True,True,2
-3,1,-2,1,-1/100,1/100,3,-1/25,1/25,True,True,2
-3,1,-2,1,-11/7,-5/7,-2,1,3,False,True,10
-3,1,-2,1,-11/7,-5/7,0,-17/16,17/16,True,False,10
-3,1,-2,1,-11/7,-5/7,3,-21/4,-19/14,True,True,10
-3,1,-2,1,31/16,33/16,-2,-69/16,-63/16,True,True,2
-3,1,-2,1,31/16,33/16,0,-3/16,1/16,True,False,2
-3,1,-2,1,31/16,33/16,3,23/4,25/4,True,False,2
-3,1,-2,2,-2,2,-2,-4,4,True,True,36
-3,1,-2,2,-2,2,0,-2,2,True,True,36
-3,1,-2,2,-2,2,3,-97/16,97/16,True,False,36
-3,1,-2,2,0,1,-2,-4,0,False,True,10
-3,1,-2,2,0,1,0,-2,2,True,True,10
-3,1,-2,2,0,1,3,-1/16,5,True,True,10
-3,1,-2,2,1/7,13/7,-2,-4,0,False,True,17
-3,1,-2,2,1/7,13/7,0,-2,2,True,True,17
-3,1,-2,2,1/7,13/7,3,1/16,95/16,True,False,17
-3,1,-2,2,-3/4,-1/4,-2,1,3,True,True,6
-3,1,-2,2,-3/4,-1/4,0,1/2,3/2,True,True,6
-3,1,-2,2,-3/4,-1/4,3,-13/16,-3/16,True,False,6
-3,1,-2,2,1/2,1/2,-2,-2,-2,True,True,1
-3,1,-2,2,1/2,1/2,0,-1,-1,True,True,1
-3,1,-2,2,1/2,1/2,3,1/2,1/2,True,True,1
-3,1,-2,2,-1/2,-1/2,-2,2,2,True,True,1
-3,1,-2,2,-1/2,-1/2,0,1,1,True,True,1
-3,1,-2,2,-1/2,-1/2,3,-1/2,-1/2,True,True,1
-3,1,-2,2,0,0,-2,0,0,True,True,1
-3,1,-2,2,0,0,0,0,0,True,True,1
-3,1,-2,2,0,0,3,0,0,True,True,1
-3,1,-2,2,3/8,5/8,-2,-5/2,-3/2,True,True,4
-3,1,-2,2,3/8,5/8,0,-5/4,-3/4,True,True,4
-3,1,-2,2,3/8,5/8,3,5/16,11/16,True,False,4
-3,1,-2,2,-1/100,1/100,-2,-1/50,1/50,True,True,2
-3,1,-2,2,-1/100,1/100,0,0,0,True,True,2
-3,1,-2,2,-1/100,1/100,3,-3/100,3/100,True,True,2
-3,1,-2,2,-11/7,-5/7,-2,0,4,False,True,10
-3,1,-2,2,-11/7,-5/7,0,-2,2,True,True,10
-3,1,-2,2,-11/7,-5/7,3,-91/16,-9/14,True,True,10
-3,1,-2,2,31/16,33/16,-2,-35/8,-31/8,True,True,2
-3,1,-2,2,31/16,33/16,0,-1/4,0,True,True,2
-3,1,-2,2,31/16,33/16,3,93/16,99/16,True,False,2
-3,1,-1,-2,-2,2,-2,-65/16,65/16,True,False,36
-3,1,-1,-2,-2,2,0,-2,2,True,False,36
-3,1,-1,-2,-2,2,3,-6,6,True,True,36
-3,1,-1,-2,0,1,-2,-4,1/16,True,False,10
-3,1,-1,-2,0,1,0,-2,2,True,False,10
-3,1,-1,-2,0,1,3,0,5,True,False,10
-3,1,-1,-2,1/7,13/7,-2,-65/16,1/16,True,False,17
-3,1,-1,-2,1/7,13/7,0,-2,2,True,False,17
-3,1,-1,-2,1/7,13/7,3,41/56,295/56,True,True,17
-3,1,-1,-2,-3/4,-1/4,-2,-1/16,1/16,True,False,6
-3,1,-1,-2,-3/4,-1/4,0,-3/2,-1/2,True,True,6
-3,1,-1,-2,-3/4,-1/4,3,-15/4,-5/4,True,True,6
-3,1,-1,-2,1/2,1/2,-2,0,0,True,True,1
-3,1,-1,-2,1/2,1/2,0,1,1,True,True,1
-3,1,-1,-2,1/2,1/2,3,5/2,5/2,True,True,1
-3,1,-1,-2,-1/2,-1/2,-2,0,0,True,True,1
-3,1,-1,-2,-1/2,-1/2,0,-1,-1,True,True,1
-3,1,-1,-2,-1/2,-1/2,3,-5/2,-5/2,True,True,1
-3,1,-1,-2,0,0,-2,0,0,True,True,1
-3,1,-1,-2,0,0,0,0,0,True,True,1
-3,1,-1,-2,0,0,3,0,0,True,True,1
-3,1,-1,-2,3/8,5/8,-2,-1/16,1/16,True,False,4
-3,1,-1,-2,3/8,5/8,0,3/4,5/4,True,True,4
-3,1,-1,-2,3/8,5/8,3,15/8,25/8,True,True,4
-3,1,-1,-2,-1/100,1/100,-2,-1/100,1/100,True,True,2
-3,1,-1,-2,-1/100,1/100,0,-3/100,3/100,True,True,2
-3,1,-1,-2,-1/100,1/100,3,-3/50,3/50,True,True,2
-3,1,-1,-2,-11/7,-5/7,-2,-1/16,65/16,True,False,10
-3,1,-1,-2,-11/7,-5/7,0,-2,2,True,False,10
-3,1,-1,-2,-11/7,-5/7,3,-5,-1,True,False,10
-3,1,-1,-2,31/16,33/16,-2,-65/16,-63/16,True,False,2
-3,1,-1,-2,31/16,33/16,0,-3/16,3/16,True,False,2
-3,1,-1,-2,31/16,33/16,3,45/8,51/8,True,False,2
-3,1,-1,-1,-2,2,-2,-4,4,True,True,36
-3,1,-1,-1,-2,2,0,-1,1,True,False,36
-3,1,-1,-1,-2,2,3,-6,6,True,True,36
-3,1,-1,-1,0,1,-2,-3,0,True,True,10
-3,1,-1,-1,0,1,0,-1,1,True,False,10
-3,1,-1,-1,0,1,3,0,4,True,False,10
-3,1,-1,-1,1/7,13/7,-2,-31/8,-1/8,True,True,17
-3,1,-1,-1,1/7,13/7,0,-1,1,True,False,17
-3,1,-1,-1,1/7,13/7,3,33/56,303/56,True,True,17
-3,1,-1,-1,-3/4,-1/4,-2,1/4,3/4,True,True,6
-3,1,-1,-1,-3/4,-1/4,0,-3/4,-1/4,True,True,6
-3,1,-1,-1,-3/4,-1/4,3,-3,-1,True,True,6
-3,1,-1,-1,1/2,1/2,-2,-1/2,-1/2,True,True,1
-3,1,-1,-1,1/2,1/2,0,1/2,1/2,True,True,1
-3,1,-1,-1,1/2,1/2,3,2,2,True,True,1
-3,1,-1,-1,-1/2,-1/2,-2,1/2,1/2,True,True,1
-3,1,-1,-1,-1/2,-1/2,0,-1/2,-1/2,True,True,1
-3,1,-1,-1,-1/2,-1/2,3,-2,-2,True,True,1
-3,1,-1,-1,0,0,-2,0,0,True,True,1
-3,1,-1,-1,0,0,0,0,0,True,True,1
-3,1,-1,-1,0,0,3,0,0,True,True,1
-3,1,-1,-1,3/8,5/8,-2,-5/8,-3/8,True,True,4
-3,1,-1,-1,3/8,5/8,0,3/8,5/8,True,True,4
-3,1,-1,-1,3/8,5/8,3,3/2,5/2,True,True,4
-3,1,-1,-1,-1/100,1/100,-2,0,0,True,True,2
-3,1,-1,-1,-1/100,1/100,0,-1/50,1/50,True,True,2
-3,1,-1,-1,-1/100,1/100,3,-1/20,1/20,True,True,2
-3,1,-1,-1,-11/7,-5/7,-2,3/4,29/8,True,True,10
-3,1,-1,-1,-11/7,-5/7,0,-1,1,True,False,10
-3,1,-1,-1,-11/7,-5/7,3,-69/16,-2,True,False,10
-3,1,-1,-1,31/16,33/16,-2,-33/8,-4,True,True,2
-3,1,-1,-1,31/16,33/16,0,-1/8,1/8,True,False,2
-3,1,-1,-1,31/16,33/16,3,91/16,101/16,True,False,2
-3,1,-1,0,-2,2,-2,-4,4,True,True,36
-3,1,-1,0,-2,2,0,-1/16,1/16,True,False,36
-3,1,-1,0,-2,2,3,-6,6,True,True,36
-3,1,-1,0,0,1,-2,-2,0,True,True,10
-3,1,-1,0,0,1,0,-1/16,1/16,True,False,10
-3,1,-1,0,0,1,3,0,3,True,True,10
-3,1,-1,0,1/7,13/7,-2,-209/56,-15/56,True,True,17
-3,1,-1,0,1/7,13/7,0,-1/16,1/16,True,False,17
-3,1,-1,0,1/7,13/7,3,25/56,311/56,True,True,17
-3,1,-1,0,-3/4,-1/4,-2,1/2,3/2,True,True,6
-3,1,-1,0,-3/4,-1/4,0,-1/16,1/16,True,False,6
-3,1,-1,0,-3/4,-1/4,3,-9/4,-3/4,True,True,6
-3,1,-1,0,1/2,1/2,-2,-1,-1,True,True,1
-3,1,-1,0,1/2,1/2,0,0,0,True,True,1
-3,1,-1,0,1/2,1/2,3,3/2,3/2,True,True,1
-3,1,-1,0,-1/2,-1/2,-2,1,1,True,True,1
-3,1,-1,0,-1/2,-1/2,0,0,0,True,True,1
-3,1,-1,0,-1/2,-1/2,3,-3/2,-3/2,True,True,1
-3,1,-1,0,0,0,-2,0,0,True,True,1
-3,1,-1,0,0,0,0,0,0,True,True,1
-3,1,-1,0,0,0,3,0,0,True,True,1
-3,1,-1,0,3/8,5/8,-2,-5/4,-3/4,True,True,4
-3,1,-1,0,3/8,5/8,0,-1/16,1/16,True,False,4
-3,1,-1,0,3/8,5/8,3,9/8,15/8,True,True,4
-3,1,-1,0,-1/100,1/100,-2,-1/100,1/100,True,True,2
-3,1,-1,0,-1/100,1/100,0,-1/100,1/100,True,True,2
-3,1,-1,0,-1/100,1/100,3,-1/25,1/25,True,True,2
-3,1,-1,0,-11/7,-5/7,-2,41/28,179/56,True,True,10
-3,1,-1,0,-11/7,-5/7,0,-1/16,1/16,True,False,10
-3,1,-1,0,-11/7,-5/7,3,-19/4,-59/28,True,True,10
-3,1,-1,0,31/16,33/16,-2,-67/16,-63/16,True,True,2
-3,1,-1,0,31/16,33/16,0,-1/16,1/16,True,False,2
-3,1,-1,0,31/16,33/16,3,23/4,25/4,True,False,2
-3,1,-1,1,-2,2,-2,-4,4,True,True,36
-3,1,-1,1,-2,2,0,-1,1,True,True,36
-3,1,-1,1,-2,2,3,-6,6,True,True,36
-3,1,-1,1,0,1,-2,-3,0,False,True,10
-3,1,-1,1,0,1,0,-1,1,True,True,10
-3,1,-1,1,0,1,3,0,4,True,True,10
-3,1,-1,1,1/7,13/7,-2,-201/56,-23/56,True,True,17
-3,1,-1,1,1/7,13/7,0,-1,1,True,True,17
-3,1,-1,1,1/7,13/7,3,17/56,319/56,True,True,17
-3,1,-1,1,-3/4,-1/4,-2,3/4,9/4,True,True,6
-3,1,-1,1,-3/4,-1/4,0,1/4,3/4,True,True,6
-3,1,-1,1,-3/4,-1/4,3,-3/2,-1/2,True,True,6
-3,1,-1,1,1/2,1/2,-2,-3/2,-3/2,True,True,1
-3,1,-1,1,1/2,1/2,0,-1/2,-1/2,True,True,1
-3,1,-1,1,1/2,1/2,3,1,1,True,True,1
-3,1,-1,1,-1/2,-1/2,-2,3/2,3/2,True,True,1
-3,1,-1,1,-1/2,-1/2,0,1/2,1/2,True,True,1
-3,1,-1,1,-1/2,-1/2,3,-1,-1,True,True,1
-3,1,-1,1,0,0,-2,0,0,True,True,1
-3,1,-1,1,0,0,0,0,0,True,True,1
-3,1,-1,1,0,0,3,0,0,True,True,1
-3,1,-1,1,3/8,5/8,-2,-15/8,-9/8,True,True,4
-3,1,-1,1,3/8,5/8,0,-5/8,-3/8,True,True,4
-3,1,-1,1,3/8,5/8,3,3/4,5/4,True,True,4
-3,1,-1,1,-1/100,1/100,-2,-1/50,1/50,True,True,2
-3,1,-1,1,-1/100,1/100,0,0,0,True,True,2
-3,1,-1,1,-1/100,1/100,3,-3/100,3/100,True,True,2
-3,1,-1,1,-11/7,-5/7,-2,1,3,False,True,10
-3,1,-1,1,-11/7,-5/7,0,-1,1,True,True,10
-3,1,-1,1,-11/7,-5/7,3,-83/16,-39/28,True,True,10
-3,1,-1,1,31/16,33/16,-2,-17/4,-31/8,True,True,2
-3,1,-1,1,31/16,33/16,0,-1/8,0,True,True,2
-3,1,-1,1,31/16,33/16,3,93/16,99/16,True,False,2
-3,1,-1,2,-2,2,-2,-4,4,True,True,36
-3,1,-1,2,-2,2,0,-2,2,False,True,36
-3,1,-1,2,-2,2,3,-6,6,True,True,36
-3,1,-1,2,0,1,-2,-4,0,False,True,10
-3,1,-1,2,0,1,0,-2,2,False,True,10
-3,1,-1,2,0,1,3,0,5,True,True,10
-3,1,-1,2,1/7,13/7,-2,-4,0,False,True,17
-3,1,-1,2,1/7,13/7,0,-2,2,False,True,17
-3,1,-1,2,1/7,13/7,3,1/8,47/8,True,False,17
-3,1,-1,2,-3/4,-1/4,-2,1,3,True,True,6
-3,1,-1,2,-3/4,-1/4,0,1/2,3/2,True,True,6
-3,1,-1,2,-3/4,-1/4,3,-3/4,-1/4,True,True,6
-3,1,-1,2,1/2,1/2,-2,-2,-2,True,True,1
-3,1,-1,2,1/2,1/2,0,-1,-1,True,True,1
-3,1,-1,2,1/2,1/2,3,1/2,1/2,True,True,1
-3,1,-1,2,-1/2,-1/2,-2,2,2,True,True,1
-3,1,-1,2,-1/2,-1/2,0,1,1,True,True,1
-3,1,-1,2,-1/2,-1/2,3,-1/2,-1/2,True,True,1
-3,1,-1,2,0,0,-2,0,0,True,True,1
-3,1,-1,2,0,0,0,0,0,True,True,1
-3,1,-1,2,0,0,3,0,0,True,True,1
-3,1,-1,2,3/8,5/8,-2,-5/2,-3/2,True,True,4
-3,1,-1,2,3/8,5/8,0,-5/4,-3/4,True,True,4
-3,1,-1,2,3/8,5/8,3,3/8,5/8,True,True,4
-3,1,-1,2,-1/100,1/100,-2,-3/100,3/100,True,True,2
-3,1,-1,2,-1/100,1/100,0,-1/100,1/100,True,True,2
-3,1,-1,2,-1/100,1/100,3,-1/50,1/50,True,True,2
-3,1,-1,2,-11/7,-5/7,-2,0,4,False,True,10
-3,1,-1,2,-11/7,-5/7,0,-2,2,False,True,10
-3,1,-1,2,-11/7,-5/7,3,-45/8,-19/28,True,True,10
-3,1,-1,2,31/16,33/16,-2,-69/16,-61/16,True,True,2
-3,1,-1,2,31/16,33/16,0,-3/16,1/16,True,True,2
-3,1,-1,2,31/16,33/16,3,47/8,49/8,True,False,2
-3,1,0,-2,-2,2,-2,-4,4,True,True,36
-3,1,0,-2,-2,2,0,-2,2,True,False,36
-3,1,0,-2,-2,2,3,-6,6,True,True,36
-3,1,0,-2,0,1,-2,-4,0,True,True,10
-3,1,0,-2,0,1,0,-2,2,True,False,10
-3,1,0,-2,0,1,3,0,5,True,False,10
-3,1,0,-2,1/7,13/7,-2,-4,0,True,True,17
-3,1,0,-2,1/7,13/7,0,-2,2,True,False,17
-3,1,0,-2,1/7,13/7,3,5/7,37/7,True,True,17
-3,1,0,-2,-3/4,-1/4,-2,0,0,True,True,6
-3,1,0,-2,-3/4,-1/4,0,-3/2,-1/2,True,True,6
-3,1,0,-2,-3/4,-1/4,3,-15/4,-5/4,True,True,6
-3,1,0,-2,1/2,1/2,-2,0,0,True,True,1
-3,1,0,-2,1/2,1/2,0,1,1,True,True,1
-3,1,0,-2,1/2,1/2,3,5/2,5/2,True,True,1
-3,1,0,-2,-1/2,-1/2,-2,0,0,True,True,1
-3,1,0,-2,-1/2,-1/2,0,-1,-1,True,True,1
-3,1,0,-2,-1/2,-1/2,3,-5/2,-5/2,True,True,1
-3,1,0,-2,0,0,-2,0,0,True,True,1
-3,1,0,-2,0,0,0,0,0,True,True,1
-3,1,0,-2,0,0,3,0,0,True,True,1
-3,1,0,-2,3/8,5/8,-2,0,0,True,True,4
-3,1,0,-2,3/8,5/8,0,3/4,5/4,True,True,4
-3,1,0,-2,3/8,5/8,3,15/8,25/8,True,True,4
-3,1,0,-2,-1/100,1/100,-2,0,0,True,True,2
-3,1,0,-2,-1/100,1/100,0,-1/50,1/50,True,True,2
-3,1,0,-2,-1/100,1/100,3,-1/20,1/20,True,True,2
-3,1,0,-2,-11/7,-5/7,-2,0,4,True,True,10
-3,1,0,-2,-11/7,-5/7,0,-2,2,True,False,10
-3,1,0,-2,-11/7,-5/7,3,-5,-1,True,False,10
-3,1,0,-2,31/16,33/16,-2,-4,-4,True,True,2
-3,1,0,-2,31/16,33/16,0,-1/8,1/8,True,True,2
-3,1,0,-2,31/16,33/16,3,91/16,101/16,True,True,2
-3,1,0,-1,-2,2,-2,-4,4,True,True,36
-3,1,0,-1,-2,2,0,-1,1,True,False,36
-3,1,0,-1,-2,2,3,-6,6,True,True,36
-3,1,0,-1,0,1,-2,-3,0,True,True,10
-3,1,0,-1,0,1,0,-1,1,True,False,10
-3,1,0,-1,0,1,3,0,4,True,False,10
-3,1,0,-1,1/7,13/7,-2,-27/7,-1/7,True,True,17
-3,1,0,-1,1/7,13/7,0,-1,1,True,False,17
-3,1,0,-1,1/7,13/7,3,4/7,38/7,True,True,17
-3,1,0,-1,-3/4,-1/4,-2,1/4,3/4,True,True,6
-3,1,0,-1,-3/4,-1/4,0,-3/4,-1/4,True,True,6
-3,1,0,-1,-3/4,-1/4,3,-3,-1,True,True,6
-3,1,0,-1,1/2,1/2,-2,-1/2,-1/2,True,True,1
-3,1,0,-1,1/2,1/2,0,1/2,1/2,True,True,1
-3,1,0,-1,1/2,1/2,3,2,2,True,True,1
-3,1,0,-1,-1/2,-1/2,-2,1/2,1/2,True,True,1
-3,1,0,-1,-1/2,-1/2,0,-1/2,-1/2,True,True,1
-3,1,0,-1,-1/2,-1/2,3,-2,-2,True,True,1
-3,1,0,-1,0,0,-2,0,0,True,True,1
-3,1,0,-1,0,0,0,0,0,True,True,1
-3,1,0,-1,0,0,3,0,0,True,True,1
-3,1,0,-1,3/8,5/8,-2,-5/8,-3/8,True,True,4
-3,1,0,-1,3/8,5/8,0,3/8,5/8,True,True,4
-3,1,0,-1,3/8,5/8,3,3/2,5/2,True,True,4
-3,1,0,-1,-1/100,1/100,-2,-1/100,1/100,True,True,2
-3,1,0,-1,-1/100,1/100,0,-1/100,1/100,True,True,2
-3,1,0,-1,-1/100,1/100,3,-1/25,1/25,True,True,2
-3,1,0,-1,-11/7,-5/7,-2,5/7,25/7,True,True,10
-3,1,0,-1,-11/7,-5/7,0,-1,1,True,False,10
-3,1,0,-1,-11/7,-5/7,3,-30/7,-2,True,False,10
-3,1,0,-1,31/16,33/16,-2,-65/16,-63/16,True,True,2
-3,1,0,-1,31/16,33/16,0,-1/16,1/16,True,True,2
-3,1,0,-1,31/16,33/16,3,23/4,25/4,True,True,2
-3,1,0,0,-2,2,-2,-4,4,True,True,36
-3,1,0,0,-2,2,0,0,0,True,True,36
-3,1,0,0,-2,2,3,-6,6,True,True,36
-3,1,0,0,0,1,-2,-2,0,True,True,10
-3,1,0,0,0,1,0,0,0,True,True,10
-3,1,0,0,0,1,3,0,3,True,True,10
-3,1,0,0,1/7,13/7,-2,-26/7,-2/7,True,True,17
-3,1,0,0,1/7,13/7,0,0,0,True,True,17
-3,1,0,0,1/7,13/7,3,3/7,39/7,True,True,17
-3,1,0,0,-3/4,-1/4,-2,1/2,3/2,True,True,6
-3,1,0,0,-3/4,-1/4,0,0,0,True,True,6
-3,1,0,0,-3/4,-1/4,3,-9/4,-3/4,True,True,6
-3,1,0,0,1/2,1/2,-2,-1,-1,True,True,1
-3,1,0,0,1/2,1/2,0,0,0,True,True,1
-3,1,0,0,1/2,1/2,3,3/2,3/2,True,True,1
-3,1,0,0,-1/2,-1/2,-2,1,1,True,True,1
-3,1,0,0,-1/2,-1/2,0,0,0,True,True,1
-3,1,0,0,-1/2,-1/2,3,-3/2,-3/2,True,True,1
-3,1,0,0,0,0,-2,0,0,True,True,1
-3,1,0,0,0,0,0,0,0,True,True,1
-3,1,0,0,0,0,3,0,0,True,True,1
-3,1,0,0,3/8,5/8,-2,-5/4,-3/4,True,True,4
-3,1,0,0,3/8,5/8,0,0,0,True,True,4
-3,1,0,0,3/8,5/8,3,9/8,15/8,True,True,4
-3,1,0,0,-1/100,1/100,-2,-1/50,1/50,True,True,2
-3,1,0,0,-1/100,1/100,0,0,0,True,True,2
-3,1,0,0,-1/100,1/100,3,-3/100,3/100,True,True,2
-3,1,0,0,-11/7,-5/7,-2,10/7,22/7,True,True,10
-3,1,0,0,-11/7,-5/7,0,0,0,True,True,10
-3,1,0,0,-11/7,-5/7,3,-33/7,-15/7,True,True,10
-3,1,0,0,31/16,33/16,-2,-33/8,-31/8,True,True,2
-3,1,0,0,31/16,33/16,0,0,0,True,True,2
-3,1,0,0,31/16,33/16,3,93/16,99/16,True,True,2
-3,1,0,1,-2,2,-2,-4,4,True,True,36
-3,1,0,1,-2,2,0,-1,1,False,True,36
-3,1,0,1,-2,2,3,-6,6,True,True,36
-3,1,0,1,0,1,-2,-3,0,False,True,10
-3,1,0,1,0,1,0,-1,1,False,True,10
-3,1,0,1,0,1,3,0,4,True,True,10
-3,1,0,1,1/7,13/7,-2,-25/7,-3/7,True,True,17
-3,1,0,1,1/7,13/7,0,-1,1,False,True,17
-3,1,0,1,1/7,13/7,3,2/7,40/7,True,True,17
-3,1,0,1,-3/4,-1/4,-2,3/4,9/4,True,True,6
-3,1,0,1,-3/4,-1/4,0,1/4,3/4,True,True,6
-3,1,0,1,-3/4,-1/4,3,-3/2,-1/2,True,True,6
-3,1,0,1,1/2,1/2,-2,-3/2,-3/2,True,True,1
-3,1,0,1,1/2,1/2,0,-1/2,-1/2,True,True,1
-3,1,0,1,1/2,1/2,3,1,1,True,True,1
-3,1,0,1,-1/2,-1/2,-2,3/2,3/2,True,True,1
-3,1,0,1,-1/2,-1/2,0,1/2,1/2,True,True,1
-3,1,0,1,-1/2,-1/2,3,-1,-1,True,True,1
-3,1,0,1,0,0,-2,0,0,True,True,1
-3,1,0,1,0,0,0,0,0,True,True,1
-3,1,0,1,0,0,3,0,0,True,True,1
-3,1,0,1,3/8,5/8,-2,-15/8,-9/8,True,True,4
-3,1,0,1,3/8,5/8,0,-5/8,-3/8,True,True,4
-3,1,0,1,3/8,5/8,3,3/4,5/4,True,True,4
-3,1,0,1,-1/100,1/100,-2,-3/100,3/100,True,True,2
-3,1,0,1,-1/100,1/100,0,-1/100,1/100,True,True,2
-3,1,0,1,-1/100,1/100,3,-1/50,1/50,True,True,2
-3,1,0,1,-11/7,-5/7,-2,1,3,False,True,10
-3,1,0,1,-11/7,-5/7,0,-1,1,False,True,10
-3,1,0,1,-11/7,-5/7,3,-36/7,-10/7,True,True,10
-3,1,0,1,31/16,33/16,-2,-67/16,-61/16,True,True,2
-3,1,0,1,31/16,33/16,0,-1/16,1/16,True,True,2
-3,1,0,1,31/16,33/16,3,47/8,49/8,True,True,2
-3,1,0,2,-2,2,-2,-4,4,True,True,36
-3,1,0,2,-2,2,0,-2,2,False,True,36
-3,1,0,2,-2,2,3,-6,6,True,True,36
-3,1,0,2,0,1,-2,-4,0,False,True,10
-3,1,0,2,0,1,0,-2,2,False,True,10
-3,1,0,2,0,1,3,0,5,True,True,10
-3,1,0,2,1/7,13/7,-2,-4,0,False,True,17
-3,1,0,2,1/7,13/7,0,-2,2,False,True,17
-3,1,0,2,1/7,13/7,3,1/7,41/7,True,True,17
-3,1,0,2,-3/4,-1/4,-2,1,3,True,True,6
-3,1,0,2,-3/4,-1/4,0,1/2,3/2,True,True,6
-3,1,0,2,-3/4,-1/4,3,-3/4,-1/4,True,True,6
-3,1,0,2,1/2,1/2,-2,-2,-2,True,True,1
-3,1,0,2,1/2,1/2,0,-1,-1,True,True,1
-3,1,0,2,1/2,1/2,3,1/2,1/2,True,True,1
-3,1,0,2,-1/2,-1/2,-2,2,2,True,True,1
-3,1,0,2,-1/2,-1/2,0,1,1,True,True,1
-3,1,0,2,-1/2,-1/2,3,-1/2,-1/2,True,True,1
-3,1,0,2,0,0,-2,0,0,True,True,1
-3,1,0,2,0,0,0,0,0,True,True,1
-3,1,0,2,0,0,3,0,0,True,True,1
-3,1,0,2,3/8,5/8,-2,-5/2,-3/2,True,True,4
-3,1,0,2,3/8,5/8,0,-5/4,-3/4,True,True,4
-3,1,0,2,3/8,5/8,3,3/8,5/8,True,True,4
-3,1,0,2,-1/100,1/100,-2,-1/25,1/25,True,True,2
-3,1,0,2,-1/100,1/100,0,-1/50,1/50,True,True,2
-3,1,0,2,-1/100,1/100,3,-1/100,1/100,True,True,2
-3,1,0,2,-11/7,-5/7,-2,0,4,False,True,10
-3,1,0,2,-11/7,-5/7,0,-2,2,False,True,10
-3,1,0,2,-11/7,-5/7,3,-39/7,-5/7,True,True,10
-3,1,0,2,31/16,33/16,-2,-17/4,-15/4,True,True,2
-3,1,0,2,31/16,33/16,0,-1/8,1/8,True,True,2
-3,1,0,2,31/16,33/16,3,95/16,97/16,True,True,2
-3,1,1,-2,-2,2,-2,-65/16,65/16,False,True,36
-3,1,1,-2,-2,2,0,-2,2,True,False,36
-3,1,1,-2,-2,2,3,-6,6,True,True,36
-3,1,1,-2,0,1,-2,-4,1/16,True,True,10
-3,1,1,-2,0,1,0,-2,2,True,False,10
-3,1,1,-2,0,1,3,0,5,True,False,10
-3,1,1,-2,1/7,13/7,-2,-65/16,1/16,False,True,17
-3,1,1,-2,1/7,13/7,0,-2,2,True,False,17
-3,1,1,-2,1/7,13/7,3,39/56,297/56,True,True,17
-3,1,1,-2,-3/4,-1/4,-2,-1/16,1/16,False,True,6
-3,1,1,-2,-3/4,-1/4,0,-3/2,-1/2,True,True,6
-3,1,1,-2,-3/4,-1/4,3,-15/4,-5/4,True,True,6
-3,1,1,-2,1/2,1/2,-2,0,0,True,True,1
-3,1,1,-2,1/2,1/2,0,1,1,True,True,1
-3,1,1,-2,1/2,1/2,3,5/2,5/2,True,True,1
-3,1,1,-2,-1/2,-1/2,-2,0,0,True,True,1
-3,1,1,-2,-1/2,-1/2,0,-1,-1,True,True,1
-3,1,1,-2,-1/2,-1/2,3,-5/2,-5/2,True,True,1
-3,1,1,-2,0,0,-2,0,0,True,True,1
-3,1,1,-2,0,0,0,0,0,True,True,1
-3,1,1,-2,0,0,3,0,0,True,True,1
-3,1,1,-2,3/8,5/8,-2,-1/16,1/16,False,True,4
-3,1,1,-2,3/8,5/8,0,3/4,5/4,True,True,4
-3,1,1,-2,3/8,5/8,3,15/8,25/8,True,True,4
-3,1,1,-2,-1/100,1/100,-2,-1/100,1/100,True,True,2
-3,1,1,-2,-1/100,1/100,0,-1/100,1/100,True,True,2
-3,1,1,-2,-1/100,1/100,3,-1/25,1/25,True,True,2
-3,1,1,-2,-11/7,-5/7,-2,-1/16,65/16,False,True,10
-3,1,1,-2,-11/7,-5/7,0,-2,2,True,False,10
-3,1,1,-2,-11/7,-5/7,3,-5,-1,True,False,10
-3,1,1,-2,31/16,33/16,-2,-65/16,-63/16,False,True,2
-3,1,1,-2,31/16,33/16,0,-1/16,3/16,True,True,2
-3,1,1,-2,31/16,33/16,3,23/4,51/8,True,True,2
-3,1,1,-1,-2,2,-2,-4,4,True,True,36
-3,1,1,-1,-2,2,0,-1,1,True,True,36
-3,1,1,-1,-2,2,3,-6,6,True,True,36
-3,1,1,-1,0,1,-2,-3,0,True,True,10
-3,1,1,-1,0,1,0,-1,1,True,True,10
-3,1,1,-1,0,1,3,0,4,True,False,10
-3,1,1,-1,1/7,13/7,-2,-31/8,-1/8,False,True,17
-3,1,1,-1,1/7,13/7,0,-1,1,True,True,17
-3,1,1,-1,1/7,13/7,3,31/56,305/56,True,True,17
-3,1,1,-1,-3/4,-1/4,-2,1/4,3/4,True,True,6
-3,1,1,-1,-3/4,-1/4,0,-3/4,-1/4,True,True,6
-3,1,1,-1,-3/4,-1/4,3,-3,-1,True,True,6
-3,1,1,-1,1/2,1/2,-2,-1/2,-1/2,True,True,1
-3,1,1,-1,1/2,1/2,0,1/2,1/2,True,True,1
-3,1,1,-1,1/2,1/2,3,2,2,True,True,1
-3,1,1,-1,-1/2,-1/2,-2,1/2,1/2,True,True,1
-3,1,1,-1,-1/2,-1/2,0,-1/2,-1/2,True,True,1
-3,1,1,-1,-1/2,-1/2,3,-2,-2,True,True,1
-3,1,1,-1,0,0,-2,0,0,True,True,1
-3,1,1,-1,0,0,0,0,0,True,True,1
-3,1,1,-1,0,0,3,0,0,True,True,1
-3,1,1,-1,3/8,5/8,-2,-5/8,-3/8,True,True,4
-3,1,1,-1,3/8,5/8,0,3/8,5/8,True,True,4
-3,1,1,-1,3/8,5/8,3,3/2,5/2,True,True,4
-3,1,1,-1,-1/100,1/100,-2,-1/50,1/50,True,True,2
-3,1,1,-1,-1/100,1/100,0,0,0,True,True,2
-3,1,1,-1,-1/100,1/100,3,-3/100,3/100,True,True,2
-3,1,1,-1,-11/7,-5/7,-2,19/28,29/8,True,True,10
-3,1,1,-1,-11/7,-5/7,0,-1,1,True,True,10
-3,1,1,-1,-11/7,-5/7,3,-243/56,-2,True,False,10
-3,1,1,-1,31/16,33/16,-2,-33/8,-31/8,False,True,2
-3,1,1,-1,31/16,33/16,0,0,1/8,True,True,2
-3,1,1,-1,31/16,33/16,3,93/16,101/16,True,True,2
-3,1,1,0,-2,2,-2,-4,4,True,True,36
-3,1,1,0,-2,2,0,-1/16,1/16,False,True,36
-3,1,1,0,-2,2,3,-6,6,True,True,36
-3,1,1,0,0,1,-2,-2,0,True,True,10
-3,1,1,0,0,1,0,-1/16,1/16,False,True,10
-3,1,1,0,0,1,3,0,3,True,True,10
-3,1,1,0,1/7,13/7,-2,-207/56,-17/56,True,True,17
-3,1,1,0,1/7,13/7,0,-1/16,1/16,False,True,17
-3,1,1,0,1/7,13/7,3,23/56,313/56,True,True,17
-3,1,1,0,-3/4,-1/4,-2,1/2,3/2,True,True,6
-3,1,1,0,-3/4,-1/4,0,-1/16,1/16,False,True,6
-3,1,1,0,-3/4,-1/4,3,-9/4,-3/4,True,True,6
-3,1,1,0,1/2,1/2,-2,-1,-1,True,True,1
-3,1,1,0,1/2,1/2,0,0,0,True,True,1
-3,1,1,0,1/2,1/2,3,3/2,3/2,True,True,1
-3,1,1,0,-1/2,-1/2,-2,1,1,True,True,1
-3,1,1,0,-1/2,-1/2,0,0,0,True,True,1
-3,1,1,0,-1/2,-1/2,3,-3/2,-3/2,True,True,1
-3,1,1,0,0,0,-2,0,0,True,True,1
-3,1,1,0,0,0,0,0,0,True,True,1
-3,1,1,0,0,0,3,0,0,True,True,1
-3,1,1,0,3/8,5/8,-2,-5/4,-3/4,True,True,4
-3,1,1,0,3/8,5/8,0,-1/16,1/16,False,True,4
-3,1,1,0,3/8,5/8,3,9/8,15/8,True,True,4
-3,1,1,0,-1/100,1/100,-2,-3/100,3/100,True,True,2
-3,1,1,0,-1/100,1/100,0,-1/100,1/100,True,True,2
-3,1,1,0,-1/100,1/100,3,-1/50,1/50,True,True,2
-3,1,1,0,-11/7,-5/7,-2,39/28,51/16,True,True,10
-3,1,1,0,-11/7,-5/7,0,-1/16,1/16,False,True,10
-3,1,1,0,-11/7,-5/7,3,-267/56,-61/28,True,True,10
-3,1,1,0,31/16,33/16,-2,-67/16,-61/16,False,True,2
-3,1,1,0,31/16,33/16,0,-1/16,1/16,False,True,2
-3,1,1,0,31/16,33/16,3,47/8,25/4,True,True,2
-3,1,1,1,-2,2,-2,-4,4,True,True,36
-3,1,1,1,-2,2,0,-1,1,False,True,36
-3,1,1,1,-2,2,3,-6,6,True,True,36
-3,1,1,1,0,1,-2,-3,0,False,True,10
-3,1,1,1,0,1,0,-1,1,False,True,10
-3,1,1,1,0,1,3,0,4,True,True,10
-3,1,1,1,1/7,13/7,-2,-199/56,-25/56,True,True,17
-3,1,1,1,1/7,13/7,0,-1,1,False,True,17
-3,1,1,1,1/7,13/7,3,15/56,321/56,True,True,17
-3,1,1,1,-3/4,-1/4,-2,3/4,9/4,True,True,6
-3,1,1,1,-3/4,-1/4,0,1/4,3/4,True,True,6
-3,1,1,1,-3/4,-1/4,3,-3/2,-1/2,True,True,6
-3,1,1,1,1/2,1/2,-2,-3/2,-3/2,True,True,1
-3,1,1,1,1/2,1/2,0,-1/2,-1/2,True,True,1
-3,1,1,1,1/2,1/2,3,1,1,True,True,1
-3,1,1,1,-1/2,-1/2,-2,3/2,3/2,True,True,1
-3,1,1,1,-1/2,-1/2,0,1/2,1/2,True,True,1
-3,1,1,1,-1/2,-1/2,3,-1,-1,True,True,1
-3,1,1,1,0,0,-2,0,0,True,True,1
-3,1,1,1,0,0,0,0,0,True,True,1
-3,1,1,1,0,0,3,0,0,True,True,1
-3,1,1,1,3/8,5/8,-2,-15/8,-9/8,True,True,4
-3,1,1,1,3/8,5/8,0,-5/8,-3/8,True,True,4
-3,1,1,1,3/8,5/8,3,3/4,5/4,True,True,4
-3,1,1,1,-1/100,1/100,-2,-1/25,1/25,True,True,2
-3,1,1,1,-1/100,1/100,0,-1/50,1/50,True,True,2
-3,1,1,1,-1/100,1/100,3,-1/100,1/100,True,True,2
-3,1,1,1,-11/7,-5/7,-2,1,3,False,True,10
-3,1,1,1,-11/7,-5/7,0,-1,1,False,True,10
-3,1,1,1,-11/7,-5/7,3,-291/56,-41/28,True,True,10
-3,1,1,1,31/16,33/16,-2,-17/4,-15/4,False,True,2
-3,1,1,1,31/16,33/16,0,-1/8,1/8,False,True,2
-3,1,1,1,31/16,33/16,3,95/16,99/16,True,True,2
-3,1,1,2,-2,2,-2,-4,4,True,True,36
-3,1,1,2,-2,2,0,-2,2,False,True,36
-3,1,1,2,-2,2,3,-6,6,True,True,36
-3,1,1,2,0,1,-2,-4,0,False,True,10
-3,1,1,2,0,1,0,-2,2,False,True,10
-3,1,1,2,0,1,3,0,5,True,True,10
-3,1,1,2,1/7,13/7,-2,-4,0,False,True,17
-3,1,1,2,1/7,13/7,0,-2,2,False,True,17
-3,1,1,2,1/7,13/7,3,1/8,47/8,True,True,17
-3,1,1,2,-3/4,-1/4,-2,1,3,True,True,6
-3,1,1,2,-3/4,-1/4,0,1/2,3/2,True,True,6
-3,1,1,2,-3/4,-1/4,3,-3/4,-1/4,True,True,6
-3,1,1,2,1/2,1/2,-2,-2,-2,True,True,1
-3,1,1,2,1/2,1/2,0,-1,-1,True,True,1
-3,1,1,2,1/2,1/2,3,1/2,1/2,True,True,1
-3,1,1,2,-1/2,-1/2,-2,2,2,True,True,1
-3,1,1,2,-1/2,-1/2,0,1,1,True,True,1
-3,1,1,2,-1/2,-1/2,3,-1/2,-1/2,True,True,1
-3,1,1,2,0,0,-2,0,0,True,True,1
-3,1,1,2,0,0,0,0,0,True,True,1
-3,1,1,2,0,0,3,0,0,True,True,1
-3,1,1,2,3/8,5/8,-2,-5/2,-3/2,True,True,4
-3,1,1,2,3/8,5/8,0,-5/4,-3/4,True,True,4
-3,1,1,2,3/8,5/8,3,3/8,5/8,True,True,4
-3,1,1,2,-1/100,1/100,-2,-1/20,1/20,True,True,2
-3,1,1,2,-1/100,1/100,0,-3/100,3/100,True,True,2
-3,1,1,2,-1/100,1/100,3,0,0,True,True,2
-3,1,1,2,-11/7,-5/7,-2,0,4,False,True,10
-3,1,1,2,-11/7,-5/7,0,-2,2,False,True,10
-3,1,1,2,-11/7,-5/7,3,-45/8,-3/4,True,True,10
-3,1,1,2,31/16,33/16,-2,-69/16,-59/16,False,True,2
-3,1,1,2,31/16,33/16,0,-3/16,3/16,False,True,2
-3,1,1,2,31/16,33/16,3,6,49/8,True,True,2
-3,1,2,-2,-2,2,-2,-33/8,33/8,False,True,36
-3,1,2,-2,-2,2,0,-2,2,True,True,36
-3,1,2,-2,-2,2,3,-6,6,True,True,36
-3,1,2,-2,0,1,-2,-4,1/8,True,True,10
-3,1,2,-2,0,1,0,-2,2,True,True,10
-3,1,2,-2,0,1,3,0,5,True,False,10
-3,1,2,-2,1/7,13/7,-2,-33/8,1/8,False,True,17
-3,1,2,-2,1/7,13/7,0,-2,2,True,True,17
-3,1,2,-2,1/7,13/7,3,19/28,149/28,True,True,17
-3,1,2,-2,-3/4,-1/4,-2,-1/8,1/8,False,True,6
-3,1,2,-2,-3/4,-1/4,0,-3/2,-1/2,True,True,6
-3,1,2,-2,-3/4,-1/4,3,-15/4,-5/4,True,True,6
-3,1,2,-2,1/2,1/2,-2,0,0,True,True,1
-3,1,2,-2,1/2,1/2,0,1,1,True,True,1
-3,1,2,-2,1/2,1/2,3,5/2,5/2,True,True,1
-3,1,2,-2,-1/2,-1/2,-2,0,0,True,True,1
-3,1,2,-2,-1/2,-1/2,0,-1,-1,True,True,1
-3,1,2,-2,-1/2,-1/2,3,-5/2,-5/2,True,True,1
-3,1,2,-2,0,0,-2,0,0,True,True,1
-3,1,2,-2,0,0,0,0,0,True,True,1
-3,1,2,-2,0,0,3,0,0,True,True,1
-3,1,2,-2,3/8,5/8,-2,-1/8,1/8,False,True,4
-3,1,2,-2,3/8,5/8,0,3/4,5/4,True,True,4
-3,1,2,-2,3/8,5/8,3,15/8,25/8,True,True,4
-3,1,2,-2,-1/100,1/100,-2,-1/50,1/50,True,True,2
-3,1,2,-2,-1/100,1/100,0,0,0,True,True,2
-3,1,2,-2,-1/100,1/100,3,-3/100,3/100,True,True,2
-3,1,2,-2,-11/7,-5/7,-2,-1/8,33/8,False,True,10
-3,1,2,-2,-11/7,-5/7,0,-2,2,True,True,10
-3,1,2,-2,-11/7,-5/7,3,-5,-1,True,False,10
-3,1,2,-2,31/16,33/16,-2,-33/8,-31/8,False,True,2
-3,1,2,-2,31/16,33/16,0,0,1/4,True,True,2
-3,1,2,-2,31/16,33/16,3,93/16,103/16,True,True,2
-3,1,2,-1,-2,2,-2,-65/16,65/16,False,True,36
-3,1,2,-1,-2,2,0,-17/16,17/16,False,True,36
-3,1,2,-1,-2,2,3,-6,6,True,True,36
-3,1,2,-1,0,1,-2,-3,1/16,True,True,10
-3,1,2,-1,0,1,0,-1,17/16,True,True,10
-3,1,2,-1,0,1,3,0,4,True,False,10
-3,1,2,-1,1/7,13/7,-2,-63/16,-1/16,False,True,17
-3,1,2,-1,1/7,13/7,0,-17/16,17/16,False,True,17
-3,1,2,-1,1/7,13/7,3,15/28,153/28,True,True,17
-3,1,2,-1,-3/4,-1/4,-2,3/16,13/16,False,True,6
-3,1,2,-1,-3/4,-1/4,0,-13/16,-3/16,False,True,6
-3,1,2,-1,-3/4,-1/4,3,-3,-1,True,True,6
-3,1,2,-1,1/2,1/2,-2,-1/2,-1/2,True,True,1
-3,1,2,-1,1/2,1/2,0,1/2,1/2,True,True,1
-3,1,2,-1,1/2,1/2,3,2,2,True,True,1
-3,1,2,-1,-1/2,-1/2,-2,1/2,1/2,True,True,1
-3,1,2,-1,-1/2,-1/2,0,-1/2,-1/2,True,True,1
-3,1,2,-1,-1/2,-1/2,3,-2,-2,True,True,1
-3,1,2,-1,0,0,-2,0,0,True,True,1
-3,1,2,-1,0,0,0,0,0,True,True,1
-3,1,2,-1,0,0,3,0,0,True,True,1
-3,1,2,-1,3/8,5/8,-2,-11/16,-5/16,False,True,4
-3,1,2,-1,3/8,5/8,0,5/16,11/16,False,True,4
-3,1,2,-1,3/8,5/8,3,3/2,5/2,True,True,4
-3,1,2,-1,-1/100,1/100,-2,-3/100,3/100,True,True,2
-3,1,2,-1,-1/100,1/100,0,-1/100,1/100,True,True,2
-3,1,2,-1,-1/100,1/100,3,-1/50,1/50,True,True,2
-3,1,2,-1,-11/7,-5/7,-2,9/14,59/16,True,True,10
-3,1,2,-1,-11/7,-5/7,0,-17/16,17/16,False,True,10
-3,1,2,-1,-11/7,-5/7,3,-123/28,-2,True,False,10
-3,1,2,-1,31/16,33/16,-2,-67/16,-61/16,False,True,2
-3,1,2,-1,31/16,33/16,0,-1/16,3/16,False,True,2
-3,1,2,-1,31/16,33/16,3,47/8,51/8,True,True,2
-3,1,2,0,-2,2,-2,-4,4,True,True,36
-3,1,2,0,-2,2,0,-1/8,1/8,False,True,36
-3,1,2,0,-2,2,3,-6,6,True,True,36
-3,1,2,0,0,1,-2,-2,0,True,True,10
-3,1,2,0,0,1,0,-1/8,1/8,False,True,10
-3,1,2,0,0,1,3,0,3,True,True,10
-3,1,2,0,1/7,13/7,-2,-15/4,-1/4,False,True,17
-3,1,2,0,1/7,13/7,0,-1/8,1/8,False,True,17
-3,1,2,0,1/7,13/7,3,11/28,157/28,True,True,17
-3,1,2,0,-3/4,-1/4,-2,1/2,3/2,True,True,6
-3,1,2,0,-3/4,-1/4,0,-1/8,1/8,False,True,6
-3,1,2,0,-3/4,-1/4,3,-9/4,-3/4,True,True,6
-3,1,2,0,1/2,1/2,-2,-1,-1,True,True,1
-3,1,2,0,1/2,1/2,0,0,0,True,True,1
-3,1,2,0,1/2,1/2,3,3/2,3/2,True,True,1
-3,1,2,0,-1/2,-1/2,-2,1,1,True,True,1
-3,1,2,0,-1/2,-1/2,0,0,0,True,True,1
-3,1,2,0,-1/2,-1/2,3,-3/2,-3/2,True,True,1
-3,1,2,0,0,0,-2,0,0,True,True,1
-3,1,2,0,0,0,0,0,0,True,True,1
-3,1,2,0,0,0,3,0,0,True,True,1
-3,1,2,0,3/8,5/8,-2,-5/4,-3/4,True,True,4
-3,1,2,0,3/8,5/8,0,-1/8,1/8,False,True,4
-3,1,2,0,3/8,5/8,3,9/8,15/8,True,True,4
-3,1,2,0,-1/100,1/100,-2,-1/25,1/25,True,True,2
-3,1,2,0,-1/100,1/100,0,-1/50,1/50,True,True,2
-3,1,2,0,-1/100,1/100,3,-1/100,1/100,True,True,2
-3,1,2,0,-11/7,-5/7,-2,19/14,13/4,True,True,10
-3,1,2,0,-11/7,-5/7,0,-1/8,1/8,False,True,10
-3,1,2,0,-11/7,-5/7,3,-135/28,-31/14,True,True,10
-3,1,2,0,31/16,33/16,-2,-17/4,-15/4,False,True,2
-3,1,2,0,31/16,33/16,0,-1/8,1/8,False,True,2
-3,1,2,0,31/16,33/16,3,95/16,101/16,True,True,2
-3,1,2,1,-2,2,-2,-4,4,True,True,36
-3,1,2,1,-2,2,0,-17/16,17/16,False,True,36
-3,1,2,1,-2,2,3,-6,6,True,True,36
-3,1,2,1,0,1,-2,-3,0,False,True,10
-3,1,2,1,0,1,0,-17/16,1,False,True,10
-3,1,2,1,0,1,3,0,4,True,True,10
-3,1,2,1,1/7,13/7,-2,-57/16,-7/16,False,True,17
-3,1,2,1,1/7,13/7,0,-17/16,17/16,False,True,17
-3,1,2,1,1/7,13/7,3,1/4,23/4,True,True,17
-3,1,2,1,-3/4,-1/4,-2,3/4,9/4,True,True,6
-3,1,2,1,-3/4,-1/4,0,3/16,13/16,False,True,6
-3,1,2,1,-3/4,-1/4,3,-3/2,-1/2,True,True,6
-3,1,2,1,1/2,1/2,-2,-3/2,-3/2,True,True,1
-3,1,2,1,1/2,1/2,0,-1/2,-1/2,True,True,1
-3,1,2,1,1/2,1/2,3,1,1,True,True,1
-3,1,2,1,-1/2,-1/2,-2,3/2,3/2,True,True,1
-3,1,2,1,-1/2,-1/2,0,1/2,1/2,True,True,1
-3,1,2,1,-1/2,-1/2,3,-1,-1,True,True,1
-3,1,2,1,0,0,-2,0,0,True,True,1
-3,1,2,1,0,0,0,0,0,True,True,1
-3,1,2,1,0,0,3,0,0,True,True,1
-3,1,2,1,3/8,5/8,-2,-15/8,-9/8,True,True,4
-3,1,2,1,3/8,5/8,0,-11/16,-5/16,False,True,4
-3,1,2,1,3/8,5/8,3,3/4,5/4,True,True,4
-3,1,2,1,-1/100,1/100,-2,-1/20,1/20,True,True,2
-3,1,2,1,-1/100,1/100,0,-3/100,3/100,True,True,2
-3,1,2,1,-1/100,1/100,3,0,0,True,True,2
-3,1,2,1,-11/7,-5/7,-2,1,3,False,True,10
-3,1,2,1,-11/7,-5/7,0,-17/16,17/16,False,True,10
-3,1,2,1,-11/7,-5/7,3,-21/4,-3/2,True,True,10
-3,1,2,1,31/16,33/16,-2,-69/16,-59/16,False,True,2
-3,1,2,1,31/16,33/16,0,-3/16,3/16,False,True,2
-3,1,2,1,31/16,33/16,3,6,25/4,True,True,2
-3,1,2,2,-2,2,-2,-4,4,True,True,36
-3,1,2,2,-2,2,0,-2,2,False,True,36
-3,1,2,2,-2,2,3,-97/16,97/16,False,True,36
-3,1,2,2,0,1,-2,-4,0,False,True,10
-3,1,2,2,0,1,0,-2,2,False,True,10
-3,1,2,2,0,1,3,-1/16,5,False,True,10
-3,1,2,2,1/7,13/7,-2,-4,0,False,True,17
-3,1,2,2,1/7,13/7,0,-2,2,False,True,17
-3,1,2,2,1/7,13/7,3,1/16,95/16,False,True,17
-3,1,2,2,-3/4,-1/4,-2,1,3,True,True,6
-3,1,2,2,-3/4,-1/4,0,1/2,3/2,True,True,6
-3,1,2,2,-3/4,-1/4,3,-13/16,-3/16,False,True,6
-3,1,2,2,1/2,1/2,-2,-2,-2,True,True,1
-3,1,2,2,1/2,1/2,0,-1,-1,True,True,1
-3,1,2,2,1/2,1/2,3,1/2,1/2,True,True,1
-3,1,2,2,-1/2,-1/2,-2,2,2,True,True,1
-3,1,2,2,-1/2,-1/2,0,1,1,True,True,1
-3,1,2,2,-1/2,-1/2,3,-1/2,-1/2,True,True,1
-3,1,2,2,0,0,-2,0,0,True,True,1
-3,1,2,2,0,0,0,0,0,True,True,1
-3,1,2,2,0,0,3,0,0,True,True,1
-3,1,2,2,3/8,5/8,-2,-5/2,-3/2,True,True,4
-3,1,2,2,3/8,5/8,0,-5/4,-3/4,True,True,4
-3,1,2,2,3/8,5/8,3,5/16,11/16,False,True,4
-3,1,2,2,-1/100,1/100,-2,-3/50,3/50,True,True,2
-3,1,2,2,-1/100,1/100,0,-1/25,1/25,True,True,2
-3,1,2,2,-1/100,1/100,3,-1/100,1/100,True,True,2
-3,1,2,2,-11/7,-5/7,-2,0,4,False,True,10
-3,1,2,2,-11/7,-5/7,0,-2,2,False,True,10
-3,1,2,2,-11/7,-5/7,3,-91/16,-11/16,False,True,10
-3,1,2,2,31/16,33/16,-2,-35/8,-29/8,False,True,2
-3,1,2,2,31/16,33/16,0,-1/4,1/4,False,True,2
-3,1,2,2,31/16,33/16,3,95/16,99/16,False,True,2
-2,-1,-2,-2,-2,2,-2,-17/4,17/4,True,False,26
-2,-1,-2,-2,-2,2,0,-1/2,1/2,True,False,26
-2,-1,-2,-2,-2,2,3,-6,6,True,True,26
-2,-1,-2,-2,0,1,-2,-9/4,1/4,True,False,8
-2,-1,-2,-2,0,1,0,-1/2,1/2,True,False,8
-2,-1,-2,-2,0,1,3,0,3,True,True,8
-2,-1,-2,-2,1/7,13/7,-2,-4,0,True,False,12
-2,-1,-2,-2,1/7,13/7,0,-1/2,1/2,True,False,12
-2,-1,-2,-2,1/7,13/7,3,1/4,23/4,True,False,12
-2,-1,-2,-2,-3/4,-1/4,-2,0,5/4,True,False,4
-2,-1,-2,-2,-3/4,-1/4,0,-1/2,1/2,True,False,4
-2,-1,-2,-2,-3/4,-1/4,3,-11/4,-1/4,True,False,4
-2,-1,-2,-2,1/2,1/2,-2,-1,-1,True,True,1
-2,-1,-2,-2,1/2,1/2,0,0,0,True,True,1
-2,-1,-2,-2,1/2,1/2,3,3/2,3/2,True,True,1
-2,-1,-2,-2,-1/2,-1/2,-2,1,1,True,True,1
-2,-1,-2,-2,-1/2,-1/2,0,0,0,True,True,1
-2,-1,-2,-2,-1/2,-1/2,3,-3/2,-3/2,True,True,1
-2,-1,-2,-2,0,0,-2,0,0,True,True,1
-2,-1,-2,-2,0,0,0,0,0,True,True,1
-2,-1,-2,-2,0,0,3,0,0,True,True,1
-2,-1,-2,-2,3/8,5/8,-2,-5/4,-3/4,True,False,2
-2,-1,-2,-2,3/8,5/8,0,-1/2,1/2,True,False,2
-2,-1,-2,-2,3/8,5/8,3,5/8,19/8,True,False,2
-2,-1,-2,-2,-1/100,1/100,-2,-1/50,1/50,True,True,2
-2,-1,-2,-2,-1/100,1/100,0,-1/25,1/25,True,True,2
-2,-1,-2,-2,-1/100,1/100,3,-7/100,7/100,True,True,2
-2,-1,-2,-2,-11/7,-5/7,-2,1,13/4,True,False,7
-2,-1,-2,-2,-11/7,-5/7,0,-1/2,1/2,True,False,7
-2,-1,-2,-2,-11/7,-5/7,3,-5,-7/4,True,False,7
-2,-1,-2,-2,31/16,33/16,-2,-33/8,-31/8,True,True,2
-2,-1,-2,-2,31/16,33/16,0,-1/4,1/4,True,True,2
-2,-1,-2,-2,31/16,33/16,3,89/16,103/16,True,True,2
-2,-1,-2,-1,-2,2,-2,-33/8,33/8,True,False,26
-2,-1,-2,-1,-2,2,0,-3/8,3/8,True,False,26
-2,-1,-2,-1,-2,2,3,-6,6,True,True,26
-2,-1,-2,-1,0,1,-2,-17/8,1/8,True,False,8
-2,-1,-2,-1,0,1,0,-3/8,3/8,True,False,8
-2,-1,-2,-1,0,1,3,0,3,True,True,8
-2,-1,-2,-1,1/7,13/7,-2,-15/4,-1/4,True,False,12
-2,-1,-2,-1,1/7,13/7,0,-3/8,3/8,True,False,12
-2,-1,-2,-1,1/7,13/7,3,5/14,79/14,True,True,12
-2,-1,-2,-1,-3/4,-1/4,-2,1/4,11/8,True,False,4
-2,-1,-2,-1,-3/4,-1/4,0,-3/8,3/8,True,False,4
-2,-1,-2,-1,-3/4,-1/4,3,-5/2,-1/2,True,False,4
-2,-1,-2,-1,1/2,1/2,-2,-1,-1,True,True,1
-2,-1,-2,-1,1/2,1/2,0,0,0,True,True,1
-2,-1,-2,-1,1/2,1/2,3,3/2,3/2,True,True,1
-2,-1,-2,-1,-1/2,-1/2,-2,1,1,True,True,1
-2,-1,-2,-1,-1/2,-1/2,0,0,0,True,True,1
-2,-1,-2,-1,-1/2,-1/2,3,-3/2,-3/2,True,True,1
-2,-1,-2,-1,0,0,-2,0,0,True,True,1
-2,-1,-2,-1,0,0,0,0,0,True,True,1
-2,-1,-2,-1,0,0,3,0,0,True,True,1
-2,-1,-2,-1,3/8,5/8,-2,-11/8,-7/8,True,False,2
-2,-1,-2,-1,3/8,5/8,0,-3/8,3/8,True,False,2
-2,-1,-2,-1,3/8,5/8,3,3/4,9/4,True,False,2
-2,-1,-2,-1,-1/100,1/100,-2,-1/100,1/100,True,True,2
-2,-1,-2,-1,-1/100,1/100,0,-3/100,3/100,True,True,2
-2,-1,-2,-1,-1/100,1/100,3,-3/50,3/50,True,True,2
-2,-1,-2,-1,-11/7,-5/7,-2,5/4,25/8,True,False,7
-2,-1,-2,-1,-11/7,-5/7,0,-3/8,3/8,True,False,7
-2,-1,-2,-1,-11/7,-5/7,3,-69/14,-2,True,False,7
-2,-1,-2,-1,31/16,33/16,-2,-65/16,-63/16,True,True,2
-2,-1,-2,-1,31/16,33/16,0,-3/16,3/16,True,True,2
-2,-1,-2,-1,31/16,33/16,3,45/8,51/8,True,True,2
-2,-1,-2,0,-2,2,-2,-4,4,True,True,26
-2,-1,-2,0,-2,2,0,-1/4,1/4,True,False,26
-2,-1,-2,0,-2,2,3,-6,6,True,True,26
-2,-1,-2,0,0,1,-2,-2,0,True,True,8
-2,-1,-2,0,0,1,0,-1/4,1/4,True,False,8
-2,-1,-2,0,0,1,3,0,3,True,True,8
-2,-1,-2,0,1/7,13/7,-2,-7/2,-1/2,True,True,12
-2,-1,-2,0,1/7,13/7,0,-1/4,1/4,True,False,12
-2,-1,-2,0,1/7,13/7,3,3/14,81/14,True,True,12
-2,-1,-2,0,-3/4,-1/4,-2,1/2,3/2,True,True,4
-2,-1,-2,0,-3/4,-1/4,0,-1/4,1/4,True,False,4
-2,-1,-2,0,-3/4,-1/4,3,-9/4,-3/4,True,True,4
-2,-1,-2,0,1/2,1/2,-2,-1,-1,True,True,1
-2,-1,-2,0,1/2,1/2,0,0,0,True,True,1
-2,-1,-2,0,1/2,1/2,3,3/2,3/2,True,True,1
-2,-1,-2,0,-1/2,-1/2,-2,1,1,True,True,1
-2,-1,-2,0,-1/2,-1/2,0,0,0,True,True,1
-2,-1,-2,0,-1/2,-1/2,3,-3/2,-3/2,True,True,1
-2,-1,-2,0,0,0,-2,0,0,True,True,1
-2,-1,-2,0,0,0,0,0,0,True,True,1
-2,-1,-2,0,0,0,3,0,0,True,True,1
-2,-1,-2,0,3/8,5/8,-2,-3/2,-1,True,True,2
-2,-1,-2,0,3/8,5/8,0,-1/4,1/4,True,False,2
-2,-1,-2,0,3/8,5/8,3,7/8,17/8,True,False,2
-2,-1,-2,0,-1/100,1/100,-2,0,0,True,True,2
-2,-1,-2,0,-1/100,1/100,0,-1/50,1/50,True,True,2
-2,-1,-2,0,-1/100,1/100,3,-1/20,1/20,True,True,2
-2,-1,-2,0,-11/7,-5/7,-2,3/2,3,True,True,7
-2,-1,-2,0,-11/7,-5/7,0,-1/4,1/4,True,False,7
-2,-1,-2,0,-11/7,-5/7,3,-34/7,-29/14,True,True,7
-2,-1,-2,0,31/16,33/16,-2,-4,-4,True,True,2
-2,-1,-2,0,31/16,33/16,0,-1/8,1/8,True,True,2
-2,-1,-2,0,31/16,33/16,3,91/16,101/16,True,True,2
-2,-1,-2,1,-2,2,-2,-4,4,True,True,26
-2,-1,-2,1,-2,2,0,-3/8,3/8,True,False,26
-2,-1,-2,1,-2,2,3,-6,6,True,True,26
-2,-1,-2,1,0,1,-2,-2,0,True,True,8
-2,-1,-2,1,0,1,0,-3/8,3/8,True,False,8
-2,-1,-2,1,0,1,3,0,3,True,True,8
-2,-1,-2,1,1/7,13/7,-2,-15/4,-1/4,False,True,12
-2,-1,-2,1,1/7,13/7,0,-3/8,3/8,True,False,12
-2,-1,-2,1,1/7,13/7,3,1/14,83/14,True,True,12
-2,-1,-2,1,-3/4,-1/4,-2,1/4,7/4,False,True,4
-2,-1,-2,1,-3/4,-1/4,0,-3/8,3/8,True,False,4
-2,-1,-2,1,-3/4,-1/4,3,-2,-1/2,True,True,4
-2,-1,-2,1,1/2,1/2,-2,-1,-1,True,True,1
-2,-1,-2,1,1/2,1/2,0,0,0,True,True,1
-2,-1,-2,1,1/2,1/2,3,3/2,3/2,True,True,1
-2,-1,-2,1,-1/2,-1/2,-2,1,1,True,True,1
-2,-1,-2,1,-1/2,-1/2,0,0,0,True,True,1
-2,-1,-2,1,-1/2,-1/2,3,-3/2,-3/2,True,True,1
-2,-1,-2,1,0,0,-2,0,0,True,True,1
-2,-1,-2,1,0,0,0,0,0,True,True,1
-2,-1,-2,1,0,0,3,0,0,True,True,1
-2,-1,-2,1,3/8,5/8,-2,-13/8,-7/8,True,True,2
-2,-1,-2,1,3/8,5/8,0,-3/8,1/8,True,False,2
-2,-1,-2,1,3/8,5/8,3,1,2,True,False,2
-2,-1,-2,1,-1/100,1/100,-2,-1/100,1/100,True,True,2
-2,-1,-2,1,-1/100,1/100,0,-1/100,1/100,True,True,2
-2,-1,-2,1,-1/100,1/100,3,-1/25,1/25,True,True,2
-2,-1,-2,1,-11/7,-5/7,-2,5/4,43/14,False,True,7
-2,-1,-2,1,-11/7,-5/7,0,-3/8,3/8,True,False,7
-2,-1,-2,1,-11/7,-5/7,3,-67/14,-13/7,True,True,7
-2,-1,-2,1,31/16,33/16,-2,-65/16,-63/16,True,True,2
-2,-1,-2,1,31/16,33/16,0,-1/16,1/16,True,True,2
-2,-1,-2,1,31/16,33/16,3,23/4,25/4,True,True,2
-2,-1,-2,2,-2,2,-2,-4,4,True,True,26
-2,-1,-2,2,-2,2,0,-1/2,1/2,True,True,26
-2,-1,-2,2,-2,2,3,-49/8,49/8,True,False,26
-2,-1,-2,2,0,1,-2,-2,0,True,True,8
-2,-1,-2,2,0,1,0,-1/2,1/2,True,True,8
-2,-1,-2,2,0,1,3,-1/8,25/8,True,False,8
-2,-1,-2,2,1/7,13/7,-2,-4,0,False,True,12
-2,-1,-2,2,1/7,13/7,0,-1/2,1/2,True,True,12
-2,-1,-2,2,1/7,13/7,3,-1/14,85/14,True,True,12
-2,-1,-2,2,-3/4,-1/4,-2,0,2,False,True,4
-2,-1,-2,2,-3/4,-1/4,0,-1/2,1/2,True,True,4
-2,-1,-2,2,-3/4,-1/4,3,-15/8,-1/4,True,True,4
-2,-1,-2,2,1/2,1/2,-2,-1,-1,True,True,1
-2,-1,-2,2,1/2,1/2,0,0,0,True,True,1
-2,-1,-2,2,1/2,1/2,3,3/2,3/2,True,True,1
-2,-1,-2,2,-1/2,-1/2,-2,1,1,True,True,1
-2,-1,-2,2,-1/2,-1/2,0,0,0,True,True,1
-2,-1,-2,2,-1/2,-1/2,3,-3/2,-3/2,True,True,1
-2,-1,-2,2,0,0,-2,0,0,True,True,1
-2,-1,-2,2,0,0,0,0,0,True,True,1
-2,-1,-2,2,0,0,3,0,0,True,True,1
-2,-1,-2,2,3/8,5/8,-2,-7/4,-3/4,True,True,2
-2,-1,-2,2,3/8,5/8,0,-1/2,0,True,True,2
-2,-1,-2,2,3/8,5/8,3,9/8,15/8,True,False,2
-2,-1,-2,2,-1/100,1/100,-2,-1/50,1/50,True,True,2
-2,-1,-2,2,-1/100,1/100,0,0,0,True,True,2
-2,-1,-2,2,-1/100,1/100,3,-3/100,3/100,True,True,2
-2,-1,-2,2,-11/7,-5/7,-2,1,22/7,False,True,7
-2,-1,-2,2,-11/7,-5/7,0,-1/2,1/2,True,True,7
-2,-1,-2,2,-11/7,-5/7,3,-33/7,-23/14,True,True,7
-2,-1,-2,2,31/16,33/16,-2,-33/8,-31/8,True,True,2
-2,-1,-2,2,31/16,33/16,0,0,0,True,True,2
-2,-1,-2,2,31/16,33/16,3,93/16,99/16,True,True,2
-2,-1,-1,-2,-2,2,-2,-33/8,33/8,True,False,26
-2,-1,-1,-2,-2,2,0,-1/2,1/2,True,False,26
-2,-1,-1,-2,-2,2,3,-6,6,True,True,26
-2,-1,-1,-2,0,1,-2,-17/8,1/8,True,False,8
-2,-1,-1,-2,0,1,0,-1/2,1/2,True,False,8
-2,-1,-1,-2,0,1,3,0,3,True,True,8
-2,-1,-1,-2,1/7,13/7,-2,-4,0,True,False,12
-2,-1,-1,-2,1/7,13/7,0,-1/2,1/2,True,False,12
-2,-1,-1,-2,1/7,13/7,3,1/4,23/4,True,False,12
-2,-1,-1,-2,-3/4,-1/4,-2,0,9/8,True,False,4
-2,-1,-1,-2,-3/4,-1/4,0,-1/2,1/2,True,False,4
-2,-1,-1,-2,-3/4,-1/4,3,-11/4,-1/4,True,False,4
-2,-1,-1,-2,1/2,1/2,-2,-1,-1,True,True,1
-2,-1,-1,-2,1/2,1/2,0,0,0,True,True,1
-2,-1,-1,-2,1/2,1/2,3,3/2,3/2,True,True,1
-2,-1,-1,-2,-1/2,-1/2,-2,1,1,True,True,1
-2,-1,-1,-2,-1/2,-1/2,0,0,0,True,True,1
-2,-1,-1,-2,-1/2,-1/2,3,-3/2,-3/2,True,True,1
-2,-1,-1,-2,0,0,-2,0,0,True,True,1
-2,-1,-1,-2,0,0,0,0,0,True,True,1
-2,-1,-1,-2,0,0,3,0,0,True,True,1
-2,-1,-1,-2,3/8,5/8,-2,-9/8,-7/8,True,False,2
-2,-1,-1,-2,3/8,5/8,0,-3/8,3/8,True,False,2
-2,-1,-1,-2,3/8,5/8,3,3/4,9/4,True,False,2
-2,-1,-1,-2,-1/100,1/100,-2,-1/100,1/100,True,True,2
-2,-1,-1,-2,-1/100,1/100,0,-3/100,3/100,True,True,2
-2,-1,-1,-2,-1/100,1/100,3,-3/50,3/50,True,True,2
-2,-1,-1,-2,-11/7,-5/7,-2,1,25/8,True,False,7
-2,-1,-1,-2,-11/7,-5/7,0,-1/2,1/2,True,False,7
-2,-1,-1,-2,-11/7,-5/7,3,-69/14,-7/4,True,False,7
-2,-1,-1,-2,31/16,33/16,-2,-65/16,-63/16,True,True,2
-2,-1,-1,-2,31/16,33/16,0,-3/16,3/16,True,True,2
-2,-1,-1,-2,31/16,33/16,3,45/8,51/8,True,True,2
-2,-1,-1,-1,-2,2,-2,-4,4,True,True,26
-2,-1,-1,-1,-2,2,0,-1/4,1/4,True,False,26
-2,-1,-1,-1,-2,2,3,-6,6,True,True,26
-2,-1,-1,-1,0,1,-2,-2,0,True,True,8
-2,-1,-1,-1,0,1,0,-1/4,1/4,True,False,8
-2,-1,-1,-1,0,1,3,0,3,True,True,8
-2,-1,-1,-1,1/7,13/7,-2,-15/4,-1/4,True,True,12
-2,-1,-1,-1,1/7,13/7,0,-1/4,1/4,True,False,12
-2,-1,-1,-1,1/7,13/7,3,13/28,155/28,True,True,12
-2,-1,-1,-1,-3/4,-1/4,-2,1/4,5/4,True,True,4
-2,-1,-1,-1,-3/4,-1/4,0,-1/4,1/4,True,False,4
-2,-1,-1,-1,-3/4,-1/4,3,-5/2,-1/2,True,False,4
-2,-1,-1,-1,1/2,1/2,-2,-1,-1,True,True,1
-2,-1,-1,-1,1/2,1/2,0,0,0,True,True,1
-2,-1,-1,-1,1/2,1/2,3,3/2,3/2,True,True,1
-2,-1,-1,-1,-1/2,-1/2,-2,1,1,True,True,1
-2,-1,-1,-1,-1/2,-1/2,0,0,0,True,True,1
-2,-1,-1,-1,-1/2,-1/2,3,-3/2,-3/2,True,True,1
-2,-1,-1,-1,0,0,-2,0,0,True,True,1
-2,-1,-1,-1,0,0,0,0,0,True,True,1
-2,-1,-1,-1,0,0,3,0,0,True,True,1
-2,-1,-1,-1,3/8,5/8,-2,-5/4,-1,True,True,2
-2,-1,-1,-1,3/8,5/8,0,-1/4,1/4,True,False,2
-2,-1,-1,-1,3/8,5/8,3,7/8,17/8,True,False,2
-2,-1,-1,-1,-1/100,1/100,-2,0,0,True,True,2
-2,-1,-1,-1,-1/100,1/100,0,-1/50,1/50,True,True,2
-2,-1,-1,-1,-1/100,1/100,3,-1/20,1/20,True,True,2
-2,-1,-1,-1,-11/7,-5/7,-2,5/4,3,True,True,7
-2,-1,-1,-1,-11/7,-5/7,0,-1/4,1/4,True,False,7
-2,-1,-1,-1,-11/7,-5/7,3,-34/7,-2,True,False,7
-2,-1,-1,-1,31/16,33/16,-2,-4,-4,True,True,2
-2,-1,-1,-1,31/16,33/16,0,-1/8,1/8,True,True,2
-2,-1,-1,-1,31/16,33/16,3,91/16,101/16,True,True,2
-2,-1,-1,0,-2,2,-2,-4,4,True,True,26
-2,-1,-1,0,-2,2,0,-1/8,1/8,True,False,26
-2,-1,-1,0,-2,2,3,-6,6,True,True,26
-2,-1,-1,0,0,1,-2,-2,0,True,True,8
-2,-1,-1,0,0,1,0,-1/8,1/8,True,False,8
-2,-1,-1,0,0,1,3,0,3,True,True,8
-2,-1,-1,0,1/7,13/7,-2,-101/28,-11/28,True,True,12
-2,-1,-1,0,1/7,13/7,0,-1/8,1/8,True,False,12
-2,-1,-1,0,1/7,13/7,3,9/28,159/28,True,True,12
-2,-1,-1,0,-3/4,-1/4,-2,1/2,3/2,True,True,4
-2,-1,-1,0,-3/4,-1/4,0,-1/8,1/8,True,False,4
-2,-1,-1,0,-3/4,-1/4,3,-9/4,-3/4,True,True,4
-2,-1,-1,0,1/2,1/2,-2,-1,-1,True,True,1
-2,-1,-1,0,1/2,1/2,0,0,0,True,True,1
-2,-1,-1,0,1/2,1/2,3,3/2,3/2,True,True,1
-2,-1,-1,0,-1/2,-1/2,-2,1,1,True,True,1
-2,-1,-1,0,-1/2,-1/2,0,0,0,True,True,1
-2,-1,-1,0,-1/2,-1/2,3,-3/2,-3/2,True,True,1
-2,-1,-1,0,0,0,-2,0,0,True,True,1
-2,-1,-1,0,0,0,0,0,0,True,True,1
-2,-1,-1,0,0,0,3,0,0,True,True,1
-2,-1,-1,0,3/8,5/8,-2,-11/8,-7/8,True,True,2
-2,-1,-1,0,3/8,5/8,0,-1/8,1/8,True,False,2
-2,-1,-1,0,3/8,5/8,3,1,2,True,False,2
-2,-1,-1,0,-1/100,1/100,-2,-1/100,1/100,True,True,2
-2,-1,-1,0,-1/100,1/100,0,-1/100,1/100,True,True,2
-2,-1,-1,0,-1/100,1/100,3,-1/25,1/25,True,True,2
-2,-1,-1,0,-11/7,-5/7,-2,41/28,43/14,True,True,7
-2,-1,-1,0,-11/7,-5/7,0,-1/8,1/8,True,False,7
-2,-1,-1,0,-11/7,-5/7,3,-67/14,-59/28,True,True,7
-2,-1,-1,0,31/16,33/16,-2,-65/16,-63/16,True,True,2
-2,-1,-1,0,31/16,33/16,0,-1/16,1/16,True,True,2
-2,-1,-1,0,31/16,33/16,3,23/4,25/4,True,True,2
-2,-1,-1,1,-2,2,-2,-4,4,True,True,26
-2,-1,-1,1,-2,2,0,-1/4,1/4,True,True,26
-2,-1,-1,1,-2,2,3,-6,6,True,True,26
-2,-1,-1,1,0,1,-2,-2,0,True,True,8
-2,-1,-1,1,0,1,0,-1/4,1/4,True,True,8
-2,-1,-1,1,0,1,3,0,3,True,True,8
-2,-1,-1,1,1/7,13/7,-2,-15/4,-1/4,False,True,12
-2,-1,-1,1,1/7,13/7,0,-1/4,1/4,True,True,12
-2,-1,-1,1,1/7,13/7,3,5/28,163/28,True,True,12
-2,-1,-1,1,-3/4,-1/4,-2,1/4,7/4,False,True,4
-2,-1,-1,1,-3/4,-1/4,0,-1/4,1/4,True,True,4
-2,-1,-1,1,-3/4,-1/4,3,-2,-1/2,True,True,4
-2,-1,-1,1,1/2,1/2,-2,-1,-1,True,True,1
-2,-1,-1,1,1/2,1/2,0,0,0,True,True,1
-2,-1,-1,1,1/2,1/2,3,3/2,3/2,True,True,1
-2,-1,-1,1,-1/2,-1/2,-2,1,1,True,True,1
-2,-1,-1,1,-1/2,-1/2,0,0,0,True,True,1
-2,-1,-1,1,-1/2,-1/2,3,-3/2,-3/2,True,True,1
-2,-1,-1,1,0,0,-2,0,0,True,True,1
-2,-1,-1,1,0,0,0,0,0,True,True,1
-2,-1,-1,1,0,0,3,0,0,True,True,1
-2,-1,-1,1,3/8,5/8,-2,-3/2,-3/4,True,True,2
-2,-1,-1,1,3/8,5/8,0,-1/4,0,True,True,2
-2,-1,-1,1,3/8,5/8,3,9/8,15/8,True,False,2
-2,-1,-1,1,-1/100,1/100,-2,-1/50,1/50,True,True,2
-2,-1,-1,1,-1/100,1/100,0,0,0,True,True,2
-2,-1,-1,1,-1/100,1/100,3,-3/100,3/100,True,True,2
-2,-1,-1,1,-11/7,-5/7,-2,5/4,22/7,False,True,7
-2,-1,-1,1,-11/7,-5/7,0,-1/4,1/4,True,True,7
-2,-1,-1,1,-11/7,-5/7,3,-33/7,-53/28,True,True,7
-2,-1,-1,1,31/16,33/16,-2,-33/8,-31/8,True,True,2
-2,-1,-1,1,31/16,33/16,0,0,0,True,True,2
-2,-1,-1,1,31/16,33/16,3,93/16,99/16,True,True,2
-2,-1,-1,2,-2,2,-2,-4,4,True,True,26
-2,-1,-1,2,-2,2,0,-1/2,1/2,False,True,26
-2,-1,-1,2,-2,2,3,-6,6,True,True,26
-2,-1,-1,2,0,1,-2,-2,0,True,True,8
-2,-1,-1,2,0,1,0,-1/2,1/2,False,True,8
-2,-1,-1,2,0,1,3,0,3,True,True,8
-2,-1,-1,2,1/7,13/7,-2,-4,0,False,True,12
-2,-1,-1,2,1/7,13/7,0,-1/2,1/2,False,True,12
-2,-1,-1,2,1/7,13/7,3,1/28,167/28,True,True,12
-2,-1,-1,2,-3/4,-1/4,-2,0,2,False,True,4
-2,-1,-1,2,-3/4,-1/4,0,-1/2,1/2,False,True,4
-2,-1,-1,2,-3/4,-1/4,3,-7/4,-1/4,True,True,4
-2,-1,-1,2,1/2,1/2,-2,-1,-1,True,True,1
-2,-1,-1,2,1/2,1/2,0,0,0,True,True,1
-2,-1,-1,2,1/2,1/2,3,3/2,3/2,True,True,1
-2,-1,-1,2,-1/2,-1/2,-2,1,1,True,True,1
-2,-1,-1,2,-1/2,-1/2,0,0,0,True,True,1
-2,-1,-1,2,-1/2,-1/2,3,-3/2,-3/2,True,True,1
-2,-1,-1,2,0,0,-2,0,0,True,True,1
-2,-1,-1,2,0,0,0,0,0,True,True,1
-2,-1,-1,2,0,0,3,0,0,True,True,1
-2,-1,-1,2,3/8,5/8,-2,-13/8,-5/8,True,True,2
-2,-1,-1,2,3/8,5/8,0,-3/8,1/8,True,True,2
-2,-1,-1,2,3/8,5/8,3,5/4,7/4,True,False,2
-2,-1,-1,2,-1/100,1/100,-2,-3/100,3/100,True,True,2
-2,-1,-1,2,-1/100,1/100,0,-1/100,1/100,True,True,2
-2,-1,-1,2,-1/100,1/100,3,-1/50,1/50,True,True,2
-2,-1,-1,2,-11/7,-5/7,-2,1,45/14,False,True,7
-2,-1,-1,2,-11/7,-5/7,0,-1/2,1/2,False,True,7
-2,-1,-1,2,-11/7,-5/7,3,-65/14,-47/28,True,True,7
-2,-1,-1,2,31/16,33/16,-2,-67/16,-61/16,True,True,2
-2,-1,-1,2,31/16,33/16,0,-1/16,1/16,True,True,2
-2,-1,-1,2,31/16,33/16,3,47/8,49/8,True,True,2
-2,-1,0,-2,-2,2,-2,-4,4,True,True,26
-2,-1,0,-2,-2,2,0,-1/2,1/2,True,False,26
-2,-1,0,-2,-2,2,3,-6,6,True,True,26
-2,-1,0,-2,0,1,-2,-2,0,True,True,8
-2,-1,0,-2,0,1,0,-1/2,1/2,True,False,8
-2,-1,0,-2,0,1,3,0,3,True,True,8
-2,-1,0,-2,1/7,13/7,-2,-4,0,True,True,12
-2,-1,0,-2,1/7,13/7,0,-1/2,1/2,True,False,12
-2,-1,0,-2,1/7,13/7,3,1/4,23/4,True,False,12
-2,-1,0,-2,-3/4,-1/4,-2,0,1,True,True,4
-2,-1,0,-2,-3/4,-1/4,0,-1/2,1/2,True,False,4
-2,-1,0,-2,-3/4,-1/4,3,-11/4,-1/4,True,False,4
-2,-1,0,-2,1/2,1/2,-2,-1,-1,True,True,1
-2,-1,0,-2,1/2,1/2,0,0,0,True,True,1
-2,-1,0,-2,1/2,1/2,3,3/2,3/2,True,True,1
-2,-1,0,-2,-1/2,-1/2,-2,1,1,True,True,1
-2,-1,0,-2,-1/2,-1/2,0,0,0,True,True,1
-2,-1,0,-2,-1/2,-1/2,3,-3/2,-3/2,True,True,1
-2,-1,0,-2,0,0,-2,0,0,True,True,1
-2,-1,0,-2,0,0,0,0,0,True,True,1
-2,-1,0,-2,0,0,3,0,0,True,True,1
-2,-1,0,-2,3/8,5/8,-2,-1,-1,True,True,2
-2,-1,0,-2,3/8,5/8,0,-1/4,1/4,True,True,2
-2,-1,0,-2,3/8,5/8,3,7/8,17/8,True,True,2
-2,-1,0,-2,-1/100,1/100,-2,0,0,True,True,2
-2,-1,0,-2,-1/100,1/100,0,-1/50,1/50,True,True,2
-2,-1,0,-2,-1/100,1/100,3,-1/20,1/20,True,True,2
-2,-1,0,-2,-11/7,-5/7,-2,1,3,True,True,7
-2,-1,0,-2,-11/7,-5/7,0,-1/2,1/2,True,False,7
-2,-1,0,-2,-11/7,-5/7,3,-34/7,-7/4,True,False,7
-2,-1,0,-2,31/16,33/16,-2,-4,-4,True,True,2
-2,-1,0,-2,31/16,33/16,0,-1/8,1/8,True,True,2
-2,-1,0,-2,31/16,33/16,3,91/16,101/16,True,True,2
-2,-1,0,-1,-2,2,-2,-4,4,True,True,26
-2,-1,0,-1,-2,2,0,-1/4,1/4,True,False,26
-2,-1,0,-1,-2,2,3,-6,6,True,True,26
-2,-1,0,-1,0,1,-2,-2,0,True,True,8
-2,-1,0,-1,0,1,0,-1/4,1/4,True,False,8
-2,-1,0,-1,0,1,3,0,3,True,True,8
-2,-1,0,-1,1/7,13/7,-2,-27/7,-1/7,True,True,12
-2,-1,0,-1,1/7,13/7,0,-1/4,1/4,True,False,12
-2,-1,0,-1,1/7,13/7,3,1/2,11/2,True,False,12
-2,-1,0,-1,-3/4,-1/4,-2,1/4,5/4,True,True,4
-2,-1,0,-1,-3/4,-1/4,0,-1/4,1/4,True,False,4
-2,-1,0,-1,-3/4,-1/4,3,-5/2,-1/2,True,False,4
-2,-1,0,-1,1/2,1/2,-2,-1,-1,True,True,1
-2,-1,0,-1,1/2,1/2,0,0,0,True,True,1
-2,-1,0,-1,1/2,1/2,3,3/2,3/2,True,True,1
-2,-1,0,-1,-1/2,-1/2,-2,1,1,True,True,1
-2,-1,0,-1,-1/2,-1/2,0,0,0,True,True,1
-2,-1,0,-1,-1/2,-1/2,3,-3/2,-3/2,True,True,1
-2,-1,0,-1,0,0,-2,0,0,True,True,1
-2,-1,0,-1,0,0,0,0,0,True,True,1
-2,-1,0,-1,0,0,3,0,0,True,True,1
-2,-1,0,-1,3/8,5/8,-2,-9/8,-7/8,True,True,2
-2,-1,0,-1,3/8,5/8,0,-1/8,1/8,True,True,2
-2,-1,0,-1,3/8,5/8,3,1,2,True,True,2
-2,-1,0,-1,-1/100,1/100,-2,-1/100,1/100,True,True,2
-2,-1,0,-1,-1/100,1/100,0,-1/100,1/100,True,True,2
-2,-1,0,-1,-1/100,1/100,3,-1/25,1/25,True,True,2
-2,-1,0,-1,-11/7,-5/7,-2,17/14,43/14,True,True,7
-2,-1,0,-1,-11/7,-5/7,0,-1/4,1/4,True,False,7
-2,-1,0,-1,-11/7,-5/7,3,-67/14,-2,True,False,7
-2,-1,0,-1,31/16,33/16,-2,-65/16,-63/16,True,True,2
-2,-1,0,-1,31/16,33/16,0,-1/16,1/16,True,True,2
-2,-1,0,-1,31/16,33/16,3,23/4,25/4,True,True,2
-2,-1,0,0,-2,2,-2,-4,4,True,True,26
-2,-1,0,0,-2,2,0,0,0,True,True,26
-2,-1,0,0,-2,2,3,-6,6,True,True,26
-2,-1,0,0,0,1,-2,-2,0,True,True,8
-2,-1,0,0,0,1,0,0,0,True,True,8
-2,-1,0,0,0,1,3,0,3,True,True,8
-2,-1,0,0,1/7,13/7,-2,-26/7,-2/7,True,True,12
-2,-1,0,0,1/7,13/7,0,0,0,True,True,12
-2,-1,0,0,1/7,13/7,3,3/7,39/7,True,True,12
-2,-1,0,0,-3/4,-1/4,-2,1/2,3/2,True,True,4
-2,-1,0,0,-3/4,-1/4,0,0,0,True,True,4
-2,-1,0,0,-3/4,-1/4,3,-9/4,-3/4,True,True,4
-2,-1,0,0,1/2,1/2,-2,-1,-1,True,True,1
-2,-1,0,0,1/2,1/2,0,0,0,True,True,1
-2,-1,0,0,1/2,1/2,3,3/2,3/2,True,True,1
-2,-1,0,0,-1/2,-1/2,-2,1,1,True,True,1
-2,-1,0,0,-1/2,-1/2,0,0,0,True,True,1
-2,-1,0,0,-1/2,-1/2,3,-3/2,-3/2,True,True,1
-2,-1,0,0,0,0,-2,0,0,True,True,1
-2,-1,0,0,0,0,0,0,0,True,True,1
-2,-1,0,0,0,0,3,0,0,True,True,1
-2,-1,0,0,3/8,5/8,-2,-5/4,-3/4,True,True,2
-2,-1,0,0,3/8,5/8,0,0,0,True,True,2
-2,-1,0,0,3/8,5/8,3,9/8,15/8,True,True,2
-2,-1,0,0,-1/100,1/100,-2,-1/50,1/50,True,True,2
-2,-1,0,0,-1/100,1/100,0,0,0,True,True,2
-2,-1,0,0,-1/100,1/100,3,-3/100,3/100,True,True,2
-2,-1,0,0,-11/7,-5/7,-2,10/7,22/7,True,True,7
-2,-1,0,0,-11/7,-5/7,0,0,0,True,True,7
-2,-1,0,0,-11/7,-5/7,3,-33/7,-15/7,True,True,7
-2,-1,0,0,31/16,33/16,-2,-33/8,-31/8,True,True,2
-2,-1,0,0,31/16,33/16,0,0,0,True,True,2
-2,-1,0,0,31/16,33/16,3,93/16,99/16,True,True,2
-2,-1,0,1,-2,2,-2,-4,4,True,True,26
-2,-1,0,1,-2,2,0,-1/4,1/4,False,True,26
-2,-1,0,1,-2,2,3,-6,6,True,True,26
-2,-1,0,1,0,1,-2,-2,0,True,True,8
-2,-1,0,1,0,1,0,-1/4,1/4,False,True,8
-2,-1,0,1,0,1,3,0,3,True,True,8
-2,-1,0,1,1/7,13/7,-2,-15/4,-1/4,False,True,12
-2,-1,0,1,1/7,13/7,0,-1/4,1/4,False,True,12
-2,-1,0,1,1/7,13/7,3,2/7,40/7,True,True,12
-2,-1,0,1,-3/4,-1/4,-2,1/4,7/4,False,True,4
-2,-1,0,1,-3/4,-1/4,0,-1/4,1/4,False,True,4
-2,-1,0,1,-3/4,-1/4,3,-2,-1/2,True,True,4
-2,-1,0,1,1/2,1/2,-2,-1,-1,True,True,1
-2,-1,0,1,1/2,1/2,0,0,0,True,True,1
-2,-1,0,1,1/2,1/2,3,3/2,3/2,True,True,1
-2,-1,0,1,-1/2,-1/2,-2,1,1,True,True,1
-2,-1,0,1,-1/2,-1/2,0,0,0,True,True,1
-2,-1,0,1,-1/2,-1/2,3,-3/2,-3/2,True,True,1
-2,-1,0,1,0,0,-2,0,0,True,True,1
-2,-1,0,1,0,0,0,0,0,True,True,1
-2,-1,0,1,0,0,3,0,0,True,True,1
-2,-1,0,1,3/8,5/8,-2,-11/8,-5/8,True,True,2
-2,-1,0,1,3/8,5/8,0,-1/8,1/8,True,True,2
-2,-1,0,1,3/8,5/8,3,5/4,7/4,True,True,2
-2,-1,0,1,-1/100,1/100,-2,-3/100,3/100,True,True,2
-2,-1,0,1,-1/100,1/100,0,-1/100,1/100,True,True,2
-2,-1,0,1,-1/100,1/100,3,-1/50,1/50,True,True,2
-2,-1,0,1,-11/7,-5/7,-2,5/4,45/14,False,True,7
-2,-1,0,1,-11/7,-5/7,0,-1/4,1/4,False,True,7
-2,-1,0,1,-11/7,-5/7,3,-65/14,-27/14,True,True,7
-2,-1,0,1,31/16,33/16,-2,-67/16,-61/16,True,True,2
-2,-1,0,1,31/16,33/16,0,-1/16,1/16,True,True,2
-2,-1,0,1,31/16,33/16,3,47/8,49/8,True,True,2
-2,-1,0,2,-2,2,-2,-4,4,True,True,26
-2,-1,0,2,-2,2,0,-1/2,1/2,False,True,26
-2,-1,0,2,-2,2,3,-6,6,True,True,26
-2,-1,0,2,0,1,-2,-2,0,True,True,8
-2,-1,0,2,0,1,0,-1/2,1/2,False,True,8
-2,-1,0,2,0,1,3,0,3,True,True,8
-2,-1,0,2,1/7,13/7,-2,-4,0,False,True,12
-2,-1,0,2,1/7,13/7,0,-1/2,1/2,False,True,12
-2,-1,0,2,1/7,13/7,3,1/7,41/7,True,True,12
-2,-1,0,2,-3/4,-1/4,-2,0,2,False,True,4
-2,-1,0,2,-3/4,-1/4,0,-1/2,1/2,False,True,4
-2,-1,0,2,-3/4,-1/4,3,-7/4,-1/4,True,True,4
-2,-1,0,2,1/2,1/2,-2,-1,-1,True,True,1
-2,-1,0,2,1/2,1/2,0,0,0,True,True,1
-2,-1,0,2,1/2,1/2,3,3/2,3/2,True,True,1
-2,-1,0,2,-1/2,-1/2,-2,1,1,True,True,1
-2,-1,0,2,-1/2,-1/2,0,0,0,True,True,1
-2,-1,0,2,-1/2,-1/2,3,-3/2,-3/2,True,True,1
-2,-1,0,2,0,0,-2,0,0,True,True,1
-2,-1,0,2,0,0,0,0,0,True,True,1
-2,-1,0,2,0,0,3,0,0,True,True,1
-2,-1,0,2,3/8,5/8,-2,-3/2,-1/2,True,True,2
-2,-1,0,2,3/8,5/8,0,-1/4,1/4,True,True,2
-2,-1,0,2,3/8,5/8,3,11/8,13/8,True,True,2
-2,-1,0,2,-1/100,1/100,-2,-1/25,1/25,True,True,2
-2,-1,0,2,-1/100,1/100,0,-1/50,1/50,True,True,2
-2,-1,0,2,-1/100,1/100,3,-1/100,1/100,True,True,2
-2,-1,0,2,-11/7,-5/7,-2,1,23/7,False,True,7
-2,-1,0,2,-11/7,-5/7,0,-1/2,1/2,False,True,7
-2,-1,0,2,-11/7,-5/7,3,-32/7,-12/7,True,True,7
-2,-1,0,2,31/16,33/16,-2,-17/4,-15/4,True,True,2
-2,-1,0,2,31/16,33/16,0,-1/8,1/8,True,True,2
-2,-1,0,2,31/16,33/16,3,95/16,97/16,True,True,2
-2,-1,1,-2,-2,2,-2,-33/8,33/8,False,True,26
-2,-1,1,-2,-2,2,0,-1/2,1/2,True,False,26
-2,-1,1,-2,-2,2,3,-6,6,True,True,26
-2,-1,1,-2,0,1,-2,-17/8,1/8,False,True,8
-2,-1,1,-2,0,1,0,-1/2,1/2,True,False,8
-2,-1,1,-2,0,1,3,0,3,True,True,8
-2,-1,1,-2,1/7,13/7,-2,-115/28,3/28,True,True,12
-2,-1,1,-2,1/7,13/7,0,-1/2,1/2,True,False,12
-2,-1,1,-2,1/7,13/7,3,1/4,23/4,True,False,12
-2,-1,1,-2,-3/4,-1/4,-2,0,9/8,True,True,4
-2,-1,1,-2,-3/4,-1/4,0,-1/2,1/2,True,False,4
-2,-1,1,-2,-3/4,-1/4,3,-11/4,-1/4,True,False,4
-2,-1,1,-2,1/2,1/2,-2,-1,-1,True,True,1
-2,-1,1,-2,1/2,1/2,0,0,0,True,True,1
-2,-1,1,-2,1/2,1/2,3,3/2,3/2,True,True,1
-2,-1,1,-2,-1/2,-1/2,-2,1,1,True,True,1
-2,-1,1,-2,-1/2,-1/2,0,0,0,True,True,1
-2,-1,1,-2,-1/2,-1/2,3,-3/2,-3/2,True,True,1
-2,-1,1,-2,0,0,-2,0,0,True,True,1
-2,-1,1,-2,0,0,0,0,0,True,True,1
-2,-1,1,-2,0,0,3,0,0,True,True,1
-2,-1,1,-2,3/8,5/8,-2,-9/8,-7/8,False,True,2
-2,-1,1,-2,3/8,5/8,0,-1/8,3/8,True,True,2
-2,-1,1,-2,3/8,5/8,3,1,9/4,True,True,2
-2,-1,1,-2,-1/100,1/100,-2,-1/100,1/100,True,True,2
-2,-1,1,-2,-1/100,1/100,0,-1/100,1/100,True,True,2
-2,-1,1,-2,-1/100,1/100,3,-1/25,1/25,True,True,2
-2,-1,1,-2,-11/7,-5/7,-2,27/28,25/8,True,True,7
-2,-1,1,-2,-11/7,-5/7,0,-1/2,1/2,True,False,7
-2,-1,1,-2,-11/7,-5/7,3,-67/14,-7/4,True,False,7
-2,-1,1,-2,31/16,33/16,-2,-65/16,-63/16,True,True,2
-2,-1,1,-2,31/16,33/16,0,-1/16,1/16,True,True,2
-2,-1,1,-2,31/16,33/16,3,23/4,25/4,True,True,2
-2,-1,1,-1,-2,2,-2,-4,4,True,True,26
-2,-1,1,-1,-2,2,0,-1/4,1/4,True,True,26
-2,-1,1,-1,-2,2,3,-6,6,True,True,26
-2,-1,1,-1,0,1,-2,-2,0,True,True,8
-2,-1,1,-1,0,1,0,-1/4,1/4,True,True,8
-2,-1,1,-1,0,1,3,0,3,True,True,8
-2,-1,1,-1,1/7,13/7,-2,-111/28,-1/28,True,True,12
-2,-1,1,-1,1/7,13/7,0,-1/4,1/4,True,True,12
-2,-1,1,-1,1/7,13/7,3,1/2,11/2,True,False,12
-2,-1,1,-1,-3/4,-1/4,-2,1/4,5/4,True,True,4
-2,-1,1,-1,-3/4,-1/4,0,-1/4,1/4,True,True,4
-2,-1,1,-1,-3/4,-1/4,3,-5/2,-1/2,True,False,4
-2,-1,1,-1,1/2,1/2,-2,-1,-1,True,True,1
-2,-1,1,-1,1/2,1/2,0,0,0,True,True,1
-2,-1,1,-1,1/2,1/2,3,3/2,3/2,True,True,1
-2,-1,1,-1,-1/2,-1/2,-2,1,1,True,True,1
-2,-1,1,-1,-1/2,-1/2,0,0,0,True,True,1
-2,-1,1,-1,-1/2,-1/2,3,-3/2,-3/2,True,True,1
-2,-1,1,-1,0,0,-2,0,0,True,True,1
-2,-1,1,-1,0,0,0,0,0,True,True,1
-2,-1,1,-1,0,0,3,0,0,True,True,1
-2,-1,1,-1,3/8,5/8,-2,-5/4,-3/4,False,True,2
-2,-1,1,-1,3/8,5/8,0,0,1/4,True,True,2
-2,-1,1,-1,3/8,5/8,3,9/8,17/8,True,True,2
-2,-1,1,-1,-1/100,1/100,-2,-1/50,1/50,True,True,2
-2,-1,1,-1,-1/100,1/100,0,0,0,True,True,2
-2,-1,1,-1,-1/100,1/100,3,-3/100,3/100,True,True,2
-2,-1,1,-1,-11/7,-5/7,-2,33/28,22/7,True,True,7
-2,-1,1,-1,-11/7,-5/7,0,-1/4,1/4,True,True,7
-2,-1,1,-1,-11/7,-5/7,3,-33/7,-2,True,False,7
-2,-1,1,-1,31/16,33/16,-2,-33/8,-31/8,True,True,2
-2,-1,1,-1,31/16,33/16,0,0,0,True,True,2
-2,-1,1,-1,31/16,33/16,3,93/16,99/16,True,True,2
-2,-1,1,0,-2,2,-2,-4,4,True,True,26
-2,-1,1,0,-2,2,0,-1/8,1/8,False,True,26
-2,-1,1,0,-2,2,3,-6,6,True,True,26
-2,-1,1,0,0,1,-2,-2,0,True,True,8
-2,-1,1,0,0,1,0,-1/8,1/8,False,True,8
-2,-1,1,0,0,1,3,0,3,True,True,8
-2,-1,1,0,1/7,13/7,-2,-107/28,-5/28,True,True,12
-2,-1,1,0,1/7,13/7,0,-1/8,1/8,False,True,12
-2,-1,1,0,1/7,13/7,3,15/28,153/28,True,True,12
-2,-1,1,0,-3/4,-1/4,-2,1/2,3/2,True,True,4
-2,-1,1,0,-3/4,-1/4,0,-1/8,1/8,False,True,4
-2,-1,1,0,-3/4,-1/4,3,-9/4,-3/4,True,True,4
-2,-1,1,0,1/2,1/2,-2,-1,-1,True,True,1
-2,-1,1,0,1/2,1/2,0,0,0,True,True,1
-2,-1,1,0,1/2,1/2,3,3/2,3/2,True,True,1
-2,-1,1,0,-1/2,-1/2,-2,1,1,True,True,1
-2,-1,1,0,-1/2,-1/2,0,0,0,True,True,1
-2,-1,1,0,-1/2,-1/2,3,-3/2,-3/2,True,True,1
-2,-1,1,0,0,0,-2,0,0,True,True,1
-2,-1,1,0,0,0,0,0,0,True,True,1
-2,-1,1,0,0,0,3,0,0,True,True,1
-2,-1,1,0,3/8,5/8,-2,-11/8,-5/8,False,True,2
-2,-1,1,0,3/8,5/8,0,-1/8,1/8,False,True,2
-2,-1,1,0,3/8,5/8,3,5/4,2,True,True,2
-2,-1,1,0,-1/100,1/100,-2,-3/100,3/100,True,True,2
-2,-1,1,0,-1/100,1/100,0,-1/100,1/100,True,True,2
-2,-1,1,0,-1/100,1/100,3,-1/50,1/50,True,True,2
-2,-1,1,0,-11/7,-5/7,-2,39/28,45/14,True,True,7
-2,-1,1,0,-11/7,-5/7,0,-1/8,1/8,False,True,7
-2,-1,1,0,-11/7,-5/7,3,-65/14,-61/28,True,True,7
-2,-1,1,0,31/16,33/16,-2,-67/16,-61/16,True,True,2
-2,-1,1,0,31/16,33/16,0,-1/16,1/16,True,True,2
-2,-1,1,0,31/16,33/16,3,47/8,49/8,True,True,2
-2,-1,1,1,-2,2,-2,-4,4,True,True,26
-2,-1,1,1,-2,2,0,-1/4,1/4,False,True,26
-2,-1,1,1,-2,2,3,-6,6,True,True,26
-2,-1,1,1,0,1,-2,-2,0,True,True,8
-2,-1,1,1,0,1,0,-1/4,1/4,False,True,8
-2,-1,1,1,0,1,3,0,3,True,True,8
-2,-1,1,1,1/7,13/7,-2,-15/4,-1/4,False,True,12
-2,-1,1,1,1/7,13/7,0,-1/4,1/4,False,True,12
-2,-1,1,1,1/7,13/7,3,11/28,157/28,True,True,12
-2,-1,1,1,-3/4,-1/4,-2,1/4,7/4,False,True,4
-2,-1,1,1,-3/4,-1/4,0,-1/4,1/4,False,True,4
-2,-1,1,1,-3/4,-1/4,3,-2,-1/2,True,True,4
-2,-1,1,1,1/2,1/2,-2,-1,-1,True,True,1
-2,-1,1,1,1/2,1/2,0,0,0,True,True,1
-2,-1,1,1,1/2,1/2,3,3/2,3/2,True,True,1
-2,-1,1,1,-1/2,-1/2,-2,1,1,True,True,1
-2,-1,1,1,-1/2,-1/2,0,0,0,True,True,1
-2,-1,1,1,-1/2,-1/2,3,-3/2,-3/2,True,True,1
-2,-1,1,1,0,0,-2,0,0,True,True,1
-2,-1,1,1,0,0,0,0,0,True,True,1
-2,-1,1,1,0,0,3,0,0,True,True,1
-2,-1,1,1,3/8,5/8,-2,-3/2,-1/2,False,True,2
-2,-1,1,1,3/8,5/8,0,-1/4,1/4,False,True,2
-2,-1,1,1,3/8,5/8,3,11/8,15/8,True,True,2
-2,-1,1,1,-1/100,1/100,-2,-1/25,1/25,True,True,2
-2,-1,1,1,-1/100,1/100,0,-1/50,1/50,True,True,2
-2,-1,1,1,-1/100,1/100,3,-1/100,1/100,True,True,2
-2,-1,1,1,-11/7,-5/7,-2,5/4,23/7,False,True,7
-2,-1,1,1,-11/7,-5/7,0,-1/4,1/4,False,True,7
-2,-1,1,1,-11/7,-5/7,3,-32/7,-55/28,True,True,7
-2,-1,1,1,31/16,33/16,-2,-17/4,-15/4,True,True,2
-2,-1,1,1,31/16,33/16,0,-1/8,1/8,True,True,2
-2,-1,1,1,31/16,33/16,3,95/16,97/16,True,True,2
-2,-1,1,2,-2,2,-2,-4,4,True,True,26
-2,-1,1,2,-2,2,0,-1/2,1/2,False,True,26
-2,-1,1,2,-2,2,3,-6,6,True,True,26
-2,-1,1,2,0,1,-2,-2,0,True,True,8
-2,-1,1,2,0,1,0,-1/2,1/2,False,True,8
-2,-1,1,2,0,1,3,0,3,True,True,8
-2,-1,1,2,1/7,13/7,-2,-4,0,False,True,12
-2,-1,1,2,1/7,13/7,0,-1/2,1/2,False,True,12
-2,-1,1,2,1/7,13/7,3,1/4,23/4,True,True,12
-2,-1,1,2,-3/4,-1/4,-2,0,2,False,True,4
-2,-1,1,2,-3/4,-1/4,0,-1/2,1/2,False,True,4
-2,-1,1,2,-3/4,-1/4,3,-7/4,-1/4,True,True,4
-2,-1,1,2,1/2,1/2,-2,-1,-1,True,True,1
-2,-1,1,2,1/2,1/2,0,0,0,True,True,1
-2,-1,1,2,1/2,1/2,3,3/2,3/2,True,True,1
-2,-1,1,2,-1/2,-1/2,-2,1,1,True,True,1
-2,-1,1,2,-1/2,-1/2,0,0,0,True,True,1
-2,-1,1,2,-1/2,-1/2,3,-3/2,-3/2,True,True,1
-2,-1,1,2,0,0,-2,0,0,True,True,1
-2,-1,1,2,0,0,0,0,0,True,True,1
-2,-1,1,2,0,0,3,0,0,True,True,1
-2,-1,1,2,3/8,5/8,-2,-13/8,-3/8,False,True,2
-2,-1,1,2,3/8,5/8,0,-3/8,3/8,False,True,2
-2,-1,1,2,3/8,5/8,3,3/2,7/4,True,True,2
-2,-1,1,2,-1/100,1/100,-2,-1/20,1/20,True,True,2
-2,-1,1,2,-1/100,1/100,0,-3/100,3/100,True,True,2
-2,-1,1,2,-1/100,1/100,3,0,0,True,True,2
-2,-1,1,2,-11/7,-5/7,-2,1,47/14,False,True,7
-2,-1,1,2,-11/7,-5/7,0,-1/2,1/2,False,True,7
-2,-1,1,2,-11/7,-5/7,3,-9/2,-7/4,True,True,7
-2,-1,1,2,31/16,33/16,-2,-69/16,-59/16,True,True,2
-2,-1,1,2,31/16,33/16,0,-3/16,3/16,True,True,2
-2,-1,1,2,31/16,33/16,3,6,6,True,True,2
-2,-1,2,-2,-2,2,-2,-17/4,17/4,False,True,26
-2,-1,2,-2,-2,2,0,-1/2,1/2,True,True,26
-2,-1,2,-2,-2,2,3,-6,6,True,True,26
-2,-1,2,-2,0,1,-2,-9/4,1/4,False,True,8
-2,-1,2,-2,0,1,0,-1/2,1/2,True,True,8
-2,-1,2,-2,0,1,3,0,3,True,True,8
-2,-1,2,-2,1/7,13/7,-2,-59/14,3/14,True,True,12
-2,-1,2,-2,1/7,13/7,0,-1/2,1/2,True,True,12
-2,-1,2,-2,1/7,13/7,3,1/4,23/4,True,False,12
-2,-1,2,-2,-3/4,-1/4,-2,0,5/4,True,True,4
-2,-1,2,-2,-3/4,-1/4,0,-1/2,1/2,True,True,4
-2,-1,2,-2,-3/4,-1/4,3,-11/4,-1/4,True,False,4
-2,-1,2,-2,1/2,1/2,-2,-1,-1,True,True,1
-2,-1,2,-2,1/2,1/2,0,0,0,True,True,1
-2,-1,2,-2,1/2,1/2,3,3/2,3/2,True,True,1
-2,-1,2,-2,-1/2,-1/2,-2,1,1,True,True,1
-2,-1,2,-2,-1/2,-1/2,0,0,0,True,True,1
-2,-1,2,-2,-1/2,-1/2,3,-3/2,-3/2,True,True,1
-2,-1,2,-2,0,0,-2,0,0,True,True,1
-2,-1,2,-2,0,0,0,0,0,True,True,1
-2,-1,2,-2,0,0,3,0,0,True,True,1
-2,-1,2,-2,3/8,5/8,-2,-5/4,-3/4,False,True,2
-2,-1,2,-2,3/8,5/8,0,0,1/2,True,True,2
-2,-1,2,-2,3/8,5/8,3,9/8,19/8,True,True,2
-2,-1,2,-2,-1/100,1/100,-2,-1/50,1/50,True,True,2
-2,-1,2,-2,-1/100,1/100,0,0,0,True,True,2
-2,-1,2,-2,-1/100,1/100,3,-3/100,3/100,True,True,2
-2,-1,2,-2,-11/7,-5/7,-2,13/14,13/4,True,True,7
-2,-1,2,-2,-11/7,-5/7,0,-1/2,1/2,True,True,7
-2,-1,2,-2,-11/7,-5/7,3,-33/7,-7/4,True,False,7
-2,-1,2,-2,31/16,33/16,-2,-33/8,-31/8,True,True,2
-2,-1,2,-2,31/16,33/16,0,0,0,True,True,2
-2,-1,2,-2,31/16,33/16,3,93/16,99/16,True,True,2
-2,-1,2,-1,-2,2,-2,-33/8,33/8,False,True,26
-2,-1,2,-1,-2,2,0,-3/8,3/8,False,True,26
-2,-1,2,-1,-2,2,3,-6,6,True,True,26
-2,-1,2,-1,0,1,-2,-17/8,1/8,False,True,8
-2,-1,2,-1,0,1,0,-3/8,3/8,False,True,8
-2,-1,2,-1,0,1,3,0,3,True,True,8
-2,-1,2,-1,1/7,13/7,-2,-57/14,1/14,True,True,12
-2,-1,2,-1,1/7,13/7,0,-3/8,3/8,False,True,12
-2,-1,2,-1,1/7,13/7,3,1/2,11/2,True,False,12
-2,-1,2,-1,-3/4,-1/4,-2,1/4,11/8,True,True,4
-2,-1,2,-1,-3/4,-1/4,0,-3/8,3/8,False,True,4
-2,-1,2,-1,-3/4,-1/4,3,-5/2,-1/2,True,False,4
-2,-1,2,-1,1/2,1/2,-2,-1,-1,True,True,1
-2,-1,2,-1,1/2,1/2,0,0,0,True,True,1
-2,-1,2,-1,1/2,1/2,3,3/2,3/2,True,True,1
-2,-1,2,-1,-1/2,-1/2,-2,1,1,True,True,1
-2,-1,2,-1,-1/2,-1/2,0,0,0,True,True,1
-2,-1,2,-1,-1/2,-1/2,3,-3/2,-3/2,True,True,1
-2,-1,2,-1,0,0,-2,0,0,True,True,1
-2,-1,2,-1,0,0,0,0,0,True,True,1
-2,-1,2,-1,0,0,3,0,0,True,True,1
-2,-1,2,-1,3/8,5/8,-2,-11/8,-5/8,False,True,2
-2,-1,2,-1,3/8,5/8,0,-1/8,3/8,False,True,2
-2,-1,2,-1,3/8,5/8,3,5/4,9/4,True,True,2
-2,-1,2,-1,-1/100,1/100,-2,-3/100,3/100,True,True,2
-2,-1,2,-1,-1/100,1/100,0,-1/100,1/100,True,True,2
-2,-1,2,-1,-1/100,1/100,3,-1/50,1/50,True,True,2
-2,-1,2,-1,-11/7,-5/7,-2,8/7,45/14,True,True,7
-2,-1,2,-1,-11/7,-5/7,0,-3/8,3/8,False,True,7
-2,-1,2,-1,-11/7,-5/7,3,-65/14,-2,True,False,7
-2,-1,2,-1,31/16,33/16,-2,-67/16,-61/16,True,True,2
-2,-1,2,-1,31/16,33/16,0,-1/16,1/16,True,True,2
-2,-1,2,-1,31/16,33/16,3,47/8,49/8,True,True,2
-2,-1,2,0,-2,2,-2,-4,4,True,True,26
-2,-1,2,0,-2,2,0,-1/4,1/4,False,True,26
-2,-1,2,0,-2,2,3,-6,6,True,True,26
-2,-1,2,0,0,1,-2,-2,0,True,True,8
-2,-1,2,0,0,1,0,-1/4,1/4,False,True,8
-2,-1,2,0,0,1,3,0,3,True,True,8
-2,-1,2,0,1/7,13/7,-2,-55/14,-1/14,True,True,12
-2,-1,2,0,1/7,13/7,0,-1/4,1/4,False,True,12
-2,-1,2,0,1/7,13/7,3,9/14,75/14,True,True,12
-2,-1,2,0,-3/4,-1/4,-2,1/2,3/2,True,True,4
-2,-1,2,0,-3/4,-1/4,0,-1/4,1/4,False,True,4
-2,-1,2,0,-3/4,-1/4,3,-9/4,-3/4,True,True,4
-2,-1,2,0,1/2,1/2,-2,-1,-1,True,True,1
-2,-1,2,0,1/2,1/2,0,0,0,True,True,1
-2,-1,2,0,1/2,1/2,3,3/2,3/2,True,True,1
-2,-1,2,0,-1/2,-1/2,-2,1,1,True,True,1
-2,-1,2,0,-1/2,-1/2,0,0,0,True,True,1
-2,-1,2,0,-1/2,-1/2,3,-3/2,-3/2,True,True,1
-2,-1,2,0,0,0,-2,0,0,True,True,1
-2,-1,2,0,0,0,0,0,0,True,True,1
-2,-1,2,0,0,0,3,0,0,True,True,1
-2,-1,2,0,3/8,5/8,-2,-3/2,-1/2,False,True,2
-2,-1,2,0,3/8,5/8,0,-1/4,1/4,False,True,2
-2,-1,2,0,3/8,5/8,3,11/8,17/8,True,True,2
-2,-1,2,0,-1/100,1/100,-2,-1/25,1/25,True,True,2
-2,-1,2,0,-1/100,1/100,0,-1/50,1/50,True,True,2
-2,-1,2,0,-1/100,1/100,3,-1/100,1/100,True,True,2
-2,-1,2,0,-11/7,-5/7,-2,19/14,23/7,True,True,7
-2,-1,2,0,-11/7,-5/7,0,-1/4,1/4,False,True,7
-2,-1,2,0,-11/7,-5/7,3,-32/7,-31/14,True,True,7
-2,-1,2,0,31/16,33/16,-2,-17/4,-15/4,True,True,2
-2,-1,2,0,31/16,33/16,0,-1/8,1/8,True,True,2
-2,-1,2,0,31/16,33/16,3,95/16,97/16,True,True,2
-2,-1,2,1,-2,2,-2,-4,4,True,True,26
-2,-1,2,1,-2,2,0,-3/8,3/8,False,True,26
-2,-1,2,1,-2,2,3,-6,6,True,True,26
-2,-1,2,1,0,1,-2,-2,0,True,True,8
-2,-1,2,1,0,1,0,-3/8,3/8,False,True,8
-2,-1,2,1,0,1,3,0,3,True,True,8
-2,-1,2,1,1/7,13/7,-2,-53/14,-3/14,True,True,12
-2,-1,2,1,1/7,13/7,0,-3/8,3/8,False,True,12
-2,-1,2,1,1/7,13/7,3,1/2,11/2,True,True,12
-2,-1,2,1,-3/4,-1/4,-2,1/4,7/4,False,True,4
-2,-1,2,1,-3/4,-1/4,0,-3/8,3/8,False,True,4
-2,-1,2,1,-3/4,-1/4,3,-2,-1/2,True,True,4
-2,-1,2,1,1/2,1/2,-2,-1,-1,True,True,1
-2,-1,2,1,1/2,1/2,0,0,0,True,True,1
-2,-1,2,1,1/2,1/2,3,3/2,3/2,True,True,1
-2,-1,2,1,-1/2,-1/2,-2,1,1,True,True,1
-2,-1,2,1,-1/2,-1/2,0,0,0,True,True,1
-2,-1,2,1,-1/2,-1/2,3,-3/2,-3/2,True,True,1
-2,-1,2,1,0,0,-2,0,0,True,True,1
-2,-1,2,1,0,0,0,0,0,True,True,1
-2,-1,2,1,0,0,3,0,0,True,True,1
-2,-1,2,1,3/8,5/8,-2,-13/8,-3/8,False,True,2
-2,-1,2,1,3/8,5/8,0,-3/8,3/8,False,True,2
-2,-1,2,1,3/8,5/8,3,3/2,2,True,True,2
-2,-1,2,1,-1/100,1/100,-2,-1/20,1/20,True,True,2
-2,-1,2,1,-1/100,1/100,0,-3/100,3/100,True,True,2
-2,-1,2,1,-1/100,1/100,3,0,0,True,True,2
-2,-1,2,1,-11/7,-5/7,-2,5/4,47/14,False,True,7
-2,-1,2,1,-11/7,-5/7,0,-3/8,3/8,False,True,7
-2,-1,2,1,-11/7,-5/7,3,-9/2,-2,True,True,7
-2,-1,2,1,31/16,33/16,-2,-69/16,-59/16,True,True,2
-2,-1,2,1,31/16,33/16,0,-3/16,3/16,True,True,2
-2,-1,2,1,31/16,33/16,3,6,6,True,True,2
-2,-1,2,2,-2,2,-2,-4,4,True,True,26
-2,-1,2,2,-2,2,0,-1/2,1/2,False,True,26
-2,-1,2,2,-2,2,3,-49/8,49/8,False,True,26
-2,-1,2,2,0,1,-2,-2,0,True,True,8
-2,-1,2,2,0,1,0,-1/2,1/2,False,True,8
-2,-1,2,2,0,1,3,-1/8,25/8,False,True,8
-2,-1,2,2,1/7,13/7,-2,-4,0,False,True,12
-2,-1,2,2,1/7,13/7,0,-1/2,1/2,False,True,12
-2,-1,2,2,1/7,13/7,3,1/4,23/4,False,True,12
-2,-1,2,2,-3/4,-1/4,-2,0,2,False,True,4
-2,-1,2,2,-3/4,-1/4,0,-1/2,1/2,False,True,4
-2,-1,2,2,-3/4,-1/4,3,-15/8,-1/4,False,True,4
-2,-1,2,2,1/2,1/2,-2,-1,-1,True,True,1
-2,-1,2,2,1/2,1/2,0,0,0,True,True,1
-2,-1,2,2,1/2,1/2,3,3/2,3/2,True,True,1
-2,-1,2,2,-1/2,-1/2,-2,1,1,True,True,1
-2,-1,2,2,-1/2,-1/2,0,0,0,True,True,1
-2,-1,2,2,-1/2,-1/2,3,-3/2,-3/2,True,True,1
-2,-1,2,2,0,0,-2,0,0,True,True,1
-2,-1,2,2,0,0,0,0,0,True,True,1
-2,-1,2,2,0,0,3,0,0,True,True,1
-2,-1,2,2,3/8,5/8,-2,-7/4,-1/4,False,True,2
-2,-1,2,2,3/8,5/8,0,-1/2,1/2,False,True,2
-2,-1,2,2,3/8,5/8,3,11/8,15/8,False,True,2
-2,-1,2,2,-1/100,1/100,-2,-3/50,3/50,True,True,2
-2,-1,2,2,-1/100,1/100,0,-1/25,1/25,True,True,2
-2,-1,2,2,-1/100,1/100,3,-1/100,1/100,True,True,2
-2,-1,2,2,-11/7,-5/7,-2,1,24/7,False,True,7
-2,-1,2,2,-11/7,-5/7,0,-1/2,1/2,False,True,7
-2,-1,2,2,-11/7,-5/7,3,-37/8,-7/4,False,True,7
-2,-1,2,2,31/16,33/16,-2,-35/8,-29/8,True,True,2
-2,-1,2,2,31/16,33/16,0,-1/4,1/4,True,True,2
-2,-1,2,2,31/16,33/16,3,95/16,97/16,True,True,2
-2,0,-2,-2,-2,2,-2,-17/4,17/4,True,False,22
-2,0,-2,-2,-2,2,0,-1,1,True,False,22
-2,0,-2,-2,-2,2,3,-6,6,True,True,22
-2,0,-2,-2,0,1,-2,-9/4,1/4,True,False,7
-2,0,-2,-2,0,1,0,-1,1,True,False,7
-2,0,-2,-2,0,1,3,0,3,True,True,7
-2,0,-2,-2,1/7,13/7,-2,-17/4,1/4,True,False,10
-2,0,-2,-2,1/7,13/7,0,-1,1,True,False,10
-2,0,-2,-2,1/7,13/7,3,1/2,11/2,True,True,10
-2,0,-2,-2,-3/4,-1/4,-2,-1/4,9/4,True,False,5
-2,0,-2,-2,-3/4,-1/4,0,-1,1,True,False,5
-2,0,-2,-2,-3/4,-1/4,3,-5/2,-1/2,True,False,5
-2,0,-2,-2,1/2,1/2,-2,-2,-2,True,True,1
-2,0,-2,-2,1/2,1/2,0,-1,-1,True,True,1
-2,0,-2,-2,1/2,1/2,3,1/2,1/2,True,True,1
-2,0,-2,-2,-1/2,-1/2,-2,0,0,True,True,1
-2,0,-2,-2,-1/2,-1/2,0,-1,-1,True,True,1
-2,0,-2,-2,-1/2,-1/2,3,-5/2,-5/2,True,True,1
-2,0,-2,-2,0,0,-2,0,0,True,True,1
-2,0,-2,-2,0,0,0,0,0,True,True,1
-2,0,-2,-2,0,0,3,0,0,True,True,1
-2,0,-2,-2,3/8,5/8,-2,-9/4,0,True,False,3
-2,0,-2,-2,3/8,5/8,0,-1,1,True,False,3
-2,0,-2,-2,3/8,5/8,3,1/2,5/2,True,False,3
-2,0,-2,-2,-1/100,1/100,-2,-1/50,1/50,True,True,2
-2,0,-2,-2,-1/100,1/100,0,-1/25,1/25,True,True,2
-2,0,-2,-2,-1/100,1/100,3,-7/100,7/100,True,True,2
-2,0,-2,-2,-11/7,-5/7,-2,7/4,4,True,False,6
-2,0,-2,-2,-11/7,-5/7,0,-1,1,True,False,6
-2,0,-2,-2,-11/7,-5/7,3,-11/2,-3/2,True,True,6
-2,0,-2,-2,31/16,33/16,-2,-33/8,-31/8,True,True,2
-2,0,-2,-2,31/16,33/16,0,-1/4,1/4,True,True,2
-2,0,-2,-2,31/16,33/16,3,89/16,103/16,True,True,2
-2,0,-2,-1,-2,2,-2,-33/8,33/8,True,False,22
-2,0,-2,-1,-2,2,0,-5/8,5/8,True,False,22
-2,0,-2,-1,-2,2,3,-6,6,True,True,22
-2,0,-2,-1,0,1,-2,-17/8,1/8,True,False,7
-2,0,-2,-1,0,1,0,-5/8,5/8,True,False,7
-2,0,-2,-1,0,1,3,0,3,True,True,7
-2,0,-2,-1,1/7,13/7,-2,-31/8,-1/8,True,False,10
-2,0,-2,-1,1/7,13/7,0,-5/8,5/8,True,False,10
-2,0,-2,-1,1/7,13/7,3,5/14,79/14,True,True,10
-2,0,-2,-1,-3/4,-1/4,-2,1/8,15/8,True,False,5
-2,0,-2,-1,-3/4,-1/4,0,-5/8,5/8,True,False,5
-2,0,-2,-1,-3/4,-1/4,3,-2,-1,True,True,5
-2,0,-2,-1,1/2,1/2,-2,-3/2,-3/2,True,True,1
-2,0,-2,-1,1/2,1/2,0,-1/2,-1/2,True,True,1
-2,0,-2,-1,1/2,1/2,3,1,1,True,True,1
-2,0,-2,-1,-1/2,-1/2,-2,1/2,1/2,True,True,1
-2,0,-2,-1,-1/2,-1/2,0,-1/2,-1/2,True,True,1
-2,0,-2,-1,-1/2,-1/2,3,-2,-2,True,True,1
-2,0,-2,-1,0,0,-2,0,0,True,True,1
-2,0,-2,-1,0,0,0,0,0,True,True,1
-2,0,-2,-1,0,0,3,0,0,True,True,1
-2,0,-2,-1,3/8,5/8,-2,-15/8,-1/2,True,False,3
-2,0,-2,-1,3/8,5/8,0,-5/8,1/2,True,False,3
-2,0,-2,-1,3/8,5/8,3,1,2,True,False,3
-2,0,-2,-1,-1/100,1/100,-2,-1/100,1/100,True,True,2
-2,0,-2,-1,-1/100,1/100,0,-3/100,3/100,True,True,2
-2,0,-2,-1,-1/100,1/100,3,-3/50,3/50,True,True,2
-2,0,-2,-1,-11/7,-5/7,-2,13/8,7/2,True,False,6
-2,0,-2,-1,-11/7,-5/7,0,-5/8,1/2,True,False,6
-2,0,-2,-1,-11/7,-5/7,3,-5,-25/14,True,True,6
-2,0,-2,-1,31/16,33/16,-2,-65/16,-63/16,True,True,2
-2,0,-2,-1,31/16,33/16,0,-3/16,3/16,True,True,2
-2,0,-2,-1,31/16,33/16,3,45/8,51/8,True,True,2
-2,0,-2,0,-2,2,-2,-4,4,True,True,22
-2,0,-2,0,-2,2,0,-1/4,1/4,True,False,22
-2,0,-2,0,-2,2,3,-6,6,True,True,22
-2,0,-2,0,0,1,-2,-2,0,True,True,7
-2,0,-2,0,0,1,0,-1/4,1/4,True,False,7
-2,0,-2,0,0,1,3,0,3,True,True,7
-2,0,-2,0,1/7,13/7,-2,-7/2,-1/2,True,True,10
-2,0,-2,0,1/7,13/7,0,-1/4,1/4,True,False,10
-2,0,-2,0,1/7,13/7,3,3/14,81/14,True,True,10
-2,0,-2,0,-3/4,-1/4,-2,1/2,3/2,True,True,5
-2,0,-2,0,-3/4,-1/4,0,-1/4,1/4,True,False,5
-2,0,-2,0,-3/4,-1/4,3,-9/4,-3/4,True,True,5
-2,0,-2,0,1/2,1/2,-2,-1,-1,True,True,1
-2,0,-2,0,1/2,1/2,0,0,0,True,True,1
-2,0,-2,0,1/2,1/2,3,3/2,3/2,True,True,1
-2,0,-2,0,-1/2,-1/2,-2,1,1,True,True,1
-2,0,-2,0,-1/2,-1/2,0,0,0,True,True,1
-2,0,-2,0,-1/2,-1/2,3,-3/2,-3/2,True,True,1
-2,0,-2,0,0,0,-2,0,0,True,True,1
-2,0,-2,0,0,0,0,0,0,True,True,1
-2,0,-2,0,0,0,3,0,0,True,True,1
-2,0,-2,0,3/8,5/8,-2,-3/2,-1,True,True,3
-2,0,-2,0,3/8,5/8,0,-1/4,1/4,True,False,3
-2,0,-2,0,3/8,5/8,3,7/8,17/8,True,False,3
-2,0,-2,0,-1/100,1/100,-2,0,0,True,True,2
-2,0,-2,0,-1/100,1/100,0,-1/50,1/50,True,True,2
-2,0,-2,0,-1/100,1/100,3,-1/20,1/20,True,True,2
-2,0,-2,0,-11/7,-5/7,-2,3/2,3,True,True,6
-2,0,-2,0,-11/7,-5/7,0,-1/4,1/4,True,False,6
-2,0,-2,0,-11/7,-5/7,3,-34/7,-29/14,True,True,6
-2,0,-2,0,31/16,33/16,-2,-4,-4,True,True,2
-2,0,-2,0,31/16,33/16,0,-1/8,1/8,True,True,2
-2,0,-2,0,31/16,33/16,3,91/16,101/16,True,True,2
-2,0,-2,1,-2,2,-2,-4,4,True,True,22
-2,0,-2,1,-2,2,0,-5/8,5/8,True,False,22
-2,0,-2,1,-2,2,3,-6,6,True,True,22
-2,0,-2,1,0,1,-2,-2,0,True,True,7
-2,0,-2,1,0,1,0,-5/8,5/8,True,False,7
-2,0,-2,1,0,1,3,0,3,True,True,7
-2,0,-2,1,1/7,13/7,-2,-7/2,-1/2,False,True,10
-2,0,-2,1,1/7,13/7,0,-5/8,5/8,True,False,10
-2,0,-2,1,1/7,13/7,3,1/14,83/14,True,True,10
-2,0,-2,1,-3/4,-1/4,-2,1/2,3/2,False,True,5
-2,0,-2,1,-3/4,-1/4,0,-5/8,5/8,True,False,5
-2,0,-2,1,-3/4,-1/4,3,-5/2,-1/2,True,True,5
-2,0,-2,1,1/2,1/2,-2,-1/2,-1/2,True,True,1
-2,0,-2,1,1/2,1/2,0,1/2,1/2,True,True,1
-2,0,-2,1,1/2,1/2,3,2,2,True,True,1
-2,0,-2,1,-1/2,-1/2,-2,3/2,3/2,True,True,1
-2,0,-2,1,-1/2,-1/2,0,1/2,1/2,True,True,1
-2,0,-2,1,-1/2,-1/2,3,-1,-1,True,True,1
-2,0,-2,1,0,0,-2,0,0,True,True,1
-2,0,-2,1,0,0,0,0,0,True,True,1
-2,0,-2,1,0,0,3,0,0,True,True,1
-2,0,-2,1,3/8,5/8,-2,-3/2,-1/2,False,True,3
-2,0,-2,1,3/8,5/8,0,-5/8,5/8,True,False,3
-2,0,-2,1,3/8,5/8,3,1/2,5/2,True,False,3
-2,0,-2,1,-1/100,1/100,-2,-1/100,1/100,True,True,2
-2,0,-2,1,-1/100,1/100,0,-1/100,1/100,True,True,2
-2,0,-2,1,-1/100,1/100,3,-1/25,1/25,True,True,2
-2,0,-2,1,-11/7,-5/7,-2,17/14,7/2,True,True,6
-2,0,-2,1,-11/7,-5/7,0,-4/7,5/8,True,False,6
-2,0,-2,1,-11/7,-5/7,3,-37/7,-33/14,True,True,6
-2,0,-2,1,31/16,33/16,-2,-65/16,-63/16,True,True,2
-2,0,-2,1,31/16,33/16,0,-1/16,1/16,True,True,2
-2,0,-2,1,31/16,33/16,3,23/4,25/4,True,True,2
-2,0,-2,2,-2,2,-2,-4,4,True,True,22
-2,0,-2,2,-2,2,0,-1,1,True,True,22
-2,0,-2,2,-2,2,3,-49/8,49/8,True,False,22
-2,0,-2,2,0,1,-2,-2,0,True,True,7
-2,0,-2,2,0,1,0,-1,1,True,True,7
-2,0,-2,2,0,1,3,-1/8,25/8,True,False,7
-2,0,-2,2,1/7,13/7,-2,-4,0,False,True,10
-2,0,-2,2,1/7,13/7,0,-1,1,True,True,10
-2,0,-2,2,1/7,13/7,3,-1/14,85/14,True,True,10
-2,0,-2,2,-3/4,-1/4,-2,0,2,False,True,5
-2,0,-2,2,-3/4,-1/4,0,-1,1,True,True,5
-2,0,-2,2,-3/4,-1/4,3,-23/8,-1/8,True,False,5
-2,0,-2,2,1/2,1/2,-2,0,0,True,True,1
-2,0,-2,2,1/2,1/2,0,1,1,True,True,1
-2,0,-2,2,1/2,1/2,3,5/2,5/2,True,True,1
-2,0,-2,2,-1/2,-1/2,-2,2,2,True,True,1
-2,0,-2,2,-1/2,-1/2,0,1,1,True,True,1
-2,0,-2,2,-1/2,-1/2,3,-1/2,-1/2,True,True,1
-2,0,-2,2,0,0,-2,0,0,True,True,1
-2,0,-2,2,0,0,0,0,0,True,True,1
-2,0,-2,2,0,0,3,0,0,True,True,1
-2,0,-2,2,3/8,5/8,-2,-2,0,False,True,3
-2,0,-2,2,3/8,5/8,0,-1,1,True,True,3
-2,0,-2,2,3/8,5/8,3,1/8,23/8,True,False,3
-2,0,-2,2,-1/100,1/100,-2,-1/50,1/50,True,True,2
-2,0,-2,2,-1/100,1/100,0,0,0,True,True,2
-2,0,-2,2,-1/100,1/100,3,-3/100,3/100,True,True,2
-2,0,-2,2,-11/7,-5/7,-2,13/14,4,True,True,6
-2,0,-2,2,-11/7,-5/7,0,-1,1,True,True,6
-2,0,-2,2,-11/7,-5/7,3,-40/7,-21/8,True,False,6
-2,0,-2,2,31/16,33/16,-2,-33/8,-31/8,True,True,2
-2,0,-2,2,31/16,33/16,0,0,0,True,True,2
-2,0,-2,2,31/16,33/16,3,93/16,99/16,True,True,2
-2,0,-1,-2,-2,2,-2,-33/8,33/8,True,False,22
-2,0,-1,-2,-2,2,0,-1,1,True,False,22
-2,0,-1,-2,-2,2,3,-6,6,True,True,22
-2,0,-1,-2,0,1,-2,-17/8,1/8,True,False,7
-2,0,-1,-2,0,1,0,-1,1,True,False,7
-2,0,-1,-2,0,1,3,0,3,True,True,7
-2,0,-1,-2,1/7,13/7,-2,-33/8,1/8,True,False,10
-2,0,-1,-2,1/7,13/7,0,-1,1,True,False,10
-2,0,-1,-2,1/7,13/7,3,1/2,11/2,True,False,10
-2,0,-1,-2,-3/4,-1/4,-2,-1/8,17/8,True,False,5
-2,0,-1,-2,-3/4,-1/4,0,-1,1,True,False,5
-2,0,-1,-2,-3/4,-1/4,3,-5/2,-1/2,True,False,5
-2,0,-1,-2,1/2,1/2,-2,-2,-2,True,True,1
-2,0,-1,-2,1/2,1/2,0,-1,-1,True,True,1
-2,0,-1,-2,1/2,1/2,3,1/2,1/2,True,True,1
-2,0,-1,-2,-1/2,-1/2,-2,0,0,True,True,1
-2,0,-1,-2,-1/2,-1/2,0,-1,-1,True,True,1
-2,0,-1,-2,-1/2,-1/2,3,-5/2,-5/2,True,True,1
-2,0,-1,-2,0,0,-2,0,0,True,True,1
-2,0,-1,-2,0,0,0,0,0,True,True,1
-2,0,-1,-2,0,0,3,0,0,True,True,1
-2,0,-1,-2,3/8,5/8,-2,-17/8,0,True,False,3
-2,0,-1,-2,3/8,5/8,0,-1,1,True,False,3
-2,0,-1,-2,3/8,5/8,3,1/2,5/2,True,False,3
-2,0,-1,-2,-1/100,1/100,-2,-1/100,1/100,True,True,2
-2,0,-1,-2,-1/100,1/100,0,-3/100,3/100,True,True,2
-2,0,-1,-2,-1/100,1/100,3,-3/50,3/50,True,True,2
-2,0,-1,-2,-11/7,-5/7,-2,15/8,4,True,False,6
-2,0,-1,-2,-11/7,-5/7,0,-1,1,True,False,6
-2,0,-1,-2,-11/7,-5/7,3,-11/2,-43/28,True,True,6
-2,0,-1,-2,31/16,33/16,-2,-65/16,-63/16,True,True,2
-2,0,-1,-2,31/16,33/16,0,-3/16,3/16,True,True,2
-2,0,-1,-2,31/16,33/16,3,45/8,51/8,True,True,2
-2,0,-1,-1,-2,2,-2,-4,4,True,True,22
-2,0,-1,-1,-2,2,0,-1/2,1/2,True,False,22
-2,0,-1,-1,-2,2,3,-6,6,True,True,22
-2,0,-1,-1,0,1,-2,-2,0,True,True,7
-2,0,-1,-1,0,1,0,-1/2,1/2,True,False,7
-2,0,-1,-1,0,1,3,0,3,True,True,7
-2,0,-1,-1,1/7,13/7,-2,-15/4,-1/4,True,True,10
-2,0,-1,-1,1/7,13/7,0,-1/2,1/2,True,False,10
-2,0,-1,-1,1/7,13/7,3,13/28,155/28,True,True,10
-2,0,-1,-1,-3/4,-1/4,-2,1/4,7/4,True,True,5
-2,0,-1,-1,-3/4,-1/4,0,-1/2,1/2,True,False,5
-2,0,-1,-1,-3/4,-1/4,3,-2,-1,True,True,5
-2,0,-1,-1,1/2,1/2,-2,-3/2,-3/2,True,True,1
-2,0,-1,-1,1/2,1/2,0,-1/2,-1/2,True,True,1
-2,0,-1,-1,1/2,1/2,3,1,1,True,True,1
-2,0,-1,-1,-1/2,-1/2,-2,1/2,1/2,True,True,1
-2,0,-1,-1,-1/2,-1/2,0,-1/2,-1/2,True,True,1
-2,0,-1,-1,-1/2,-1/2,3,-2,-2,True,True,1
-2,0,-1,-1,0,0,-2,0,0,True,True,1
-2,0,-1,-1,0,0,0,0,0,True,True,1
-2,0,-1,-1,0,0,3,0,0,True,True,1
-2,0,-1,-1,3/8,5/8,-2,-7/4,-1/2,True,True,3
-2,0,-1,-1,3/8,5/8,0,-1/2,1/2,True,False,3
-2,0,-1,-1,3/8,5/8,3,1,2,True,False,3
-2,0,-1,-1,-1/100,1/100,-2,0,0,True,True,2
-2,0,-1,-1,-1/100,1/100,0,-1/50,1/50,True,True,2
-2,0,-1,-1,-1/100,1/100,3,-1/20,1/20,True,True,2
-2,0,-1,-1,-11/7,-5/7,-2,7/4,7/2,True,True,6
-2,0,-1,-1,-11/7,-5/7,0,-1/2,1/2,True,False,6
-2,0,-1,-1,-11/7,-5/7,3,-5,-51/28,True,True,6
-2,0,-1,-1,31/16,33/16,-2,-4,-4,True,True,2
-2,0,-1,-1,31/16,33/16,0,-1/8,1/8,True,True,2
-2,0,-1,-1,31/16,33/16,3,91/16,101/16,True,True,2
-2,0,-1,0,-2,2,-2,-4,4,True,True,22
-2,0,-1,0,-2,2,0,-1/8,1/8,True,False,22
-2,0,-1,0,-2,2,3,-6,6,True,True,22
-2,0,-1,0,0,1,-2,-2,0,True,True,7
-2,0,-1,0,0,1,0,-1/8,1/8,True,False,7
-2,0,-1,0,0,1,3,0,3,True,True,7
-2,0,-1,0,1/7,13/7,-2,-101/28,-11/28,True,True,10
-2,0,-1,0,1/7,13/7,0,-1/8,1/8,True,False,10
-2,0,-1,0,1/7,13/7,3,9/28,159/28,True,True,10
-2,0,-1,0,-3/4,-1/4,-2,1/2,3/2,True,True,5
-2,0,-1,0,-3/4,-1/4,0,-1/8,1/8,True,False,5
-2,0,-1,0,-3/4,-1/4,3,-9/4,-3/4,True,True,5
-2,0,-1,0,1/2,1/2,-2,-1,-1,True,True,1
-2,0,-1,0,1/2,1/2,0,0,0,True,True,1
-2,0,-1,0,1/2,1/2,3,3/2,3/2,True,True,1
-2,0,-1,0,-1/2,-1/2,-2,1,1,True,True,1
-2,0,-1,0,-1/2,-1/2,0,0,0,True,True,1
-2,0,-1,0,-1/2,-1/2,3,-3/2,-3/2,True,True,1
-2,0,-1,0,0,0,-2,0,0,True,True,1
-2,0,-1,0,0,0,0,0,0,True,True,1
-2,0,-1,0,0,0,3,0,0,True,True,1
-2,0,-1,0,3/8,5/8,-2,-11/8,-7/8,True,True,3
-2,0,-1,0,3/8,5/8,0,-1/8,1/8,True,False,3
-2,0,-1,0,3/8,5/8,3,1,2,True,False,3
-2,0,-1,0,-1/100,1/100,-2,-1/100,1/100,True,True,2
-2,0,-1,0,-1/100,1/100,0,-1/100,1/100,True,True,2
-2,0,-1,0,-1/100,1/100,3,-1/25,1/25,True,True,2
-2,0,-1,0,-11/7,-5/7,-2,41/28,43/14,True,True,6
-2,0,-1,0,-11/7,-5/7,0,-1/8,1/8,True,False,6
-2,0,-1,0,-11/7,-5/7,3,-67/14,-59/28,True,True,6
-2,0,-1,0,31/16,33/16,-2,-65/16,-63/16,True,True,2
-2,0,-1,0,31/16,33/16,0,-1/16,1/16,True,True,2
-2,0,-1,0,31/16,33/16,3,23/4,25/4,True,True,2
-2,0,-1,1,-2,2,-2,-4,4,True,True,22
-2,0,-1,1,-2,2,0,-1/2,1/2,True,True,22
-2,0,-1,1,-2,2,3,-6,6,True,True,22
-2,0,-1,1,0,1,-2,-2,0,True,True,7
-2,0,-1,1,0,1,0,-1/2,1/2,True,True,7
-2,0,-1,1,0,1,3,0,3,True,True,7
-2,0,-1,1,1/7,13/7,-2,-7/2,-1/2,False,True,10
-2,0,-1,1,1/7,13/7,0,-1/2,1/2,True,True,10
-2,0,-1,1,1/7,13/7,3,5/28,163/28,True,True,10
-2,0,-1,1,-3/4,-1/4,-2,1/2,3/2,False,True,5
-2,0,-1,1,-3/4,-1/4,0,-1/2,1/2,True,True,5
-2,0,-1,1,-3/4,-1/4,3,-5/2,-1/2,True,True,5
-2,0,-1,1,1/2,1/2,-2,-1/2,-1/2,True,True,1
-2,0,-1,1,1/2,1/2,0,1/2,1/2,True,True,1
-2,0,-1,1,1/2,1/2,3,2,2,True,True,1
-2,0,-1,1,-1/2,-1/2,-2,3/2,3/2,True,True,1
-2,0,-1,1,-1/2,-1/2,0,1/2,1/2,True,True,1
-2,0,-1,1,-1/2,-1/2,3,-1,-1,True,True,1
-2,0,-1,1,0,0,-2,0,0,True,True,1
-2,0,-1,1,0,0,0,0,0,True,True,1
-2,0,-1,1,0,0,3,0,0,True,True,1
-2,0,-1,1,3/8,5/8,-2,-3/2,-1/2,False,True,3
-2,0,-1,1,3/8,5/8,0,-1/2,1/2,True,True,3
-2,0,-1,1,3/8,5/8,3,5/8,19/8,True,False,3
-2,0,-1,1,-1/100,1/100,-2,-1/50,1/50,True,True,2
-2,0,-1,1,-1/100,1/100,0,0,0,True,True,2
-2,0,-1,1,-1/100,1/100,3,-3/100,3/100,True,True,2
-2,0,-1,1,-11/7,-5/7,-2,33/28,7/2,True,True,6
-2,0,-1,1,-11/7,-5/7,0,-1/2,1/2,True,True,6
-2,0,-1,1,-11/7,-5/7,3,-73/14,-67/28,True,True,6
-2,0,-1,1,31/16,33/16,-2,-33/8,-31/8,True,True,2
-2,0,-1,1,31/16,33/16,0,0,0,True,True,2
-2,0,-1,1,31/16,33/16,3,93/16,99/16,True,True,2
-2,0,-1,2,-2,2,-2,-4,4,True,True,22
-2,0,-1,2,-2,2,0,-1,1,False,True,22
-2,0,-1,2,-2,2,3,-6,6,True,True,22
-2,0,-1,2,0,1,-2,-2,0,True,True,7
-2,0,-1,2,0,1,0,-1,1,False,True,7
-2,0,-1,2,0,1,3,0,3,True,True,7
-2,0,-1,2,1/7,13/7,-2,-4,0,False,True,10
-2,0,-1,2,1/7,13/7,0,-1,1,False,True,10
-2,0,-1,2,1/7,13/7,3,1/28,167/28,True,True,10
-2,0,-1,2,-3/4,-1/4,-2,0,2,False,True,5
-2,0,-1,2,-3/4,-1/4,0,-1,1,False,True,5
-2,0,-1,2,-3/4,-1/4,3,-11/4,-1/4,True,True,5
-2,0,-1,2,1/2,1/2,-2,0,0,True,True,1
-2,0,-1,2,1/2,1/2,0,1,1,True,True,1
-2,0,-1,2,1/2,1/2,3,5/2,5/2,True,True,1
-2,0,-1,2,-1/2,-1/2,-2,2,2,True,True,1
-2,0,-1,2,-1/2,-1/2,0,1,1,True,True,1
-2,0,-1,2,-1/2,-1/2,3,-1/2,-1/2,True,True,1
-2,0,-1,2,0,0,-2,0,0,True,True,1
-2,0,-1,2,0,0,0,0,0,True,True,1
-2,0,-1,2,0,0,3,0,0,True,True,1
-2,0,-1,2,3/8,5/8,-2,-2,0,False,True,3
-2,0,-1,2,3/8,5/8,0,-1,1,False,True,3
-2,0,-1,2,3/8,5/8,3,1/4,11/4,True,False,3
-2,0,-1,2,-1/100,1/100,-2,-3/100,3/100,True,True,2
-2,0,-1,2,-1/100,1/100,0,-1/100,1/100,True,True,2
-2,0,-1,2,-1/100,1/100,3,-1/50,1/50,True,True,2
-2,0,-1,2,-11/7,-5/7,-2,25/28,4,True,True,6
-2,0,-1,2,-11/7,-5/7,0,-1,1,False,True,6
-2,0,-1,2,-11/7,-5/7,3,-79/14,-75/28,True,True,6
-2,0,-1,2,31/16,33/16,-2,-67/16,-61/16,True,True,2
-2,0,-1,2,31/16,33/16,0,-1/16,1/16,True,True,2
-2,0,-1,2,31/16,33/16,3,47/8,49/8,True,True,2
-2,0,0,-2,-2,2,-2,-4,4,True,True,22
-2,0,0,-2,-2,2,0,-1,1,True,False,22
-2,0,0,-2,-2,2,3,-6,6,True,True,22
-2,0,0,-2,0,1,-2,-2,0,True,True,7
-2,0,0,-2,0,1,0,-1,1,True,False,7
-2,0,0,-2,0,1,3,0,3,True,True,7
-2,0,0,-2,1/7,13/7,-2,-4,0,True,True,10
-2,0,0,-2,1/7,13/7,0,-1,1,True,False,10
-2,0,0,-2,1/7,13/7,3,1/2,11/2,True,False,10
-2,0,0,-2,-3/4,-1/4,-2,0,2,True,True,5
-2,0,0,-2,-3/4,-1/4,0,-1,1,True,False,5
-2,0,0,-2,-3/4,-1/4,3,-5/2,-1/2,True,False,5
-2,0,0,-2,1/2,1/2,-2,-2,-2,True,True,1
-2,0,0,-2,1/2,1/2,0,-1,-1,True,True,1
-2,0,0,-2,1/2,1/2,3,1/2,1/2,True,True,1
-2,0,0,-2,-1/2,-1/2,-2,0,0,True,True,1
-2,0,0,-2,-1/2,-1/2,0,-1,-1,True,True,1
-2,0,0,-2,-1/2,-1/2,3,-5/2,-5/2,True,True,1
-2,0,0,-2,0,0,-2,0,0,True,True,1
-2,0,0,-2,0,0,0,0,0,True,True,1
-2,0,0,-2,0,0,3,0,0,True,True,1
-2,0,0,-2,3/8,5/8,-2,-2,0,True,True,3
-2,0,0,-2,3/8,5/8,0,-1,1,True,False,3
-2,0,0,-2,3/8,5/8,3,1/2,5/2,True,False,3
-2,0,0,-2,-1/100,1/100,-2,0,0,True,True,2
-2,0,0,-2,-1/100,1/100,0,-1/50,1/50,True,True,2
-2,0,0,-2,-1/100,1/100,3,-1/20,1/20,True,True,2
-2,0,0,-2,-11/7,-5/7,-2,2,4,True,True,6
-2,0,0,-2,-11/7,-5/7,0,-1,1,True,False,6
-2,0,0,-2,-11/7,-5/7,3,-11/2,-11/7,True,True,6
-2,0,0,-2,31/16,33/16,-2,-4,-4,True,True,2
-2,0,0,-2,31/16,33/16,0,-1/8,1/8,True,True,2
-2,0,0,-2,31/16,33/16,3,91/16,101/16,True,True,2
-2,0,0,-1,-2,2,-2,-4,4,True,True,22
-2,0,0,-1,-2,2,0,-1/2,1/2,True,False,22
-2,0,0,-1,-2,2,3,-6,6,True,True,22
-2,0,0,-1,0,1,-2,-2,0,True,True,7
-2,0,0,-1,0,1,0,-1/2,1/2,True,False,7
-2,0,0,-1,0,1,3,0,3,True,True,7
-2,0,0,-1,1/7,13/7,-2,-27/7,-1/7,True,True,10
-2,0,0,-1,1/7,13/7,0,-1/2,1/2,True,False,10
-2,0,0,-1,1/7,13/7,3,4/7,38/7,True,True,10
-2,0,0,-1,-3/4,-1/4,-2,1/4,7/4,True,True,5
-2,0,0,-1,-3/4,-1/4,0,-1/2,1/2,True,False,5
-2,0,0,-1,-3/4,-1/4,3,-2,-1,True,True,5
-2,0,0,-1,1/2,1/2,-2,-3/2,-3/2,True,True,1
-2,0,0,-1,1/2,1/2,0,-1/2,-1/2,True,True,1
-2,0,0,-1,1/2,1/2,3,1,1,True,True,1
-2,0,0,-1,-1/2,-1/2,-2,1/2,1/2,True,True,1
-2,0,0,-1,-1/2,-1/2,0,-1/2,-1/2,True,True,1
-2,0,0,-1,-1/2,-1/2,3,-2,-2,True,True,1
-2,0,0,-1,0,0,-2,0,0,True,True,1
-2,0,0,-1,0,0,0,0,0,True,True,1
-2,0,0,-1,0,0,3,0,0,True,True,1
-2,0,0,-1,3/8,5/8,-2,-13/8,-3/8,True,True,3
-2,0,0,-1,3/8,5/8,0,-1/2,1/2,True,False,3
-2,0,0,-1,3/8,5/8,3,1,2,True,False,3
-2,0,0,-1,-1/100,1/100,-2,-1/100,1/100,True,True,2
-2,0,0,-1,-1/100,1/100,0,-1/100,1/100,True,True,2
-2,0,0,-1,-1/100,1/100,3,-1/25,1/25,True,True,2
-2,0,0,-1,-11/7,-5/7,-2,12/7,25/7,True,True,6
-2,0,0,-1,-11/7,-5/7,0,-1/2,1/2,True,False,6
-2,0,0,-1,-11/7,-5/7,3,-5,-13/7,True,True,6
-2,0,0,-1,31/16,33/16,-2,-65/16,-63/16,True,True,2
-2,0,0,-1,31/16,33/16,0,-1/16,1/16,True,True,2
-2,0,0,-1,31/16,33/16,3,23/4,25/4,True,True,2
-2,0,0,0,-2,2,-2,-4,4,True,True,22
-2,0,0,0,-2,2,0,0,0,True,True,22
-2,0,0,0,-2,2,3,-6,6,True,True,22
-2,0,0,0,0,1,-2,-2,0,True,True,7
-2,0,0,0,0,1,0,0,0,True,True,7
-2,0,0,0,0,1,3,0,3,True,True,7
-2,0,0,0,1/7,13/7,-2,-26/7,-2/7,True,True,10
-2,0,0,0,1/7,13/7,0,0,0,True,True,10
-2,0,0,0,1/7,13/7,3,3/7,39/7,True,True,10
-2,0,0,0,-3/4,-1/4,-2,1/2,3/2,True,True,5
-2,0,0,0,-3/4,-1/4,0,0,0,True,True,5
-2,0,0,0,-3/4,-1/4,3,-9/4,-3/4,True,True,5
-2,0,0,0,1/2,1/2,-2,-1,-1,True,True,1
-2,0,0,0,1/2,1/2,0,0,0,True,True,1
-2,0,0,0,1/2,1/2,3,3/2,3/2,True,True,1
-2,0,0,0,-1/2,-1/2,-2,1,1,True,True,1
-2,0,0,0,-1/2,-1/2,0,0,0,True,True,1
-2,0,0,0,-1/2,-1/2,3,-3/2,-3/2,True,True,1
-2,0,0,0,0,0,-2,0,0,True,True,1
-2,0,0,0,0,0,0,0,0,True,True,1
-2,0,0,0,0,0,3,0,0,True,True,1
-2,0,0,0,3/8,5/8,-2,-5/4,-3/4,True,True,3
-2,0,0,0,3/8,5/8,0,0,0,True,True,3
-2,0,0,0,3/8,5/8,3,9/8,15/8,True,True,3
-2,0,0,0,-1/100,1/100,-2,-1/50,1/50,True,True,2
-2,0,0,0,-1/100,1/100,0,0,0,True,True,2
-2,0,0,0,-1/100,1/100,3,-3/100,3/100,True,True,2
-2,0,0,0,-11/7,-5/7,-2,10/7,22/7,True,True,6
-2,0,0,0,-11/7,-5/7,0,0,0,True,True,6
-2,0,0,0,-11/7,-5/7,3,-33/7,-15/7,True,True,6
-2,0,0,0,31/16,33/16,-2,-33/8,-31/8,True,True,2
-2,0,0,0,31/16,33/16,0,0,0,True,True,2
-2,0,0,0,31/16,33/16,3,93/16,99/16,True,True,2
-2,0,0,1,-2,2,-2,-4,4,True,True,22
-2,0,0,1,-2,2,0,-1/2,1/2,False,True,22
-2,0,0,1,-2,2,3,-6,6,True,True,22
-2,0,0,1,0,1,-2,-2,0,True,True,7
-2,0,0,1,0,1,0,-1/2,1/2,False,True,7
-2,0,0,1,0,1,3,0,3,True,True,7
-2,0,0,1,1/7,13/7,-2,-25/7,-3/7,True,True,10
-2,0,0,1,1/7,13/7,0,-1/2,1/2,False,True,10
-2,0,0,1,1/7,13/7,3,2/7,40/7,True,True,10
-2,0,0,1,-3/4,-1/4,-2,1/2,3/2,False,True,5
-2,0,0,1,-3/4,-1/4,0,-1/2,1/2,False,True,5
-2,0,0,1,-3/4,-1/4,3,-5/2,-1/2,True,True,5
-2,0,0,1,1/2,1/2,-2,-1/2,-1/2,True,True,1
-2,0,0,1,1/2,1/2,0,1/2,1/2,True,True,1
-2,0,0,1,1/2,1/2,3,2,2,True,True,1
-2,0,0,1,-1/2,-1/2,-2,3/2,3/2,True,True,1
-2,0,0,1,-1/2,-1/2,0,1/2,1/2,True,True,1
-2,0,0,1,-1/2,-1/2,3,-1,-1,True,True,1
-2,0,0,1,0,0,-2,0,0,True,True,1
-2,0,0,1,0,0,0,0,0,True,True,1
-2,0,0,1,0,0,3,0,0,True,True,1
-2,0,0,1,3/8,5/8,-2,-3/2,-1/2,False,True,3
-2,0,0,1,3/8,5/8,0,-1/2,1/2,False,True,3
-2,0,0,1,3/8,5/8,3,3/4,9/4,True,True,3
-2,0,0,1,-1/100,1/100,-2,-3/100,3/100,True,True,2
-2,0,0,1,-1/100,1/100,0,-1/100,1/100,True,True,2
-2,0,0,1,-1/100,1/100,3,-1/50,1/50,True,True,2
-2,0,0,1,-11/7,-5/7,-2,8/7,7/2,True,True,6
-2,0,0,1,-11/7,-5/7,0,-1/2,1/2,False,True,6
-2,0,0,1,-11/7,-5/7,3,-36/7,-17/7,True,True,6
-2,0,0,1,31/16,33/16,-2,-67/16,-61/16,True,True,2
-2,0,0,1,31/16,33/16,0,-1/16,1/16,True,True,2
-2,0,0,1,31/16,33/16,3,47/8,49/8,True,True,2
-2,0,0,2,-2,2,-2,-4,4,True,True,22
-2,0,0,2,-2,2,0,-1,1,False,True,22
-2,0,0,2,-2,2,3,-6,6,True,True,22
-2,0,0,2,0,1,-2,-2,0,True,True,7
-2,0,0,2,0,1,0,-1,1,False,True,7
-2,0,0,2,0,1,3,0,3,True,True,7
-2,0,0,2,1/7,13/7,-2,-4,0,False,True,10
-2,0,0,2,1/7,13/7,0,-1,1,False,True,10
-2,0,0,2,1/7,13/7,3,1/7,41/7,True,True,10
-2,0,0,2,-3/4,-1/4,-2,0,2,False,True,5
-2,0,0,2,-3/4,-1/4,0,-1,1,False,True,5
-2,0,0,2,-3/4,-1/4,3,-11/4,-1/4,True,True,5
-2,0,0,2,1/2,1/2,-2,0,0,True,True,1
-2,0,0,2,1/2,1/2,0,1,1,True,True,1
-2,0,0,2,1/2,1/2,3,5/2,5/2,True,True,1
-2,0,0,2,-1/2,-1/2,-2,2,2,True,True,1
-2,0,0,2,-1/2,-1/2,0,1,1,True,True,1
-2,0,0,2,-1/2,-1/2,3,-1/2,-1/2,True,True,1
-2,0,0,2,0,0,-2,0,0,True,True,1
-2,0,0,2,0,0,0,0,0,True,True,1
-2,0,0,2,0,0,3,0,0,True,True,1
-2,0,0,2,3/8,5/8,-2,-2,0,False,True,3
-2,0,0,2,3/8,5/8,0,-1,1,False,True,3
-2,0,0,2,3/8,5/8,3,3/8,21/8,True,True,3
-2,0,0,2,-1/100,1/100,-2,-1/25,1/25,True,True,2
-2,0,0,2,-1/100,1/100,0,-1/50,1/50,True,True,2
-2,0,0,2,-1/100,1/100,3,-1/100,1/100,True,True,2
-2,0,0,2,-11/7,-5/7,-2,6/7,4,True,True,6
-2,0,0,2,-11/7,-5/7,0,-1,1,False,True,6
-2,0,0,2,-11/7,-5/7,3,-39/7,-19/7,True,True,6
-2,0,0,2,31/16,33/16,-2,-17/4,-15/4,True,True,2
-2,0,0,2,31/16,33/16,0,-1/8,1/8,True,True,2
-2,0,0,2,31/16,33/16,3,95/16,97/16,True,True,2
-2,0,1,-2,-2,2,-2,-33/8,33/8,False,True,22
-2,0,1,-2,-2,2,0,-1,1,True,False,22
-2,0,1,-2,-2,2,3,-6,6,True,True,22
-2,0,1,-2,0,1,-2,-17/8,1/8,False,True,7
-2,0,1,-2,0,1,0,-1,1,True,False,7
-2,0,1,-2,0,1,3,0,3,True,True,7
-2,0,1,-2,1/7,13/7,-2,-33/8,1/8,False,True,10
-2,0,1,-2,1/7,13/7,0,-1,1,True,False,10
-2,0,1,-2,1/7,13/7,3,1/2,11/2,True,False,10
-2,0,1,-2,-3/4,-1/4,-2,-1/8,17/8,False,True,5
-2,0,1,-2,-3/4,-1/4,0,-1,1,True,False,5
-2,0,1,-2,-3/4,-1/4,3,-5/2,-1/2,True,False,5
-2,0,1,-2,1/2,1/2,-2,-2,-2,True,True,1
-2,0,1,-2,1/2,1/2,0,-1,-1,True,True,1
-2,0,1,-2,1/2,1/2,3,1/2,1/2,True,True,1
-2,0,1,-2,-1/2,-1/2,-2,0,0,True,True,1
-2,0,1,-2,-1/2,-1/2,0,-1,-1,True,True,1
-2,0,1,-2,-1/2,-1/2,3,-5/2,-5/2,True,True,1
-2,0,1,-2,0,0,-2,0,0,True,True,1
-2,0,1,-2,0,0,0,0,0,True,True,1
-2,0,1,-2,0,0,3,0,0,True,True,1
-2,0,1,-2,3/8,5/8,-2,-17/8,1/8,False,True,3
-2,0,1,-2,3/8,5/8,0,-1,1,True,False,3
-2,0,1,-2,3/8,5/8,3,1/2,5/2,True,False,3
-2,0,1,-2,-1/100,1/100,-2,-1/100,1/100,True,True,2
-2,0,1,-2,-1/100,1/100,0,-1/100,1/100,True,True,2
-2,0,1,-2,-1/100,1/100,3,-1/25,1/25,True,True,2
-2,0,1,-2,-11/7,-5/7,-2,15/8,57/14,False,True,6
-2,0,1,-2,-11/7,-5/7,0,-1,1,True,False,6
-2,0,1,-2,-11/7,-5/7,3,-11/2,-45/28,True,True,6
-2,0,1,-2,31/16,33/16,-2,-65/16,-63/16,True,True,2
-2,0,1,-2,31/16,33/16,0,-1/16,1/16,True,True,2
-2,0,1,-2,31/16,33/16,3,23/4,25/4,True,True,2
-2,0,1,-1,-2,2,-2,-4,4,True,True,22
-2,0,1,-1,-2,2,0,-1/2,1/2,True,True,22
-2,0,1,-1,-2,2,3,-6,6,True,True,22
-2,0,1,-1,0,1,-2,-2,0,True,True,7
-2,0,1,-1,0,1,0,-1/2,1/2,True,True,7
-2,0,1,-1,0,1,3,0,3,True,True,7
-2,0,1,-1,1/7,13/7,-2,-111/28,-1/28,True,True,10
-2,0,1,-1,1/7,13/7,0,-1/2,1/2,True,True,10
-2,0,1,-1,1/7,13/7,3,19/28,149/28,True,True,10
-2,0,1,-1,-3/4,-1/4,-2,1/4,7/4,True,True,5
-2,0,1,-1,-3/4,-1/4,0,-1/2,1/2,True,True,5
-2,0,1,-1,-3/4,-1/4,3,-2,-1,True,True,5
-2,0,1,-1,1/2,1/2,-2,-3/2,-3/2,True,True,1
-2,0,1,-1,1/2,1/2,0,-1/2,-1/2,True,True,1
-2,0,1,-1,1/2,1/2,3,1,1,True,True,1
-2,0,1,-1,-1/2,-1/2,-2,1/2,1/2,True,True,1
-2,0,1,-1,-1/2,-1/2,0,-1/2,-1/2,True,True,1
-2,0,1,-1,-1/2,-1/2,3,-2,-2,True,True,1
-2,0,1,-1,0,0,-2,0,0,True,True,1
-2,0,1,-1,0,0,0,0,0,True,True,1
-2,0,1,-1,0,0,3,0,0,True,True,1
-2,0,1,-1,3/8,5/8,-2,-7/4,-1/4,False,True,3
-2,0,1,-1,3/8,5/8,0,-1/2,1/2,True,True,3
-2,0,1,-1,3/8,5/8,3,1,2,True,False,3
-2,0,1,-1,-1/100,1/100,-2,-1/50,1/50,True,True,2
-2,0,1,-1,-1/100,1/100,0,0,0,True,True,2
-2,0,1,-1,-1/100,1/100,3,-3/100,3/100,True,True,2
-2,0,1,-1,-11/7,-5/7,-2,47/28,51/14,True,True,6
-2,0,1,-1,-11/7,-5/7,0,-1/2,1/2,True,True,6
-2,0,1,-1,-11/7,-5/7,3,-5,-53/28,True,True,6
-2,0,1,-1,31/16,33/16,-2,-33/8,-31/8,True,True,2
-2,0,1,-1,31/16,33/16,0,0,0,True,True,2
-2,0,1,-1,31/16,33/16,3,93/16,99/16,True,True,2
-2,0,1,0,-2,2,-2,-4,4,True,True,22
-2,0,1,0,-2,2,0,-1/8,1/8,False,True,22
-2,0,1,0,-2,2,3,-6,6,True,True,22
-2,0,1,0,0,1,-2,-2,0,True,True,7
-2,0,1,0,0,1,0,-1/8,1/8,False,True,7
-2,0,1,0,0,1,3,0,3,True,True,7
-2,0,1,0,1/7,13/7,-2,-107/28,-5/28,True,True,10
-2,0,1,0,1/7,13/7,0,-1/8,1/8,False,True,10
-2,0,1,0,1/7,13/7,3,15/28,153/28,True,True,10
-2,0,1,0,-3/4,-1/4,-2,1/2,3/2,True,True,5
-2,0,1,0,-3/4,-1/4,0,-1/8,1/8,False,True,5
-2,0,1,0,-3/4,-1/4,3,-9/4,-3/4,True,True,5
-2,0,1,0,1/2,1/2,-2,-1,-1,True,True,1
-2,0,1,0,1/2,1/2,0,0,0,True,True,1
-2,0,1,0,1/2,1/2,3,3/2,3/2,True,True,1
-2,0,1,0,-1/2,-1/2,-2,1,1,True,True,1
-2,0,1,0,-1/2,-1/2,0,0,0,True,True,1
-2,0,1,0,-1/2,-1/2,3,-3/2,-3/2,True,True,1
-2,0,1,0,0,0,-2,0,0,True,True,1
-2,0,1,0,0,0,0,0,0,True,True,1
-2,0,1,0,0,0,3,0,0,True,True,1
-2,0,1,0,3/8,5/8,-2,-11/8,-5/8,False,True,3
-2,0,1,0,3/8,5/8,0,-1/8,1/8,False,True,3
-2,0,1,0,3/8,5/8,3,5/4,2,True,True,3
-2,0,1,0,-1/100,1/100,-2,-3/100,3/100,True,True,2
-2,0,1,0,-1/100,1/100,0,-1/100,1/100,True,True,2
-2,0,1,0,-1/100,1/100,3,-1/50,1/50,True,True,2
-2,0,1,0,-11/7,-5/7,-2,39/28,45/14,True,True,6
-2,0,1,0,-11/7,-5/7,0,-1/8,1/8,False,True,6
-2,0,1,0,-11/7,-5/7,3,-65/14,-61/28,True,True,6
-2,0,1,0,31/16,33/16,-2,-67/16,-61/16,True,True,2
-2,0,1,0,31/16,33/16,0,-1/16,1/16,True,True,2
-2,0,1,0,31/16,33/16,3,47/8,49/8,True,True,2
-2,0,1,1,-2,2,-2,-4,4,True,True,22
-2,0,1,1,-2,2,0,-1/2,1/2,False,True,22
-2,0,1,1,-2,2,3,-6,6,True,True,22
-2,0,1,1,0,1,-2,-2,0,True,True,7
-2,0,1,1,0,1,0,-1/2,1/2,False,True,7
-2,0,1,1,0,1,3,0,3,True,True,7
-2,0,1,1,1/7,13/7,-2,-103/28,-9/28,True,True,10
-2,0,1,1,1/7,13/7,0,-1/2,1/2,False,True,10
-2,0,1,1,1/7,13/7,3,11/28,157/28,True,True,10
-2,0,1,1,-3/4,-1/4,-2,1/2,3/2,False,True,5
-2,0,1,1,-3/4,-1/4,0,-1/2,1/2,False,True,5
-2,0,1,1,-3/4,-1/4,3,-5/2,-1/2,True,True,5
-2,0,1,1,1/2,1/2,-2,-1/2,-1/2,True,True,1
-2,0,1,1,1/2,1/2,0,1/2,1/2,True,True,1
-2,0,1,1,1/2,1/2,3,2,2,True,True,1
-2,0,1,1,-1/2,-1/2,-2,3/2,3/2,True,True,1
-2,0,1,1,-1/2,-1/2,0,1/2,1/2,True,True,1
-2,0,1,1,-1/2,-1/2,3,-1,-1,True,True,1
-2,0,1,1,0,0,-2,0,0,True,True,1
-2,0,1,1,0,0,0,0,0,True,True,1
-2,0,1,1,0,0,3,0,0,True,True,1
-2,0,1,1,3/8,5/8,-2,-3/2,-1/2,False,True,3
-2,0,1,1,3/8,5/8,0,-1/2,1/2,False,True,3
-2,0,1,1,3/8,5/8,3,7/8,19/8,True,True,3
-2,0,1,1,-1/100,1/100,-2,-1/25,1/25,True,True,2
-2,0,1,1,-1/100,1/100,0,-1/50,1/50,True,True,2
-2,0,1,1,-1/100,1/100,3,-1/100,1/100,True,True,2
-2,0,1,1,-11/7,-5/7,-2,31/28,7/2,True,True,6
-2,0,1,1,-11/7,-5/7,0,-1/2,1/2,False,True,6
-2,0,1,1,-11/7,-5/7,3,-71/14,-69/28,True,True,6
-2,0,1,1,31/16,33/16,-2,-17/4,-15/4,True,True,2
-2,0,1,1,31/16,33/16,0,-1/8,1/8,True,True,2
-2,0,1,1,31/16,33/16,3,95/16,97/16,True,True,2
-2,0,1,2,-2,2,-2,-4,4,True,True,22
-2,0,1,2,-2,2,0,-1,1,False,True,22
-2,0,1,2,-2,2,3,-6,6,True,True,22
-2,0,1,2,0,1,-2,-2,0,True,True,7
-2,0,1,2,0,1,0,-1,1,False,True,7
-2,0,1,2,0,1,3,0,3,True,True,7
-2,0,1,2,1/7,13/7,-2,-4,0,False,True,10
-2,0,1,2,1/7,13/7,0,-1,1,False,True,10
-2,0,1,2,1/7,13/7,3,1/4,23/4,True,True,10
-2,0,1,2,-3/4,-1/4,-2,0,2,False,True,5
-2,0,1,2,-3/4,-1/4,0,-1,1,False,True,5
-2,0,1,2,-3/4,-1/4,3,-11/4,-1/4,True,True,5
-2,0,1,2,1/2,1/2,-2,0,0,True,True,1
-2,0,1,2,1/2,1/2,0,1,1,True,True,1
-2,0,1,2,1/2,1/2,3,5/2,5/2,True,True,1
-2,0,1,2,-1/2,-1/2,-2,2,2,True,True,1
-2,0,1,2,-1/2,-1/2,0,1,1,True,True,1
-2,0,1,2,-1/2,-1/2,3,-1/2,-1/2,True,True,1
-2,0,1,2,0,0,-2,0,0,True,True,1
-2,0,1,2,0,0,0,0,0,True,True,1
-2,0,1,2,0,0,3,0,0,True,True,1
-2,0,1,2,3/8,5/8,-2,-2,0,False,True,3
-2,0,1,2,3/8,5/8,0,-1,1,False,True,3
-2,0,1,2,3/8,5/8,3,1/2,11/4,True,True,3
-2,0,1,2,-1/100,1/100,-2,-1/20,1/20,True,True,2
-2,0,1,2,-1/100,1/100,0,-3/100,3/100,True,True,2
-2,0,1,2,-1/100,1/100,3,0,0,True,True,2
-2,0,1,2,-11/7,-5/7,-2,23/28,4,True,True,6
-2,0,1,2,-11/7,-5/7,0,-1,1,False,True,6
-2,0,1,2,-11/7,-5/7,3,-11/2,-11/4,True,True,6
-2,0,1,2,31/16,33/16,-2,-69/16,-59/16,True,True,2
-2,0,1,2,31/16,33/16,0,-3/16,3/16,True,True,2
-2,0,1,2,31/16,33/16,3,6,6,True,True,2
-2,0,2,-2,-2,2,-2,-17/4,17/4,False,True,22
-2,0,2,-2,-2,2,0,-1,1,True,True,22
-2,0,2,-2,-2,2,3,-6,6,True,True,22
-2,0,2,-2,0,1,-2,-9/4,1/4,False,True,7
-2,0,2,-2,0,1,0,-1,1,True,True,7
-2,0,2,-2,0,1,3,0,3,True,True,7
-2,0,2,-2,1/7,13/7,-2,-17/4,1/4,False,True,10
-2,0,2,-2,1/7,13/7,0,-1,1,True,True,10
-2,0,2,-2,1/7,13/7,3,1/2,11/2,True,False,10
-2,0,2,-2,-3/4,-1/4,-2,-1/4,9/4,False,True,5
-2,0,2,-2,-3/4,-1/4,0,-1,1,True,True,5
-2,0,2,-2,-3/4,-1/4,3,-5/2,-1/2,True,False,5
-2,0,2,-2,1/2,1/2,-2,-2,-2,True,True,1
-2,0,2,-2,1/2,1/2,0,-1,-1,True,True,1
-2,0,2,-2,1/2,1/2,3,1/2,1/2,True,True,1
-2,0,2,-2,-1/2,-1/2,-2,0,0,True,True,1
-2,0,2,-2,-1/2,-1/2,0,-1,-1,True,True,1
-2,0,2,-2,-1/2,-1/2,3,-5/2,-5/2,True,True,1
-2,0,2,-2,0,0,-2,0,0,True,True,1
-2,0,2,-2,0,0,0,0,0,True,True,1
-2,0,2,-2,0,0,3,0,0,True,True,1
-2,0,2,-2,3/8,5/8,-2,-9/4,1/4,False,True,3
-2,0,2,-2,3/8,5/8,0,-1,1,True,True,3
-2,0,2,-2,3/8,5/8,3,1/2,5/2,True,False,3
-2,0,2,-2,-1/100,1/100,-2,-1/50,1/50,True,True,2
-2,0,2,-2,-1/100,1/100,0,0,0,True,True,2
-2,0,2,-2,-1/100,1/100,3,-3/100,3/100,True,True,2
-2,0,2,-2,-11/7,-5/7,-2,7/4,29/7,False,True,6
-2,0,2,-2,-11/7,-5/7,0,-1,1,True,True,6
-2,0,2,-2,-11/7,-5/7,3,-11/2,-23/14,True,True,6
-2,0,2,-2,31/16,33/16,-2,-33/8,-31/8,True,True,2
-2,0,2,-2,31/16,33/16,0,0,0,True,True,2
-2,0,2,-2,31/16,33/16,3,93/16,99/16,True,True,2
-2,0,2,-1,-2,2,-2,-33/8,33/8,False,True,22
-2,0,2,-1,-2,2,0,-5/8,5/8,False,True,22
-2,0,2,-1,-2,2,3,-6,6,True,True,22
-2,0,2,-1,0,1,-2,-17/8,1/8,False,True,7
-2,0,2,-1,0,1,0,-5/8,5/8,False,True,7
-2,0,2,-1,0,1,3,0,3,True,True,7
-2,0,2,-1,1/7,13/7,-2,-57/14,1/14,True,True,10
-2,0,2,-1,1/7,13/7,0,-5/8,5/8,False,True,10
-2,0,2,-1,1/7,13/7,3,11/14,73/14,True,True,10
-2,0,2,-1,-3/4,-1/4,-2,1/8,15/8,False,True,5
-2,0,2,-1,-3/4,-1/4,0,-5/8,5/8,False,True,5
-2,0,2,-1,-3/4,-1/4,3,-2,-1,True,True,5
-2,0,2,-1,1/2,1/2,-2,-3/2,-3/2,True,True,1
-2,0,2,-1,1/2,1/2,0,-1/2,-1/2,True,True,1
-2,0,2,-1,1/2,1/2,3,1,1,True,True,1
-2,0,2,-1,-1/2,-1/2,-2,1/2,1/2,True,True,1
-2,0,2,-1,-1/2,-1/2,0,-1/2,-1/2,True,True,1
-2,0,2,-1,-1/2,-1/2,3,-2,-2,True,True,1
-2,0,2,-1,0,0,-2,0,0,True,True,1
-2,0,2,-1,0,0,0,0,0,True,True,1
-2,0,2,-1,0,0,3,0,0,True,True,1
-2,0,2,-1,3/8,5/8,-2,-15/8,-1/8,False,True,3
-2,0,2,-1,3/8,5/8,0,-5/8,5/8,False,True,3
-2,0,2,-1,3/8,5/8,3,1,2,True,False,3
-2,0,2,-1,-1/100,1/100,-2,-3/100,3/100,True,True,2
-2,0,2,-1,-1/100,1/100,0,-1/100,1/100,True,True,2
-2,0,2,-1,-1/100,1/100,3,-1/50,1/50,True,True,2
-2,0,2,-1,-11/7,-5/7,-2,13/8,26/7,False,True,6
-2,0,2,-1,-11/7,-5/7,0,-5/8,4/7,False,True,6
-2,0,2,-1,-11/7,-5/7,3,-5,-27/14,True,True,6
-2,0,2,-1,31/16,33/16,-2,-67/16,-61/16,True,True,2
-2,0,2,-1,31/16,33/16,0,-1/16,1/16,True,True,2
-2,0,2,-1,31/16,33/16,3,47/8,49/8,True,True,2
-2,0,2,0,-2,2,-2,-4,4,True,True,22
-2,0,2,0,-2,2,0,-1/4,1/4,False,True,22
-2,0,2,0,-2,2,3,-6,6,True,True,22
-2,0,2,0,0,1,-2,-2,0,True,True,7
-2,0,2,0,0,1,0,-1/4,1/4,False,True,7
-2,0,2,0,0,1,3,0,3,True,True,7
-2,0,2,0,1/7,13/7,-2,-55/14,-1/14,True,True,10
-2,0,2,0,1/7,13/7,0,-1/4,1/4,False,True,10
-2,0,2,0,1/7,13/7,3,9/14,75/14,True,True,10
-2,0,2,0,-3/4,-1/4,-2,1/2,3/2,True,True,5
-2,0,2,0,-3/4,-1/4,0,-1/4,1/4,False,True,5
-2,0,2,0,-3/4,-1/4,3,-9/4,-3/4,True,True,5
-2,0,2,0,1/2,1/2,-2,-1,-1,True,True,1
-2,0,2,0,1/2,1/2,0,0,0,True,True,1
-2,0,2,0,1/2,1/2,3,3/2,3/2,True,True,1
-2,0,2,0,-1/2,-1/2,-2,1,1,True,True,1
-2,0,2,0,-1/2,-1/2,0,0,0,True,True,1
-2,0,2,0,-1/2,-1/2,3,-3/2,-3/2,True,True,1
-2,0,2,0,0,0,-2,0,0,True,True,1
-2,0,2,0,0,0,0,0,0,True,True,1
-2,0,2,0,0,0,3,0,0,True,True,1
-2,0,2,0,3/8,5/8,-2,-3/2,-1/2,False,True,3
-2,0,2,0,3/8,5/8,0,-1/4,1/4,False,True,3
-2,0,2,0,3/8,5/8,3,11/8,17/8,True,True,3
-2,0,2,0,-1/100,1/100,-2,-1/25,1/25,True,True,2
-2,0,2,0,-1/100,1/100,0,-1/50,1/50,True,True,2
-2,0,2,0,-1/100,1/100,3,-1/100,1/100,True,True,2
-2,0,2,0,-11/7,-5/7,-2,19/14,23/7,True,True,6
-2,0,2,0,-11/7,-5/7,0,-1/4,1/4,False,True,6
-2,0,2,0,-11/7,-5/7,3,-32/7,-31/14,True,True,6
-2,0,2,0,31/16,33/16,-2,-17/4,-15/4,True,True,2
-2,0,2,0,31/16,33/16,0,-1/8,1/8,True,True,2
-2,0,2,0,31/16,33/16,3,95/16,97/16,True,True,2
-2,0,2,1,-2,2,-2,-4,4,True,True,22
-2,0,2,1,-2,2,0,-5/8,5/8,False,True,22
-2,0,2,1,-2,2,3,-6,6,True,True,22
-2,0,2,1,0,1,-2,-2,0,True,True,7
-2,0,2,1,0,1,0,-5/8,5/8,False,True,7
-2,0,2,1,0,1,3,0,3,True,True,7
-2,0,2,1,1/7,13/7,-2,-53/14,-3/14,True,True,10
-2,0,2,1,1/7,13/7,0,-5/8,5/8,False,True,10
-2,0,2,1,1/7,13/7,3,1/2,11/2,True,True,10
-2,0,2,1,-3/4,-1/4,-2,1/2,3/2,False,True,5
-2,0,2,1,-3/4,-1/4,0,-5/8,5/8,False,True,5
-2,0,2,1,-3/4,-1/4,3,-5/2,-1/2,True,True,5
-2,0,2,1,1/2,1/2,-2,-1/2,-1/2,True,True,1
-2,0,2,1,1/2,1/2,0,1/2,1/2,True,True,1
-2,0,2,1,1/2,1/2,3,2,2,True,True,1
-2,0,2,1,-1/2,-1/2,-2,3/2,3/2,True,True,1
-2,0,2,1,-1/2,-1/2,0,1/2,1/2,True,True,1
-2,0,2,1,-1/2,-1/2,3,-1,-1,True,True,1
-2,0,2,1,0,0,-2,0,0,True,True,1
-2,0,2,1,0,0,0,0,0,True,True,1
-2,0,2,1,0,0,3,0,0,True,True,1
-2,0,2,1,3/8,5/8,-2,-3/2,-1/2,False,True,3
-2,0,2,1,3/8,5/8,0,-1/2,5/8,False,True,3
-2,0,2,1,3/8,5/8,3,1,5/2,True,True,3
-2,0,2,1,-1/100,1/100,-2,-1/20,1/20,True,True,2
-2,0,2,1,-1/100,1/100,0,-3/100,3/100,True,True,2
-2,0,2,1,-1/100,1/100,3,0,0,True,True,2
-2,0,2,1,-11/7,-5/7,-2,15/14,7/2,True,True,6
-2,0,2,1,-11/7,-5/7,0,-1/2,5/8,False,True,6
-2,0,2,1,-11/7,-5/7,3,-5,-5/2,True,True,6
-2,0,2,1,31/16,33/16,-2,-69/16,-59/16,True,True,2
-2,0,2,1,31/16,33/16,0,-3/16,3/16,True,True,2
-2,0,2,1,31/16,33/16,3,6,6,True,True,2
-2,0,2,2,-2,2,-2,-4,4,True,True,22
-2,0,2,2,-2,2,0,-1,1,False,True,22
-2,0,2,2,-2,2,3,-49/8,49/8,False,True,22
-2,0,2,2,0,1,-2,-2,0,True,True,7
-2,0,2,2,0,1,0,-1,1,False,True,7
-2,0,2,2,0,1,3,-1/8,25/8,False,True,7
-2,0,2,2,1/7,13/7,-2,-4,0,False,True,10
-2,0,2,2,1/7,13/7,0,-1,1,False,True,10
-2,0,2,2,1/7,13/7,3,1/8,47/8,False,True,10
-2,0,2,2,-3/4,-1/4,-2,0,2,False,True,5
-2,0,2,2,-3/4,-1/4,0,-1,1,False,True,5
-2,0,2,2,-3/4,-1/4,3,-23/8,-1/8,False,True,5
-2,0,2,2,1/2,1/2,-2,0,0,True,True,1
-2,0,2,2,1/2,1/2,0,1,1,True,True,1
-2,0,2,2,1/2,1/2,3,5/2,5/2,True,True,1
-2,0,2,2,-1/2,-1/2,-2,2,2,True,True,1
-2,0,2,2,-1/2,-1/2,0,1,1,True,True,1
-2,0,2,2,-1/2,-1/2,3,-1/2,-1/2,True,True,1
-2,0,2,2,0,0,-2,0,0,True,True,1
-2,0,2,2,0,0,0,0,0,True,True,1
-2,0,2,2,0,0,3,0,0,True,True,1
-2,0,2,2,3/8,5/8,-2,-2,0,False,True,3
-2,0,2,2,3/8,5/8,0,-1,1,False,True,3
-2,0,2,2,3/8,5/8,3,1/2,23/8,False,True,3
-2,0,2,2,-1/100,1/100,-2,-3/50,3/50,True,True,2
-2,0,2,2,-1/100,1/100,0,-1/25,1/25,True,True,2
-2,0,2,2,-1/100,1/100,3,-1/100,1/100,True,True,2
-2,0,2,2,-11/7,-5/7,-2,11/14,4,True,True,6
-2,0,2,2,-11/7,-5/7,0,-1,1,False,True,6
-2,0,2,2,-11/7,-5/7,3,-11/2,-21/8,False,True,6
-2,0,2,2,31/16,33/16,-2,-35/8,-29/8,True,True,2
-2,0,2,2,31/16,33/16,0,-1/4,1/4,True,True,2
-2,0,2,2,31/16,33/16,3,95/16,97/16,True,True,2
-2,1,-2,-2,-2,2,-2,-17/4,17/4,True,False,20
-2,1,-2,-2,-2,2,0,-2,2,True,False,20
-2,1,-2,-2,-2,2,3,-6,6,True,True,20
-2,1,-2,-2,0,1,-2,-4,1/4,True,False,6
-2,1,-2,-2,0,1,0,-2,2,True,False,6
-2,1,-2,-2,0,1,3,0,5,True,False,6
-2,1,-2,-2,1/7,13/7,-2,-17/4,1/4,True,False,9
-2,1,-2,-2,1/7,13/7,0,-2,2,True,False,9
-2,1,-2,-2,1/7,13/7,3,1/2,11/2,True,True,9
-2,1,-2,-2,-3/4,-1/4,-2,-1/4,1/4,True,False,4
-2,1,-2,-2,-3/4,-1/4,0,-3/2,-1/2,True,True,4
-2,1,-2,-2,-3/4,-1/4,3,-15/4,-5/4,True,True,4
-2,1,-2,-2,1/2,1/2,-2,0,0,True,True,1
-2,1,-2,-2,1/2,1/2,0,1,1,True,True,1
-2,1,-2,-2,1/2,1/2,3,5/2,5/2,True,True,1
-2,1,-2,-2,-1/2,-1/2,-2,0,0,True,True,1
-2,1,-2,-2,-1/2,-1/2,0,-1,-1,True,True,1
-2,1,-2,-2,-1/2,-1/2,3,-5/2,-5/2,True,True,1
-2,1,-2,-2,0,0,-2,0,0,True,True,1
-2,1,-2,-2,0,0,0,0,0,True,True,1
-2,1,-2,-2,0,0,3,0,0,True,True,1
-2,1,-2,-2,3/8,5/8,-2,-1/4,1/4,True,False,2
-2,1,-2,-2,3/8,5/8,0,1/2,3/2,True,False,2
-2,1,-2,-2,3/8,5/8,3,13/8,27/8,True,False,2
-2,1,-2,-2,-1/100,1/100,-2,-1/50,1/50,True,True,2
-2,1,-2,-2,-1/100,1/100,0,-1/25,1/25,True,True,2
-2,1,-2,-2,-1/100,1/100,3,-7/100,7/100,True,True,2
-2,1,-2,-2,-11/7,-5/7,-2,-1/4,17/4,True,False,6
-2,1,-2,-2,-11/7,-5/7,0,-2,2,True,False,6
-2,1,-2,-2,-11/7,-5/7,3,-5,-1,True,False,6
-2,1,-2,-2,31/16,33/16,-2,-33/8,-31/8,True,True,2
-2,1,-2,-2,31/16,33/16,0,-1/4,1/4,True,True,2
-2,1,-2,-2,31/16,33/16,3,89/16,103/16,True,True,2
-2,1,-2,-1,-2,2,-2,-33/8,33/8,True,False,20
-2,1,-2,-1,-2,2,0,-9/8,9/8,True,False,20
-2,1,-2,-1,-2,2,3,-6,6,True,True,20
-2,1,-2,-1,0,1,-2,-3,1/8,True,False,6
-2,1,-2,-1,0,1,0,-1,9/8,True,False,6
-2,1,-2,-1,0,1,3,0,4,True,False,6
-2,1,-2,-1,1/7,13/7,-2,-31/8,-1/8,True,False,9
-2,1,-2,-1,1/7,13/7,0,-9/8,9/8,True,False,9
-2,1,-2,-1,1/7,13/7,3,5/14,79/14,True,True,9
-2,1,-2,-1,-3/4,-1/4,-2,1/8,7/8,True,False,4
-2,1,-2,-1,-3/4,-1/4,0,-7/8,-1/8,True,False,4
-2,1,-2,-1,-3/4,-1/4,3,-3,-1,True,True,4
-2,1,-2,-1,1/2,1/2,-2,-1/2,-1/2,True,True,1
-2,1,-2,-1,1/2,1/2,0,1/2,1/2,True,True,1
-2,1,-2,-1,1/2,1/2,3,2,2,True,True,1
-2,1,-2,-1,-1/2,-1/2,-2,1/2,1/2,True,True,1
-2,1,-2,-1,-1/2,-1/2,0,-1/2,-1/2,True,True,1
-2,1,-2,-1,-1/2,-1/2,3,-2,-2,True,True,1
-2,1,-2,-1,0,0,-2,0,0,True,True,1
-2,1,-2,-1,0,0,0,0,0,True,True,1
-2,1,-2,-1,0,0,3,0,0,True,True,1
-2,1,-2,-1,3/8,5/8,-2,-7/8,-3/8,True,False,2
-2,1,-2,-1,3/8,5/8,0,1/8,7/8,True,False,2
-2,1,-2,-1,3/8,5/8,3,5/4,11/4,True,False,2
-2,1,-2,-1,-1/100,1/100,-2,-1/100,1/100,True,True,2
-2,1,-2,-1,-1/100,1/100,0,-3/100,3/100,True,True,2
-2,1,-2,-1,-1/100,1/100,3,-3/50,3/50,True,True,2
-2,1,-2,-1,-11/7,-5/7,-2,5/8,29/8,True,False,6
-2,1,-2,-1,-11/7,-5/7,0,-9/8,9/8,True,False,6
-2,1,-2,-1,-11/7,-5/7,3,-31/7,-2,True,False,6
-2,1,-2,-1,31/16,33/16,-2,-65/16,-63/16,True,True,2
-2,1,-2,-1,31/16,33/16,0,-3/16,3/16,True,True,2
-2,1,-2,-1,31/16,33/16,3,45/8,51/8,True,True,2
-2,1,-2,0,-2,2,-2,-4,4,True,True,20
-2,1,-2,0,-2,2,0,-1/4,1/4,True,False,20
-2,1,-2,0,-2,2,3,-6,6,True,True,20
-2,1,-2,0,0,1,-2,-2,0,True,True,6
-2,1,-2,0,0,1,0,-1/4,1/4,True,False,6
-2,1,-2,0,0,1,3,0,3,True,True,6
-2,1,-2,0,1/7,13/7,-2,-7/2,-1/2,True,True,9
-2,1,-2,0,1/7,13/7,0,-1/4,1/4,True,False,9
-2,1,-2,0,1/7,13/7,3,3/14,81/14,True,True,9
-2,1,-2,0,-3/4,-1/4,-2,1/2,3/2,True,True,4
-2,1,-2,0,-3/4,-1/4,0,-1/4,1/4,True,False,4
-2,1,-2,0,-3/4,-1/4,3,-9/4,-3/4,True,True,4
-2,1,-2,0,1/2,1/2,-2,-1,-1,True,True,1
-2,1,-2,0,1/2,1/2,0,0,0,True,True,1
-2,1,-2,0,1/2,1/2,3,3/2,3/2,True,True,1
-2,1,-2,0,-1/2,-1/2,-2,1,1,True,True,1
-2,1,-2,0,-1/2,-1/2,0,0,0,True,True,1
-2,1,-2,0,-1/2,-1/2,3,-3/2,-3/2,True,True,1
-2,1,-2,0,0,0,-2,0,0,True,True,1
-2,1,-2,0,0,0,0,0,0,True,True,1
-2,1,-2,0,0,0,3,0,0,True,True,1
-2,1,-2,0,3/8,5/8,-2,-3/2,-1,True,True,2
-2,1,-2,0,3/8,5/8,0,-1/4,1/4,True,False,2
-2,1,-2,0,3/8,5/8,3,7/8,17/8,True,False,2
-2,1,-2,0,-1/100,1/100,-2,0,0,True,True,2
-2,1,-2,0,-1/100,1/100,0,-1/50,1/50,True,True,2
-2,1,-2,0,-1/100,1/100,3,-1/20,1/20,True,True,2
-2,1,-2,0,-11/7,-5/7,-2,3/2,3,True,True,6
-2,1,-2,0,-11/7,-5/7,0,-1/4,1/4,True,False,6
-2,1,-2,0,-11/7,-5/7,3,-34/7,-29/14,True,True,6
-2,1,-2,0,31/16,33/16,-2,-4,-4,True,True,2
-2,1,-2,0,31/16,33/16,0,-1/8,1/8,True,True,2
-2,1,-2,0,31/16,33/16,3,91/16,101/16,True,True,2
-2,1,-2,1,-2,2,-2,-4,4,True,True,20
-2,1,-2,1,-2,2,0,-9/8,9/8,True,False,20
-2,1,-2,1,-2,2,3,-6,6,True,True,20
-2,1,-2,1,0,1,-2,-3,0,False,True,6
-2,1,-2,1,0,1,0,-9/8,1,True,True,6
-2,1,-2,1,0,1,3,0,4,True,True,6
-2,1,-2,1,1/7,13/7,-2,-47/14,-9/14,True,True,9
-2,1,-2,1,1/7,13/7,0,-9/8,9/8,True,False,9
-2,1,-2,1,1/7,13/7,3,1/14,83/14,True,True,9
-2,1,-2,1,-3/4,-1/4,-2,3/4,9/4,True,True,4
-2,1,-2,1,-3/4,-1/4,0,1/8,7/8,True,False,4
-2,1,-2,1,-3/4,-1/4,3,-3/2,-1/2,True,True,4
-2,1,-2,1,1/2,1/2,-2,-3/2,-3/2,True,True,1
-2,1,-2,1,1/2,1/2,0,-1/2,-1/2,True,True,1
-2,1,-2,1,1/2,1/2,3,1,1,True,True,1
-2,1,-2,1,-1/2,-1/2,-2,3/2,3/2,True,True,1
-2,1,-2,1,-1/2,-1/2,0,1/2,1/2,True,True,1
-2,1,-2,1,-1/2,-1/2,3,-1,-1,True,True,1
-2,1,-2,1,0,0,-2,0,0,True,True,1
-2,1,-2,1,0,0,0,0,0,True,True,1
-2,1,-2,1,0,0,3,0,0,True,True,1
-2,1,-2,1,3/8,5/8,-2,-17/8,-11/8,True,True,2
-2,1,-2,1,3/8,5/8,0,-7/8,-3/8,True,False,2
-2,1,-2,1,3/8,5/8,3,1/2,3/2,True,False,2
-2,1,-2,1,-1/100,1/100,-2,-1/100,1/100,True,True,2
-2,1,-2,1,-1/100,1/100,0,-1/100,1/100,True,True,2
-2,1,-2,1,-1/100,1/100,3,-1/25,1/25,True,True,2
-2,1,-2,1,-11/7,-5/7,-2,1,3,False,True,6
-2,1,-2,1,-11/7,-5/7,0,-9/8,9/8,True,False,6
-2,1,-2,1,-11/7,-5/7,3,-37/7,-19/14,True,True,6
-2,1,-2,1,31/16,33/16,-2,-65/16,-63/16,True,True,2
-2,1,-2,1,31/16,33/16,0,-1/16,1/16,True,True,2
-2,1,-2,1,31/16,33/16,3,23/4,25/4,True,True,2
-2,1,-2,2,-2,2,-2,-4,4,True,True,20
-2,1,-2,2,-2,2,0,-2,2,True,True,20
-2,1,-2,2,-2,2,3,-49/8,49/8,True,False,20
-2,1,-2,2,0,1,-2,-4,0,False,True,6
-2,1,-2,2,0,1,0,-2,2,True,True,6
-2,1,-2,2,0,1,3,-1/8,5,True,True,6
-2,1,-2,2,1/7,13/7,-2,-4,0,False,True,9
-2,1,-2,2,1/7,13/7,0,-2,2,True,True,9
-2,1,-2,2,1/7,13/7,3,-1/14,85/14,True,True,9
-2,1,-2,2,-3/4,-1/4,-2,1,3,True,True,4
-2,1,-2,2,-3/4,-1/4,0,1/2,3/2,True,True,4
-2,1,-2,2,-3/4,-1/4,3,-7/8,-1/8,True,False,4
-2,1,-2,2,1/2,1/2,-2,-2,-2,True,True,1
-2,1,-2,2,1/2,1/2,0,-1,-1,True,True,1
-2,1,-2,2,1/2,1/2,3,1/2,1/2,True,True,1
-2,1,-2,2,-1/2,-1/2,-2,2,2,True,True,1
-2,1,-2,2,-1/2,-1/2,0,1,1,True,True,1
-2,1,-2,2,-1/2,-1/2,3,-1/2,-1/2,True,True,1
-2,1,-2,2,0,0,-2,0,0,True,True,1
-2,1,-2,2,0,0,0,0,0,True,True,1
-2,1,-2,2,0,0,3,0,0,True,True,1
-2,1,-2,2,3/8,5/8,-2,-11/4,-7/4,True,True,2
-2,1,-2,2,3/8,5/8,0,-3/2,-1,True,True,2
-2,1,-2,2,3/8,5/8,3,1/8,7/8,True,False,2
-2,1,-2,2,-1/100,1/100,-2,-1/50,1/50,True,True,2
-2,1,-2,2,-1/100,1/100,0,0,0,True,True,2
-2,1,-2,2,-1/100,1/100,3,-3/100,3/100,True,True,2
-2,1,-2,2,-11/7,-5/7,-2,0,4,False,True,6
-2,1,-2,2,-11/7,-5/7,0,-2,2,True,True,6
-2,1,-2,2,-11/7,-5/7,3,-40/7,-5/8,True,False,6
-2,1,-2,2,31/16,33/16,-2,-33/8,-31/8,True,True,2
-2,1,-2,2,31/16,33/16,0,0,0,True,True,2
-2,1,-2,2,31/16,33/16,3,93/16,99/16,True,True,2
-2,1,-1,-2,-2,2,-2,-33/8,33/8,True,False,20
-2,1,-1,-2,-2,2,0,-2,2,True,False,20
-2,1,-1,-2,-2,2,3,-6,6,True,True,20
-2,1,-1,-2,0,1,-2,-4,1/8,True,False,6
-2,1,-1,-2,0,1,0,-2,2,True,False,6
-2,1,-1,-2,0,1,3,0,5,True,False,6
-2,1,-1,-2,1/7,13/7,-2,-33/8,1/8,True,False,9
-2,1,-1,-2,1/7,13/7,0,-2,2,True,False,9
-2,1,-1,-2,1/7,13/7,3,17/28,151/28,True,True,9
-2,1,-1,-2,-3/4,-1/4,-2,-1/8,1/8,True,False,4
-2,1,-1,-2,-3/4,-1/4,0,-3/2,-1/2,True,True,4
-2,1,-1,-2,-3/4,-1/4,3,-15/4,-5/4,True,True,4
-2,1,-1,-2,1/2,1/2,-2,0,0,True,True,1
-2,1,-1,-2,1/2,1/2,0,1,1,True,True,1
-2,1,-1,-2,1/2,1/2,3,5/2,5/2,True,True,1
-2,1,-1,-2,-1/2,-1/2,-2,0,0,True,True,1
-2,1,-1,-2,-1/2,-1/2,0,-1,-1,True,True,1
-2,1,-1,-2,-1/2,-1/2,3,-5/2,-5/2,True,True,1
-2,1,-1,-2,0,0,-2,0,0,True,True,1
-2,1,-1,-2,0,0,0,0,0,True,True,1
-2,1,-1,-2,0,0,3,0,0,True,True,1
-2,1,-1,-2,3/8,5/8,-2,-1/8,1/8,True,False,2
-2,1,-1,-2,3/8,5/8,0,5/8,11/8,True,False,2
-2,1,-1,-2,3/8,5/8,3,7/4,13/4,True,False,2
-2,1,-1,-2,-1/100,1/100,-2,-1/100,1/100,True,True,2
-2,1,-1,-2,-1/100,1/100,0,-3/100,3/100,True,True,2
-2,1,-1,-2,-1/100,1/100,3,-3/50,3/50,True,True,2
-2,1,-1,-2,-11/7,-5/7,-2,-1/8,33/8,True,False,6
-2,1,-1,-2,-11/7,-5/7,0,-2,2,True,False,6
-2,1,-1,-2,-11/7,-5/7,3,-5,-1,True,False,6
-2,1,-1,-2,31/16,33/16,-2,-65/16,-63/16,True,True,2
-2,1,-1,-2,31/16,33/16,0,-3/16,3/16,True,True,2
-2,1,-1,-2,31/16,33/16,3,45/8,51/8,True,True,2
-2,1,-1,-1,-2,2,-2,-4,4,True,True,20
-2,1,-1,-1,-2,2,0,-1,1,True,False,20
-2,1,-1,-1,-2,2,3,-6,6,True,True,20
-2,1,-1,-1,0,1,-2,-3,0,True,True,6
-2,1,-1,-1,0,1,0,-1,1,True,False,6
-2,1,-1,-1,0,1,3,0,4,True,False,6
-2,1,-1,-1,1/7,13/7,-2,-15/4,-1/4,True,True,9
-2,1,-1,-1,1/7,13/7,0,-1,1,True,False,9
-2,1,-1,-1,1/7,13/7,3,13/28,155/28,True,True,9
-2,1,-1,-1,-3/4,-1/4,-2,1/4,3/4,True,True,4
-2,1,-1,-1,-3/4,-1/4,0,-3/4,-1/4,True,True,4
-2,1,-1,-1,-3/4,-1/4,3,-3,-1,True,True,4
-2,1,-1,-1,1/2,1/2,-2,-1/2,-1/2,True,True,1
-2,1,-1,-1,1/2,1/2,0,1/2,1/2,True,True,1
-2,1,-1,-1,1/2,1/2,3,2,2,True,True,1
-2,1,-1,-1,-1/2,-1/2,-2,1/2,1/2,True,True,1
-2,1,-1,-1,-1/2,-1/2,0,-1/2,-1/2,True,True,1
-2,1,-1,-1,-1/2,-1/2,3,-2,-2,True,True,1
-2,1,-1,-1,0,0,-2,0,0,True,True,1
-2,1,-1,-1,0,0,0,0,0,True,True,1
-2,1,-1,-1,0,0,3,0,0,True,True,1
-2,1,-1,-1,3/8,5/8,-2,-3/4,-1/2,True,True,2
-2,1,-1,-1,3/8,5/8,0,1/4,3/4,True,False,2
-2,1,-1,-1,3/8,5/8,3,11/8,21/8,True,False,2
-2,1,-1,-1,-1/100,1/100,-2,0,0,True,True,2
-2,1,-1,-1,-1/100,1/100,0,-1/50,1/50,True,True,2
-2,1,-1,-1,-1/100,1/100,3,-1/20,1/20,True,True,2
-2,1,-1,-1,-11/7,-5/7,-2,3/4,7/2,True,True,6
-2,1,-1,-1,-11/7,-5/7,0,-1,1,True,False,6
-2,1,-1,-1,-11/7,-5/7,3,-61/14,-2,True,False,6
-2,1,-1,-1,31/16,33/16,-2,-4,-4,True,True,2
-2,1,-1,-1,31/16,33/16,0,-1/8,1/8,True,True,2
-2,1,-1,-1,31/16,33/16,3,91/16,101/16,True,True,2
-2,1,-1,0,-2,2,-2,-4,4,True,True,20
-2,1,-1,0,-2,2,0,-1/8,1/8,True,False,20
-2,1,-1,0,-2,2,3,-6,6,True,True,20
-2,1,-1,0,0,1,-2,-2,0,True,True,6
-2,1,-1,0,0,1,0,-1/8,1/8,True,False,6
-2,1,-1,0,0,1,3,0,3,True,True,6
-2,1,-1,0,1/7,13/7,-2,-101/28,-11/28,True,True,9
-2,1,-1,0,1/7,13/7,0,-1/8,1/8,True,False,9
-2,1,-1,0,1/7,13/7,3,9/28,159/28,True,True,9
-2,1,-1,0,-3/4,-1/4,-2,1/2,3/2,True,True,4
-2,1,-1,0,-3/4,-1/4,0,-1/8,1/8,True,False,4
-2,1,-1,0,-3/4,-1/4,3,-9/4,-3/4,True,True,4
-2,1,-1,0,1/2,1/2,-2,-1,-1,True,True,1
-2,1,-1,0,1/2,1/2,0,0,0,True,True,1
-2,1,-1,0,1/2,1/2,3,3/2,3/2,True,True,1
-2,1,-1,0,-1/2,-1/2,-2,1,1,True,True,1
-2,1,-1,0,-1/2,-1/2,0,0,0,True,True,1
-2,1,-1,0,-1/2,-1/2,3,-3/2,-3/2,True,True,1
-2,1,-1,0,0,0,-2,0,0,True,True,1
-2,1,-1,0,0,0,0,0,0,True,True,1
-2,1,-1,0,0,0,3,0,0,True,True,1
-2,1,-1,0,3/8,5/8,-2,-11/8,-7/8,True,True,2
-2,1,-1,0,3/8,5/8,0,-1/8,1/8,True,False,2
-2,1,-1,0,3/8,5/8,3,1,2,True,False,2
-2,1,-1,0,-1/100,1/100,-2,-1/100,1/100,True,True,2
-2,1,-1,0,-1/100,1/100,0,-1/100,1/100,True,True,2
-2,1,-1,0,-1/100,1/100,3,-1/25,1/25,True,True,2
-2,1,-1,0,-11/7,-5/7,-2,41/28,43/14,True,True,6
-2,1,-1,0,-11/7,-5/7,0,-1/8,1/8,True,False,6
-2,1,-1,0,-11/7,-5/7,3,-67/14,-59/28,True,True,6
-2,1,-1,0,31/16,33/16,-2,-65/16,-63/16,True,True,2
-2,1,-1,0,31/16,33/16,0,-1/16,1/16,True,True,2
-2,1,-1,0,31/16,33/16,3,23/4,25/4,True,True,2
-2,1,-1,1,-2,2,-2,-4,4,True,True,20
-2,1,-1,1,-2,2,0,-1,1,True,True,20
-2,1,-1,1,-2,2,3,-6,6,True,True,20
-2,1,-1,1,0,1,-2,-3,0,False,True,6
-2,1,-1,1,0,1,0,-1,1,True,True,6
-2,1,-1,1,0,1,3,0,4,True,True,6
-2,1,-1,1,1/7,13/7,-2,-97/28,-15/28,True,True,9
-2,1,-1,1,1/7,13/7,0,-1,1,True,True,9
-2,1,-1,1,1/7,13/7,3,5/28,163/28,True,True,9
-2,1,-1,1,-3/4,-1/4,-2,3/4,9/4,True,True,4
-2,1,-1,1,-3/4,-1/4,0,1/4,3/4,True,True,4
-2,1,-1,1,-3/4,-1/4,3,-3/2,-1/2,True,True,4
-2,1,-1,1,1/2,1/2,-2,-3/2,-3/2,True,True,1
-2,1,-1,1,1/2,1/2,0,-1/2,-1/2,True,True,1
-2,1,-1,1,1/2,1/2,3,1,1,True,True,1
-2,1,-1,1,-1/2,-1/2,-2,3/2,3/2,True,True,1
-2,1,-1,1,-1/2,-1/2,0,1/2,1/2,True,True,1
-2,1,-1,1,-1/2,-1/2,3,-1,-1,True,True,1
-2,1,-1,1,0,0,-2,0,0,True,True,1
-2,1,-1,1,0,0,0,0,0,True,True,1
-2,1,-1,1,0,0,3,0,0,True,True,1
-2,1,-1,1,3/8,5/8,-2,-2,-5/4,True,True,2
-2,1,-1,1,3/8,5/8,0,-3/4,-1/2,True,True,2
-2,1,-1,1,3/8,5/8,3,5/8,11/8,True,False,2
-2,1,-1,1,-1/100,1/100,-2,-1/50,1/50,True,True,2
-2,1,-1,1,-1/100,1/100,0,0,0,True,True,2
-2,1,-1,1,-1/100,1/100,3,-3/100,3/100,True,True,2
-2,1,-1,1,-11/7,-5/7,-2,1,3,False,True,6
-2,1,-1,1,-11/7,-5/7,0,-1,1,True,True,6
-2,1,-1,1,-11/7,-5/7,3,-73/14,-39/28,True,True,6
-2,1,-1,1,31/16,33/16,-2,-33/8,-31/8,True,True,2
-2,1,-1,1,31/16,33/16,0,0,0,True,True,2
-2,1,-1,1,31/16,33/16,3,93/16,99/16,True,True,2
-2,1,-1,2,-2,2,-2,-4,4,True,True,20
-2,1,-1,2,-2,2,0,-2,2,False,True,20
-2,1,-1,2,-2,2,3,-6,6,True,True,20
-2,1,-1,2,0,1,-2,-4,0,False,True,6
-2,1,-1,2,0,1,0,-2,2,False,True,6
-2,1,-1,2,0,1,3,0,5,True,True,6
-2,1,-1,2,1/7,13/7,-2,-4,0,False,True,9
-2,1,-1,2,1/7,13/7,0,-2,2,False,True,9
-2,1,-1,2,1/7,13/7,3,1/28,167/28,True,True,9
-2,1,-1,2,-3/4,-1/4,-2,1,3,True,True,4
-2,1,-1,2,-3/4,-1/4,0,1/2,3/2,True,True,4
-2,1,-1,2,-3/4,-1/4,3,-3/4,-1/4,True,True,4
-2,1,-1,2,1/2,1/2,-2,-2,-2,True,True,1
-2,1,-1,2,1/2,1/2,0,-1,-1,True,True,1
-2,1,-1,2,1/2,1/2,3,1/2,1/2,True,True,1
-2,1,-1,2,-1/2,-1/2,-2,2,2,True,True,1
-2,1,-1,2,-1/2,-1/2,0,1,1,True,True,1
-2,1,-1,2,-1/2,-1/2,3,-1/2,-1/2,True,True,1
-2,1,-1,2,0,0,-2,0,0,True,True,1
-2,1,-1,2,0,0,0,0,0,True,True,1
-2,1,-1,2,0,0,3,0,0,True,True,1
-2,1,-1,2,3/8,5/8,-2,-21/8,-13/8,True,True,2
-2,1,-1,2,3/8,5/8,0,-11/8,-7/8,True,True,2
-2,1,-1,2,3/8,5/8,3,1/4,3/4,True,False,2
-2,1,-1,2,-1/100,1/100,-2,-3/100,3/100,True,True,2
-2,1,-1,2,-1/100,1/100,0,-1/100,1/100,True,True,2
-2,1,-1,2,-1/100,1/100,3,-1/50,1/50,True,True,2
-2,1,-1,2,-11/7,-5/7,-2,0,4,False,True,6
-2,1,-1,2,-11/7,-5/7,0,-2,2,False,True,6
-2,1,-1,2,-11/7,-5/7,3,-79/14,-19/28,True,True,6
-2,1,-1,2,31/16,33/16,-2,-67/16,-61/16,True,True,2
-2,1,-1,2,31/16,33/16,0,-1/16,1/16,True,True,2
-2,1,-1,2,31/16,33/16,3,47/8,49/8,True,True,2
-2,1,0,-2,-2,2,-2,-4,4,True,True,20
-2,1,0,-2,-2,2,0,-2,2,True,False,20
-2,1,0,-2,-2,2,3,-6,6,True,True,20
-2,1,0,-2,0,1,-2,-4,0,True,True,6
-2,1,0,-2,0,1,0,-2,2,True,False,6
-2,1,0,-2,0,1,3,0,5,True,False,6
-2,1,0,-2,1/7,13/7,-2,-4,0,True,True,9
-2,1,0,-2,1/7,13/7,0,-2,2,True,False,9
-2,1,0,-2,1/7,13/7,3,5/7,37/7,True,True,9
-2,1,0,-2,-3/4,-1/4,-2,0,0,True,True,4
-2,1,0,-2,-3/4,-1/4,0,-3/2,-1/2,True,True,4
-2,1,0,-2,-3/4,-1/4,3,-15/4,-5/4,True,True,4
-2,1,0,-2,1/2,1/2,-2,0,0,True,True,1
-2,1,0,-2,1/2,1/2,0,1,1,True,True,1
-2,1,0,-2,1/2,1/2,3,5/2,5/2,True,True,1
-2,1,0,-2,-1/2,-1/2,-2,0,0,True,True,1
-2,1,0,-2,-1/2,-1/2,0,-1,-1,True,True,1
-2,1,0,-2,-1/2,-1/2,3,-5/2,-5/2,True,True,1
-2,1,0,-2,0,0,-2,0,0,True,True,1
-2,1,0,-2,0,0,0,0,0,True,True,1
-2,1,0,-2,0,0,3,0,0,True,True,1
-2,1,0,-2,3/8,5/8,-2,0,0,True,True,2
-2,1,0,-2,3/8,5/8,0,3/4,5/4,True,True,2
-2,1,0,-2,3/8,5/8,3,15/8,25/8,True,True,2
-2,1,0,-2,-1/100,1/100,-2,0,0,True,True,2
-2,1,0,-2,-1/100,1/100,0,-1/50,1/50,True,True,2
-2,1,0,-2,-1/100,1/100,3,-1/20,1/20,True,True,2
-2,1,0,-2,-11/7,-5/7,-2,0,4,True,True,6
-2,1,0,-2,-11/7,-5/7,0,-2,2,True,False,6
-2,1,0,-2,-11/7,-5/7,3,-5,-1,True,False,6
-2,1,0,-2,31/16,33/16,-2,-4,-4,True,True,2
-2,1,0,-2,31/16,33/16,0,-1/8,1/8,True,True,2
-2,1,0,-2,31/16,33/16,3,91/16,101/16,True,True,2
-2,1,0,-1,-2,2,-2,-4,4,True,True,20
-2,1,0,-1,-2,2,0,-1,1,True,False,20
-2,1,0,-1,-2,2,3,-6,6,True,True,20
-2,1,0,-1,0,1,-2,-3,0,True,True,6
-2,1,0,-1,0,1,0,-1,1,True,False,6
-2,1,0,-1,0,1,3,0,4,True,False,6
-2,1,0,-1,1/7,13/7,-2,-27/7,-1/7,True,True,9
-2,1,0,-1,1/7,13/7,0,-1,1,True,False,9
-2,1,0,-1,1/7,13/7,3,4/7,38/7,True,True,9
-2,1,0,-1,-3/4,-1/4,-2,1/4,3/4,True,True,4
-2,1,0,-1,-3/4,-1/4,0,-3/4,-1/4,True,True,4
-2,1,0,-1,-3/4,-1/4,3,-3,-1,True,True,4
-2,1,0,-1,1/2,1/2,-2,-1/2,-1/2,True,True,1
-2,1,0,-1,1/2,1/2,0,1/2,1/2,True,True,1
-2,1,0,-1,1/2,1/2,3,2,2,True,True,1
-2,1,0,-1,-1/2,-1/2,-2,1/2,1/2,True,True,1
-2,1,0,-1,-1/2,-1/2,0,-1/2,-1/2,True,True,1
-2,1,0,-1,-1/2,-1/2,3,-2,-2,True,True,1
-2,1,0,-1,0,0,-2,0,0,True,True,1
-2,1,0,-1,0,0,0,0,0,True,True,1
-2,1,0,-1,0,0,3,0,0,True,True,1
-2,1,0,-1,3/8,5/8,-2,-5/8,-3/8,True,True,2
-2,1,0,-1,3/8,5/8,0,3/8,5/8,True,True,2
-2,1,0,-1,3/8,5/8,3,3/2,5/2,True,True,2
-2,1,0,-1,-1/100,1/100,-2,-1/100,1/100,True,True,2
-2,1,0,-1,-1/100,1/100,0,-1/100,1/100,True,True,2
-2,1,0,-1,-1/100,1/100,3,-1/25,1/25,True,True,2
-2,1,0,-1,-11/7,-5/7,-2,5/7,25/7,True,True,6
-2,1,0,-1,-11/7,-5/7,0,-1,1,True,False,6
-2,1,0,-1,-11/7,-5/7,3,-30/7,-2,True,False,6
-2,1,0,-1,31/16,33/16,-2,-65/16,-63/16,True,True,2
-2,1,0,-1,31/16,33/16,0,-1/16,1/16,True,True,2
-2,1,0,-1,31/16,33/16,3,23/4,25/4,True,True,2
-2,1,0,0,-2,2,-2,-4,4,True,True,20
-2,1,0,0,-2,2,0,0,0,True,True,20
-2,1,0,0,-2,2,3,-6,6,True,True,20
-2,1,0,0,0,1,-2,-2,0,True,True,6
-2,1,0,0,0,1,0,0,0,True,True,6
-2,1,0,0,0,1,3,0,3,True,True,6
-2,1,0,0,1/7,13/7,-2,-26/7,-2/7,True,True,9
-2,1,0,0,1/7,13/7,0,0,0,True,True,9
-2,1,0,0,1/7,13/7,3,3/7,39/7,True,True,9
-2,1,0,0,-3/4,-1/4,-2,1/2,3/2,True,True,4
-2,1,0,0,-3/4,-1/4,0,0,0,True,True,4
-2,1,0,0,-3/4,-1/4,3,-9/4,-3/4,True,True,4
-2,1,0,0,1/2,1/2,-2,-1,-1,True,True,1
-2,1,0,0,1/2,1/2,0,0,0,True,True,1
-2,1,0,0,1/2,1/2,3,3/2,3/2,True,True,1
-2,1,0,0,-1/2,-1/2,-2,1,1,True,True,1
-2,1,0,0,-1/2,-1/2,0,0,0,True,True,1
-2,1,0,0,-1/2,-1/2,3,-3/2,-3/2,True,True,1
-2,1,0,0,0,0,-2,0,0,True,True,1
-2,1,0,0,0,0,0,0,0,True,True,1
-2,1,0,0,0,0,3,0,0,True,True,1
-2,1,0,0,3/8,5/8,-2,-5/4,-3/4,True,True,2
-2,1,0,0,3/8,5/8,0,0,0,True,True,2
-2,1,0,0,3/8,5/8,3,9/8,15/8,True,True,2
-2,1,0,0,-1/100,1/100,-2,-1/50,1/50,True,True,2
-2,1,0,0,-1/100,1/100,0,0,0,True,True,2
-2,1,0,0,-1/100,1/100,3,-3/100,3/100,True,True,2
-2,1,0,0,-11/7,-5/7,-2,10/7,22/7,True,True,6
-2,1,0,0,-11/7,-5/7,0,0,0,True,True,6
-2,1,0,0,-11/7,-5/7,3,-33/7,-15/7,True,True,6
-2,1,0,0,31/16,33/16,-2,-33/8,-31/8,True,True,2
-2,1,0,0,31/16,33/16,0,0,0,True,True,2
-2,1,0,0,31/16,33/16,3,93/16,99/16,True,True,2
-2,1,0,1,-2,2,-2,-4,4,True,True,20
-2,1,0,1,-2,2,0,-1,1,False,True,20
-2,1,0,1,-2,2,3,-6,6,True,True,20
-2,1,0,1,0,1,-2,-3,0,False,True,6
-2,1,0,1,0,1,0,-1,1,False,True,6
-2,1,0,1,0,1,3,0,4,True,True,6
-2,1,0,1,1/7,13/7,-2,-25/7,-3/7,True,True,9
-2,1,0,1,1/7,13/7,0,-1,1,False,True,9
-2,1,0,1,1/7,13/7,3,2/7,40/7,True,True,9
-2,1,0,1,-3/4,-1/4,-2,3/4,9/4,True,True,4
-2,1,0,1,-3/4,-1/4,0,1/4,3/4,True,True,4
-2,1,0,1,-3/4,-1/4,3,-3/2,-1/2,True,True,4
-2,1,0,1,1/2,1/2,-2,-3/2,-3/2,True,True,1
-2,1,0,1,1/2,1/2,0,-1/2,-1/2,True,True,1
-2,1,0,1,1/2,1/2,3,1,1,True,True,1
-2,1,0,1,-1/2,-1/2,-2,3/2,3/2,True,True,1
-2,1,0,1,-1/2,-1/2,0,1/2,1/2,True,True,1
-2,1,0,1,-1/2,-1/2,3,-1,-1,True,True,1
-2,1,0,1,0,0,-2,0,0,True,True,1
-2,1,0,1,0,0,0,0,0,True,True,1
-2,1,0,1,0,0,3,0,0,True,True,1
-2,1,0,1,3/8,5/8,-2,-15/8,-9/8,True,True,2
-2,1,0,1,3/8,5/8,0,-5/8,-3/8,True,True,2
-2,1,0,1,3/8,5/8,3,3/4,5/4,True,True,2
-2,1,0,1,-1/100,1/100,-2,-3/100,3/100,True,True,2
-2,1,0,1,-1/100,1/100,0,-1/100,1/100,True,True,2
-2,1,0,1,-1/100,1/100,3,-1/50,1/50,True,True,2
-2,1,0,1,-11/7,-5/7,-2,1,3,False,True,6
-2,1,0,1,-11/7,-5/7,0,-1,1,False,True,6
-2,1,0,1,-11/7,-5/7,3,-36/7,-10/7,True,True,6
-2,1,0,1,31/16,33/16,-2,-67/16,-61/16,True,True,2
-2,1,0,1,31/16,33/16,0,-1/16,1/16,True,True,2
-2,1,0,1,31/16,33/16,3,47/8,49/8,True,True,2
-2,1,0,2,-2,2,-2,-4,4,True,True,20
-2,1,0,2,-2,2,0,-2,2,False,True,20
-2,1,0,2,-2,2,3,-6,6,True,True,20
-2,1,0,2,0,1,-2,-4,0,False,True,6
-2,1,0,2,0,1,0,-2,2,False,True,6
-2,1,0,2,0,1,3,0,5,True,True,6
-2,1,0,2,1/7,13/7,-2,-4,0,False,True,9
-2,1,0,2,1/7,13/7,0,-2,2,False,True,9
-2,1,0,2,1/7,13/7,3,1/7,41/7,True,True,9
-2,1,0,2,-3/4,-1/4,-2,1,3,True,True,4
-2,1,0,2,-3/4,-1/4,0,1/2,3/2,True,True,4
-2,1,0,2,-3/4,-1/4,3,-3/4,-1/4,True,True,4
-2,1,0,2,1/2,1/2,-2,-2,-2,True,True,1
-2,1,0,2,1/2,1/2,0,-1,-1,True,True,1
-2,1,0,2,1/2,1/2,3,1/2,1/2,True,True,1
-2,1,0,2,-1/2,-1/2,-2,2,2,True,True,1
-2,1,0,2,-1/2,-1/2,0,1,1,True,True,1
-2,1,0,2,-1/2,-1/2,3,-1/2,-1/2,True,True,1
-2,1,0,2,0,0,-2,0,0,True,True,1
-2,1,0,2,0,0,0,0,0,True,True,1
-2,1,0,2,0,0,3,0,0,True,True,1
-2,1,0,2,3/8,5/8,-2,-5/2,-3/2,True,True,2
-2,1,0,2,3/8,5/8,0,-5/4,-3/4,True,True,2
-2,1,0,2,3/8,5/8,3,3/8,5/8,True,True,2
-2,1,0,2,-1/100,1/100,-2,-1/25,1/25,True,True,2
-2,1,0,2,-1/100,1/100,0,-1/50,1/50,True,True,2
-2,1,0,2,-1/100,1/100,3,-1/100,1/100,True,True,2
-2,1,0,2,-11/7,-5/7,-2,0,4,False,True,6
-2,1,0,2,-11/7,-5/7,0,-2,2,False,True,6
-2,1,0,2,-11/7,-5/7,3,-39/7,-5/7,True,True,6
-2,1,0,2,31/16,33/16,-2,-17/4,-15/4,True,True,2
-2,1,0,2,31/16,33/16,0,-1/8,1/8,True,True,2
-2,1,0,2,31/16,33/16,3,95/16,97/16,True,True,2
-2,1,1,-2,-2,2,-2,-33/8,33/8,False,True,20
-2,1,1,-2,-2,2,0,-2,2,True,False,20
-2,1,1,-2,-2,2,3,-6,6,True,True,20
-2,1,1,-2,0,1,-2,-4,1/8,True,True,6
-2,1,1,-2,0,1,0,-2,2,True,False,6
-2,1,1,-2,0,1,3,0,5,True,False,6
-2,1,1,-2,1/7,13/7,-2,-33/8,1/8,False,True,9
-2,1,1,-2,1/7,13/7,0,-2,2,True,False,9
-2,1,1,-2,1/7,13/7,3,23/28,145/28,True,True,9
-2,1,1,-2,-3/4,-1/4,-2,-1/8,1/8,False,True,4
-2,1,1,-2,-3/4,-1/4,0,-3/2,-1/2,True,True,4
-2,1,1,-2,-3/4,-1/4,3,-15/4,-5/4,True,True,4
-2,1,1,-2,1/2,1/2,-2,0,0,True,True,1
-2,1,1,-2,1/2,1/2,0,1,1,True,True,1
-2,1,1,-2,1/2,1/2,3,5/2,5/2,True,True,1
-2,1,1,-2,-1/2,-1/2,-2,0,0,True,True,1
-2,1,1,-2,-1/2,-1/2,0,-1,-1,True,True,1
-2,1,1,-2,-1/2,-1/2,3,-5/2,-5/2,True,True,1
-2,1,1,-2,0,0,-2,0,0,True,True,1
-2,1,1,-2,0,0,0,0,0,True,True,1
-2,1,1,-2,0,0,3,0,0,True,True,1
-2,1,1,-2,3/8,5/8,-2,-1/8,1/8,False,True,2
-2,1,1,-2,3/8,5/8,0,7/8,11/8,True,True,2
-2,1,1,-2,3/8,5/8,3,2,13/4,True,True,2
-2,1,1,-2,-1/100,1/100,-2,-1/100,1/100,True,True,2
-2,1,1,-2,-1/100,1/100,0,-1/100,1/100,True,True,2
-2,1,1,-2,-1/100,1/100,3,-1/25,1/25,True,True,2
-2,1,1,-2,-11/7,-5/7,-2,-1/8,33/8,False,True,6
-2,1,1,-2,-11/7,-5/7,0,-2,2,True,False,6
-2,1,1,-2,-11/7,-5/7,3,-5,-1,True,False,6
-2,1,1,-2,31/16,33/16,-2,-65/16,-63/16,True,True,2
-2,1,1,-2,31/16,33/16,0,-1/16,1/16,True,True,2
-2,1,1,-2,31/16,33/16,3,23/4,25/4,True,True,2
-2,1,1,-1,-2,2,-2,-4,4,True,True,20
-2,1,1,-1,-2,2,0,-1,1,True,True,20
-2,1,1,-1,-2,2,3,-6,6,True,True,20
-2,1,1,-1,0,1,-2,-3,0,True,True,6
-2,1,1,-1,0,1,0,-1,1,True,True,6
-2,1,1,-1,0,1,3,0,4,True,False,6
-2,1,1,-1,1/7,13/7,-2,-111/28,-1/28,True,True,9
-2,1,1,-1,1/7,13/7,0,-1,1,True,True,9
-2,1,1,-1,1/7,13/7,3,19/28,149/28,True,True,9
-2,1,1,-1,-3/4,-1/4,-2,1/4,3/4,True,True,4
-2,1,1,-1,-3/4,-1/4,0,-3/4,-1/4,True,True,4
-2,1,1,-1,-3/4,-1/4,3,-3,-1,True,True,4
-2,1,1,-1,1/2,1/2,-2,-1/2,-1/2,True,True,1
-2,1,1,-1,1/2,1/2,0,1/2,1/2,True,True,1
-2,1,1,-1,1/2,1/2,3,2,2,True,True,1
-2,1,1,-1,-1/2,-1/2,-2,1/2,1/2,True,True,1
-2,1,1,-1,-1/2,-1/2,0,-1/2,-1/2,True,True,1
-2,1,1,-1,-1/2,-1/2,3,-2,-2,True,True,1
-2,1,1,-1,0,0,-2,0,0,True,True,1
-2,1,1,-1,0,0,0,0,0,True,True,1
-2,1,1,-1,0,0,3,0,0,True,True,1
-2,1,1,-1,3/8,5/8,-2,-3/4,-1/4,False,True,2
-2,1,1,-1,3/8,5/8,0,1/2,3/4,True,True,2
-2,1,1,-1,3/8,5/8,3,13/8,21/8,True,True,2
-2,1,1,-1,-1/100,1/100,-2,-1/50,1/50,True,True,2
-2,1,1,-1,-1/100,1/100,0,0,0,True,True,2
-2,1,1,-1,-1/100,1/100,3,-3/100,3/100,True,True,2
-2,1,1,-1,-11/7,-5/7,-2,19/28,51/14,True,True,6
-2,1,1,-1,-11/7,-5/7,0,-1,1,True,True,6
-2,1,1,-1,-11/7,-5/7,3,-59/14,-2,True,False,6
-2,1,1,-1,31/16,33/16,-2,-33/8,-31/8,True,True,2
-2,1,1,-1,31/16,33/16,0,0,0,True,True,2
-2,1,1,-1,31/16,33/16,3,93/16,99/16,True,True,2
-2,1,1,0,-2,2,-2,-4,4,True,True,20
-2,1,1,0,-2,2,0,-1/8,1/8,False,True,20
-2,1,1,0,-2,2,3,-6,6,True,True,20
-2,1,1,0,0,1,-2,-2,0,True,True,6
-2,1,1,0,0,1,0,-1/8,1/8,False,True,6
-2,1,1,0,0,1,3,0,3,True,True,6
-2,1,1,0,1/7,13/7,-2,-107/28,-5/28,True,True,9
-2,1,1,0,1/7,13/7,0,-1/8,1/8,False,True,9
-2,1,1,0,1/7,13/7,3,15/28,153/28,True,True,9
-2,1,1,0,-3/4,-1/4,-2,1/2,3/2,True,True,4
-2,1,1,0,-3/4,-1/4,0,-1/8,1/8,False,True,4
-2,1,1,0,-3/4,-1/4,3,-9/4,-3/4,True,True,4
-2,1,1,0,1/2,1/2,-2,-1,-1,True,True,1
-2,1,1,0,1/2,1/2,0,0,0,True,True,1
-2,1,1,0,1/2,1/2,3,3/2,3/2,True,True,1
-2,1,1,0,-1/2,-1/2,-2,1,1,True,True,1
-2,1,1,0,-1/2,-1/2,0,0,0,True,True,1
-2,1,1,0,-1/2,-1/2,3,-3/2,-3/2,True,True,1
-2,1,1,0,0,0,-2,0,0,True,True,1
-2,1,1,0,0,0,0,0,0,True,True,1
-2,1,1,0,0,0,3,0,0,True,True,1
-2,1,1,0,3/8,5/8,-2,-11/8,-5/8,False,True,2
-2,1,1,0,3/8,5/8,0,-1/8,1/8,False,True,2
-2,1,1,0,3/8,5/8,3,5/4,2,True,True,2
-2,1,1,0,-1/100,1/100,-2,-3/100,3/100,True,True,2
-2,1,1,0,-1/100,1/100,0,-1/100,1/100,True,True,2
-2,1,1,0,-1/100,1/100,3,-1/50,1/50,True,True,2
-2,1,1,0,-11/7,-5/7,-2,39/28,45/14,True,True,6
-2,1,1,0,-11/7,-5/7,0,-1/8,1/8,False,True,6
-2,1,1,0,-11/7,-5/7,3,-65/14,-61/28,True,True,6
-2,1,1,0,31/16,33/16,-2,-67/16,-61/16,True,True,2
-2,1,1,0,31/16,33/16,0,-1/16,1/16,True,True,2
-2,1,1,0,31/16,33/16,3,47/8,49/8,True,True,2
-2,1,1,1,-2,2,-2,-4,4,True,True,20
-2,1,1,1,-2,2,0,-1,1,False,True,20
-2,1,1,1,-2,2,3,-6,6,True,True,20
-2,1,1,1,0,1,-2,-3,0,False,True,6
-2,1,1,1,0,1,0,-1,1,False,True,6
-2,1,1,1,0,1,3,0,4,True,True,6
-2,1,1,1,1/7,13/7,-2,-103/28,-9/28,True,True,9
-2,1,1,1,1/7,13/7,0,-1,1,False,True,9
-2,1,1,1,1/7,13/7,3,11/28,157/28,True,True,9
-2,1,1,1,-3/4,-1/4,-2,3/4,9/4,True,True,4
-2,1,1,1,-3/4,-1/4,0,1/4,3/4,True,True,4
-2,1,1,1,-3/4,-1/4,3,-3/2,-1/2,True,True,4
-2,1,1,1,1/2,1/2,-2,-3/2,-3/2,True,True,1
-2,1,1,1,1/2,1/2,0,-1/2,-1/2,True,True,1
-2,1,1,1,1/2,1/2,3,1,1,True,True,1
-2,1,1,1,-1/2,-1/2,-2,3/2,3/2,True,True,1
-2,1,1,1,-1/2,-1/2,0,1/2,1/2,True,True,1
-2,1,1,1,-1/2,-1/2,3,-1,-1,True,True,1
-2,1,1,1,0,0,-2,0,0,True,True,1
-2,1,1,1,0,0,0,0,0,True,True,1
-2,1,1,1,0,0,3,0,0,True,True,1
-2,1,1,1,3/8,5/8,-2,-2,-1,False,True,2
-2,1,1,1,3/8,5/8,0,-3/4,-1/4,False,True,2
-2,1,1,1,3/8,5/8,3,7/8,11/8,True,True,2
-2,1,1,1,-1/100,1/100,-2,-1/25,1/25,True,True,2
-2,1,1,1,-1/100,1/100,0,-1/50,1/50,True,True,2
-2,1,1,1,-1/100,1/100,3,-1/100,1/100,True,True,2
-2,1,1,1,-11/7,-5/7,-2,1,3,False,True,6
-2,1,1,1,-11/7,-5/7,0,-1,1,False,True,6
-2,1,1,1,-11/7,-5/7,3,-71/14,-41/28,True,True,6
-2,1,1,1,31/16,33/16,-2,-17/4,-15/4,True,True,2
-2,1,1,1,31/16,33/16,0,-1/8,1/8,True,True,2
-2,1,1,1,31/16,33/16,3,95/16,97/16,True,True,2
-2,1,1,2,-2,2,-2,-4,4,True,True,20
-2,1,1,2,-2,2,0,-2,2,False,True,20
-2,1,1,2,-2,2,3,-6,6,True,True,20
-2,1,1,2,0,1,-2,-4,0,False,True,6
-2,1,1,2,0,1,0,-2,2,False,True,6
-2,1,1,2,0,1,3,0,5,True,True,6
-2,1,1,2,1/7,13/7,-2,-4,0,False,True,9
-2,1,1,2,1/7,13/7,0,-2,2,False,True,9
-2,1,1,2,1/7,13/7,3,1/4,23/4,True,True,9
-2,1,1,2,-3/4,-1/4,-2,1,3,True,True,4
-2,1,1,2,-3/4,-1/4,0,1/2,3/2,True,True,4
-2,1,1,2,-3/4,-1/4,3,-3/4,-1/4,True,True,4
-2,1,1,2,1/2,1/2,-2,-2,-2,True,True,1
-2,1,1,2,1/2,1/2,0,-1,-1,True,True,1
-2,1,1,2,1/2,1/2,3,1/2,1/2,True,True,1
-2,1,1,2,-1/2,-1/2,-2,2,2,True,True,1
-2,1,1,2,-1/2,-1/2,0,1,1,True,True,1
-2,1,1,2,-1/2,-1/2,3,-1/2,-1/2,True,True,1
-2,1,1,2,0,0,-2,0,0,True,True,1
-2,1,1,2,0,0,0,0,0,True,True,1
-2,1,1,2,0,0,3,0,0,True,True,1
-2,1,1,2,3/8,5/8,-2,-21/8,-11/8,False,True,2
-2,1,1,2,3/8,5/8,0,-11/8,-5/8,False,True,2
-2,1,1,2,3/8,5/8,3,1/2,3/4,True,True,2
-2,1,1,2,-1/100,1/100,-2,-1/20,1/20,True,True,2
-2,1,1,2,-1/100,1/100,0,-3/100,3/100,True,True,2
-2,1,1,2,-1/100,1/100,3,0,0,True,True,2
-2,1,1,2,-11/7,-5/7,-2,0,4,False,True,6
-2,1,1,2,-11/7,-5/7,0,-2,2,False,True,6
-2,1,1,2,-11/7,-5/7,3,-11/2,-3/4,True,True,6
-2,1,1,2,31/16,33/16,-2,-69/16,-59/16,True,True,2
-2,1,1,2,31/16,33/16,0,-3/16,3/16,True,True,2
-2,1,1,2,31/16,33/16,3,6,6,True,True,2
-2,1,2,-2,-2,2,-2,-17/4,17/4,False,True,20
-2,1,2,-2,-2,2,0,-2,2,True,True,20
-2,1,2,-2,-2,2,3,-6,6,True,True,20
-2,1,2,-2,0,1,-2,-4,1/4,True,True,6
-2,1,2,-2,0,1,0,-2,2,True,True,6
-2,1,2,-2,0,1,3,0,5,True,False,6
-2,1,2,-2,1/7,13/7,-2,-17/4,1/4,False,True,9
-2,1,2,-2,1/7,13/7,0,-2,2,True,True,9
-2,1,2,-2,1/7,13/7,3,13/14,71/14,True,True,9
-2,1,2,-2,-3/4,-1/4,-2,-1/4,1/4,False,True,4
-2,1,2,-2,-3/4,-1/4,0,-3/2,-1/2,True,True,4
-2,1,2,-2,-3/4,-1/4,3,-15/4,-5/4,True,True,4
-2,1,2,-2,1/2,1/2,-2,0,0,True,True,1
-2,1,2,-2,1/2,1/2,0,1,1,True,True,1
-2,1,2,-2,1/2,1/2,3,5/2,5/2,True,True,1
-2,1,2,-2,-1/2,-1/2,-2,0,0,True,True,1
-2,1,2,-2,-1/2,-1/2,0,-1,-1,True,True,1
-2,1,2,-2,-1/2,-1/2,3,-5/2,-5/2,True,True,1
-2,1,2,-2,0,0,-2,0,0,True,True,1
-2,1,2,-2,0,0,0,0,0,True,True,1
-2,1,2,-2,0,0,3,0,0,True,True,1
-2,1,2,-2,3/8,5/8,-2,-1/4,1/4,False,True,2
-2,1,2,-2,3/8,5/8,0,1,3/2,True,True,2
-2,1,2,-2,3/8,5/8,3,17/8,27/8,True,True,2
-2,1,2,-2,-1/100,1/100,-2,-1/50,1/50,True,True,2
-2,1,2,-2,-1/100,1/100,0,0,0,True,True,2
-2,1,2,-2,-1/100,1/100,3,-3/100,3/100,True,True,2
-2,1,2,-2,-11/7,-5/7,-2,-1/4,17/4,False,True,6
-2,1,2,-2,-11/7,-5/7,0,-2,2,True,True,6
-2,1,2,-2,-11/7,-5/7,3,-5,-1,True,False,6
-2,1,2,-2,31/16,33/16,-2,-33/8,-31/8,True,True,2
-2,1,2,-2,31/16,33/16,0,0,0,True,True,2
-2,1,2,-2,31/16,33/16,3,93/16,99/16,True,True,2
-2,1,2,-1,-2,2,-2,-33/8,33/8,False,True,20
-2,1,2,-1,-2,2,0,-9/8,9/8,False,True,20
-2,1,2,-1,-2,2,3,-6,6,True,True,20
-2,1,2,-1,0,1,-2,-3,1/8,True,True,6
-2,1,2,-1,0,1,0,-1,9/8,True,True,6
-2,1,2,-1,0,1,3,0,4,True,False,6
-2,1,2,-1,1/7,13/7,-2,-57/14,1/14,True,True,9
-2,1,2,-1,1/7,13/7,0,-9/8,9/8,False,True,9
-2,1,2,-1,1/7,13/7,3,11/14,73/14,True,True,9
-2,1,2,-1,-3/4,-1/4,-2,1/8,7/8,False,True,4
-2,1,2,-1,-3/4,-1/4,0,-7/8,-1/8,False,True,4
-2,1,2,-1,-3/4,-1/4,3,-3,-1,True,True,4
-2,1,2,-1,1/2,1/2,-2,-1/2,-1/2,True,True,1
-2,1,2,-1,1/2,1/2,0,1/2,1/2,True,True,1
-2,1,2,-1,1/2,1/2,3,2,2,True,True,1
-2,1,2,-1,-1/2,-1/2,-2,1/2,1/2,True,True,1
-2,1,2,-1,-1/2,-1/2,0,-1/2,-1/2,True,True,1
-2,1,2,-1,-1/2,-1/2,3,-2,-2,True,True,1
-2,1,2,-1,0,0,-2,0,0,True,True,1
-2,1,2,-1,0,0,0,0,0,True,True,1
-2,1,2,-1,0,0,3,0,0,True,True,1
-2,1,2,-1,3/8,5/8,-2,-7/8,-1/8,False,True,2
-2,1,2,-1,3/8,5/8,0,3/8,7/8,False,True,2
-2,1,2,-1,3/8,5/8,3,7/4,11/4,True,True,2
-2,1,2,-1,-1/100,1/100,-2,-3/100,3/100,True,True,2
-2,1,2,-1,-1/100,1/100,0,-1/100,1/100,True,True,2
-2,1,2,-1,-1/100,1/100,3,-1/50,1/50,True,True,2
-2,1,2,-1,-11/7,-5/7,-2,5/8,26/7,False,True,6
-2,1,2,-1,-11/7,-5/7,0,-9/8,9/8,False,True,6
-2,1,2,-1,-11/7,-5/7,3,-29/7,-2,True,False,6
-2,1,2,-1,31/16,33/16,-2,-67/16,-61/16,True,True,2
-2,1,2,-1,31/16,33/16,0,-1/16,1/16,True,True,2
-2,1,2,-1,31/16,33/16,3,47/8,49/8,True,True,2
-2,1,2,0,-2,2,-2,-4,4,True,True,20
-2,1,2,0,-2,2,0,-1/4,1/4,False,True,20
-2,1,2,0,-2,2,3,-6,6,True,True,20
-2,1,2,0,0,1,-2,-2,0,True,True,6
-2,1,2,0,0,1,0,-1/4,1/4,False,True,6
-2,1,2,0,0,1,3,0,3,True,True,6
-2,1,2,0,1/7,13/7,-2,-55/14,-1/14,True,True,9
-2,1,2,0,1/7,13/7,0,-1/4,1/4,False,True,9
-2,1,2,0,1/7,13/7,3,9/14,75/14,True,True,9
-2,1,2,0,-3/4,-1/4,-2,1/2,3/2,True,True,4
-2,1,2,0,-3/4,-1/4,0,-1/4,1/4,False,True,4
-2,1,2,0,-3/4,-1/4,3,-9/4,-3/4,True,True,4
-2,1,2,0,1/2,1/2,-2,-1,-1,True,True,1
-2,1,2,0,1/2,1/2,0,0,0,True,True,1
-2,1,2,0,1/2,1/2,3,3/2,3/2,True,True,1
-2,1,2,0,-1/2,-1/2,-2,1,1,True,True,1
-2,1,2,0,-1/2,-1/2,0,0,0,True,True,1
-2,1,2,0,-1/2,-1/2,3,-3/2,-3/2,True,True,1
-2,1,2,0,0,0,-2,0,0,True,True,1
-2,1,2,0,0,0,0,0,0,True,True,1
-2,1,2,0,0,0,3,0,0,True,True,1
-2,1,2,0,3/8,5/8,-2,-3/2,-1/2,False,True,2
-2,1,2,0,3/8,5/8,0,-1/4,1/4,False,True,2
-2,1,2,0,3/8,5/8,3,11/8,17/8,True,True,2
-2,1,2,0,-1/100,1/100,-2,-1/25,1/25,True,True,2
-2,1,2,0,-1/100,1/100,0,-1/50,1/50,True,True,2
-2,1,2,0,-1/100,1/100,3,-1/100,1/100,True,True,2
-2,1,2,0,-11/7,-5/7,-2,19/14,23/7,True,True,6
-2,1,2,0,-11/7,-5/7,0,-1/4,1/4,False,True,6
-2,1,2,0,-11/7,-5/7,3,-32/7,-31/14,True,True,6
-2,1,2,0,31/16,33/16,-2,-17/4,-15/4,True,True,2
-2,1,2,0,31/16,33/16,0,-1/8,1/8,True,True,2
-2,1,2,0,31/16,33/16,3,95/16,97/16,True,True,2
-2,1,2,1,-2,2,-2,-4,4,True,True,20
-2,1,2,1,-2,2,0,-9/8,9/8,False,True,20
-2,1,2,1,-2,2,3,-6,6,True,True,20
-2,1,2,1,0,1,-2,-3,0,False,True,6
-2,1,2,1,0,1,0,-9/8,1,False,True,6
-2,1,2,1,0,1,3,0,4,True,True,6
-2,1,2,1,1/7,13/7,-2,-53/14,-3/14,True,True,9
-2,1,2,1,1/7,13/7,0,-9/8,9/8,False,True,9
-2,1,2,1,1/7,13/7,3,1/2,11/2,True,True,9
-2,1,2,1,-3/4,-1/4,-2,3/4,9/4,True,True,4
-2,1,2,1,-3/4,-1/4,0,1/8,7/8,False,True,4
-2,1,2,1,-3/4,-1/4,3,-3/2,-1/2,True,True,4
-2,1,2,1,1/2,1/2,-2,-3/2,-3/2,True,True,1
-2,1,2,1,1/2,1/2,0,-1/2,-1/2,True,True,1
-2,1,2,1,1/2,1/2,3,1,1,True,True,1
-2,1,2,1,-1/2,-1/2,-2,3/2,3/2,True,True,1
-2,1,2,1,-1/2,-1/2,0,1/2,1/2,True,True,1
-2,1,2,1,-1/2,-1/2,3,-1,-1,True,True,1
-2,1,2,1,0,0,-2,0,0,True,True,1
-2,1,2,1,0,0,0,0,0,True,True,1
-2,1,2,1,0,0,3,0,0,True,True,1
-2,1,2,1,3/8,5/8,-2,-17/8,-7/8,False,True,2
-2,1,2,1,3/8,5/8,0,-7/8,-1/8,False,True,2
-2,1,2,1,3/8,5/8,3,1,3/2,True,True,2
-2,1,2,1,-1/100,1/100,-2,-1/20,1/20,True,True,2
-2,1,2,1,-1/100,1/100,0,-3/100,3/100,True,True,2
-2,1,2,1,-1/100,1/100,3,0,0,True,True,2
-2,1,2,1,-11/7,-5/7,-2,1,3,False,True,6
-2,1,2,1,-11/7,-5/7,0,-9/8,9/8,False,True,6
-2,1,2,1,-11/7,-5/7,3,-5,-3/2,True,True,6
-2,1,2,1,31/16,33/16,-2,-69/16,-59/16,True,True,2
-2,1,2,1,31/16,33/16,0,-3/16,3/16,True,True,2
-2,1,2,1,31/16,33/16,3,6,6,True,True,2
-2,1,2,2,-2,2,-2,-4,4,True,True,20
-2,1,2,2,-2,2,0,-2,2,False,True,20
-2,1,2,2,-2,2,3,-49/8,49/8,False,True,20
-2,1,2,2,0,1,-2,-4,0,False,True,6
-2,1,2,2,0,1,0,-2,2,False,True,6
-2,1,2,2,0,1,3,-1/8,5,False,True,6
-2,1,2,2,1/7,13/7,-2,-4,0,False,True,9
-2,1,2,2,1/7,13/7,0,-2,2,False,True,9
-2,1,2,2,1/7,13/7,3,1/8,47/8,False,True,9
-2,1,2,2,-3/4,-1/4,-2,1,3,True,True,4
-2,1,2,2,-3/4,-1/4,0,1/2,3/2,True,True,4
-2,1,2,2,-3/4,-1/4,3,-7/8,-1/8,False,True,4
-2,1,2,2,1/2,1/2,-2,-2,-2,True,True,1
-2,1,2,2,1/2,1/2,0,-1,-1,True,True,1
-2,1,2,2,1/2,1/2,3,1/2,1/2,True,True,1
-2,1,2,2,-1/2,-1/2,-2,2,2,True,True,1
-2,1,2,2,-1/2,-1/2,0,1,1,True,True,1
-2,1,2,2,-1/2,-1/2,3,-1/2,-1/2,True,True,1
-2,1,2,2,0,0,-2,0,0,True,True,1
-2,1,2,2,0,0,0,0,0,True,True,1
-2,1,2,2,0,0,3,0,0,True,True,1
-2,1,2,2,3/8,5/8,-2,-11/4,-5/4,False,True,2
-2,1,2,2,3/8,5/8,0,-3/2,-1/2,False,True,2
-2,1,2,2,3/8,5/8,3,3/8,7/8,False,True,2
-2,1,2,2,-1/100,1/100,-2,-3/50,3/50,True,True,2
-2,1,2,2,-1/100,1/100,0,-1/25,1/25,True,True,2
-2,1,2,2,-1/100,1/100,3,-1/100,1/100,True,True,2
-2,1,2,2,-11/7,-5/7,-2,0,4,False,True,6
-2,1,2,2,-11/7,-5/7,0,-2,2,False,True,6
-2,1,2,2,-11/7,-5/7,3,-45/8,-5/8,False,True,6
-2,1,2,2,31/16,33/16,-2,-35/8,-29/8,True,True,2
-2,1,2,2,31/16,33/16,0,-1/4,1/4,True,True,2
-2,1,2,2,31/16,33/16,3,95/16,97/16,True,True,2
-1,0,-2,-2,-2,2,-2,-9/2,9/2,True,False,14
-1,0,-2,-2,-2,2,0,-1,1,True,False,14
-1,0,-2,-2,-2,2,3,-6,6,True,True,14
-1,0,-2,-2,0,1,-2,-5/2,1/2,True,False,5
-1,0,-2,-2,0,1,0,-1,1,True,False,5
-1,0,-2,-2,0,1,3,0,3,True,True,5
-1,0,-2,-2,1/7,13/7,-2,-9/2,1/2,True,False,8
-1,0,-2,-2,1/7,13/7,0,-1,1,True,False,8
-1,0,-2,-2,1/7,13/7,3,1/2,11/2,True,False,8
-1,0,-2,-2,-3/4,-1/4,-2,-1/2,2,True,False,3
-1,0,-2,-2,-3/4,-1/4,0,-1,1,True,False,3
-1,0,-2,-2,-3/4,-1/4,3,-5/2,-1/2,True,False,3
-1,0,-2,-2,1/2,1/2,-2,-2,-2,True,True,1
-1,0,-2,-2,1/2,1/2,0,-1,-1,True,True,1
-1,0,-2,-2,1/2,1/2,3,1/2,1/2,True,True,1
-1,0,-2,-2,-1/2,-1/2,-2,0,0,True,True,1
-1,0,-2,-2,-1/2,-1/2,0,-1,-1,True,True,1
-1,0,-2,-2,-1/2,-1/2,3,-5/2,-5/2,True,True,1
-1,0,-2,-2,0,0,-2,0,0,True,True,1
-1,0,-2,-2,0,0,0,0,0,True,True,1
-1,0,-2,-2,0,0,3,0,0,True,True,1
-1,0,-2,-2,3/8,5/8,-2,-2,0,True,False,3
-1,0,-2,-2,3/8,5/8,0,-1,1,True,False,3
-1,0,-2,-2,3/8,5/8,3,1/2,5/2,True,False,3
-1,0,-2,-2,-1/100,1/100,-2,-1/50,1/50,True,True,2
-1,0,-2,-2,-1/100,1/100,0,-1/25,1/25,True,True,2
-1,0,-2,-2,-1/100,1/100,3,-7/100,7/100,True,True,2
-1,0,-2,-2,-11/7,-5/7,-2,3/2,4,True,False,5
-1,0,-2,-2,-11/7,-5/7,0,-1,1,True,False,5
-1,0,-2,-2,-11/7,-5/7,3,-11/2,-5/4,True,False,5
-1,0,-2,-2,31/16,33/16,-2,-33/8,-31/8,True,True,2
-1,0,-2,-2,31/16,33/16,0,-1/4,1/4,True,True,2
-1,0,-2,-2,31/16,33/16,3,89/16,103/16,True,True,2
-1,0,-2,-1,-2,2,-2,-17/4,17/4,True,False,14
-1,0,-2,-1,-2,2,0,-3/4,3/4,True,False,14
-1,0,-2,-1,-2,2,3,-6,6,True,True,14
-1,0,-2,-1,0,1,-2,-9/4,1/4,True,False,5
-1,0,-2,-1,0,1,0,-3/4,3/4,True,False,5
-1,0,-2,-1,0,1,3,0,3,True,True,5
-1,0,-2,-1,1/7,13/7,-2,-17/4,1/4,True,False,8
-1,0,-2,-1,1/7,13/7,0,-3/4,3/4,True,False,8
-1,0,-2,-1,1/7,13/7,3,1/2,11/2,True,False,8
-1,0,-2,-1,-3/4,-1/4,-2,-1/4,3/2,True,False,3
-1,0,-2,-1,-3/4,-1/4,0,-3/4,1/2,True,False,3
-1,0,-2,-1,-3/4,-1/4,3,-5/2,-1/2,True,False,3
-1,0,-2,-1,1/2,1/2,-2,-3/2,-3/2,True,True,1
-1,0,-2,-1,1/2,1/2,0,-1/2,-1/2,True,True,1
-1,0,-2,-1,1/2,1/2,3,1,1,True,True,1
-1,0,-2,-1,-1/2,-1/2,-2,1/2,1/2,True,True,1
-1,0,-2,-1,-1/2,-1/2,0,-1/2,-1/2,True,True,1
-1,0,-2,-1,-1/2,-1/2,3,-2,-2,True,True,1
-1,0,-2,-1,0,0,-2,0,0,True,True,1
-1,0,-2,-1,0,0,0,0,0,True,True,1
-1,0,-2,-1,0,0,3,0,0,True,True,1
-1,0,-2,-1,3/8,5/8,-2,-3/2,-1/2,True,False,3
-1,0,-2,-1,3/8,5/8,0,-1/2,1/2,True,False,3
-1,0,-2,-1,3/8,5/8,3,1,2,True,False,3
-1,0,-2,-1,-1/100,1/100,-2,-1/100,1/100,True,True,2
-1,0,-2,-1,-1/100,1/100,0,-3/100,3/100,True,True,2
-1,0,-2,-1,-1/100,1/100,3,-3/50,3/50,True,True,2
-1,0,-2,-1,-11/7,-5/7,-2,5/4,7/2,True,False,5
-1,0,-2,-1,-11/7,-5/7,0,-3/4,3/4,True,False,5
-1,0,-2,-1,-11/7,-5/7,3,-5,-3/2,True,False,5
-1,0,-2,-1,31/16,33/16,-2,-65/16,-63/16,True,True,2
-1,0,-2,-1,31/16,33/16,0,-3/16,3/16,True,True,2
-1,0,-2,-1,31/16,33/16,3,45/8,51/8,True,True,2
-1,0,-2,0,-2,2,-2,-4,4,True,True,14
-1,0,-2,0,-2,2,0,-1/2,1/2,True,False,14
-1,0,-2,0,-2,2,3,-6,6,True,True,14
-1,0,-2,0,0,1,-2,-2,0,True,True,5
-1,0,-2,0,0,1,0,-1/2,1/2,True,False,5
-1,0,-2,0,0,1,3,0,3,True,True,5
-1,0,-2,0,1/7,13/7,-2,-4,0,True,True,8
-1,0,-2,0,1/7,13/7,0,-1/2,1/2,True,False,8
-1,0,-2,0,1/7,13/7,3,1/4,23/4,True,False,8
-1,0,-2,0,-3/4,-1/4,-2,0,1,True,True,3
-1,0,-2,0,-3/4,-1/4,0,-1/2,1/2,True,False,3
-1,0,-2,0,-3/4,-1/4,3,-11/4,-1/4,True,False,3
-1,0,-2,0,1/2,1/2,-2,-1,-1,True,True,1
-1,0,-2,0,1/2,1/2,0,0,0,True,True,1
-1,0,-2,0,1/2,1/2,3,3/2,3/2,True,True,1
-1,0,-2,0,-1/2,-1/2,-2,1,1,True,True,1
-1,0,-2,0,-1/2,-1/2,0,0,0,True,True,1
-1,0,-2,0,-1/2,-1/2,3,-3/2,-3/2,True,True,1
-1,0,-2,0,0,0,-2,0,0,True,True,1
-1,0,-2,0,0,0,0,0,0,True,True,1
-1,0,-2,0,0,0,3,0,0,True,True,1
-1,0,-2,0,3/8,5/8,-2,-1,-1,True,True,3
-1,0,-2,0,3/8,5/8,0,-1/4,1/4,True,True,3
-1,0,-2,0,3/8,5/8,3,7/8,17/8,True,True,3
-1,0,-2,0,-1/100,1/100,-2,0,0,True,True,2
-1,0,-2,0,-1/100,1/100,0,-1/50,1/50,True,True,2
-1,0,-2,0,-1/100,1/100,3,-1/20,1/20,True,True,2
-1,0,-2,0,-11/7,-5/7,-2,1,3,True,True,5
-1,0,-2,0,-11/7,-5/7,0,-1/2,1/2,True,False,5
-1,0,-2,0,-11/7,-5/7,3,-34/7,-7/4,True,False,5
-1,0,-2,0,31/16,33/16,-2,-4,-4,True,True,2
-1,0,-2,0,31/16,33/16,0,-1/8,1/8,True,True,2
-1,0,-2,0,31/16,33/16,3,91/16,101/16,True,True,2
-1,0,-2,1,-2,2,-2,-4,4,True,True,14
-1,0,-2,1,-2,2,0,-3/4,3/4,True,False,14
-1,0,-2,1,-2,2,3,-6,6,True,True,14
-1,0,-2,1,0,1,-2,-2,0,True,True,5
-1,0,-2,1,0,1,0,-3/4,3/4,True,False,5
-1,0,-2,1,0,1,3,0,3,True,True,5
-1,0,-2,1,1/7,13/7,-2,-27/7,-1/7,True,True,8
-1,0,-2,1,1/7,13/7,0,-3/4,3/4,True,False,8
-1,0,-2,1,1/7,13/7,3,0,6,True,False,8
-1,0,-2,1,-3/4,-1/4,-2,1/4,3/2,True,True,3
-1,0,-2,1,-3/4,-1/4,0,-3/4,3/4,True,False,3
-1,0,-2,1,-3/4,-1/4,3,-3,0,True,False,3
-1,0,-2,1,1/2,1/2,-2,-1/2,-1/2,True,True,1
-1,0,-2,1,1/2,1/2,0,1/2,1/2,True,True,1
-1,0,-2,1,1/2,1/2,3,2,2,True,True,1
-1,0,-2,1,-1/2,-1/2,-2,3/2,3/2,True,True,1
-1,0,-2,1,-1/2,-1/2,0,1/2,1/2,True,True,1
-1,0,-2,1,-1/2,-1/2,3,-1,-1,True,True,1
-1,0,-2,1,0,0,-2,0,0,True,True,1
-1,0,-2,1,0,0,0,0,0,True,True,1
-1,0,-2,1,0,0,3,0,0,True,True,1
-1,0,-2,1,3/8,5/8,-2,-3/2,-1/2,False,True,3
-1,0,-2,1,3/8,5/8,0,-5/8,5/8,True,True,3
-1,0,-2,1,3/8,5/8,3,1/2,5/2,True,True,3
-1,0,-2,1,-1/100,1/100,-2,-1/100,1/100,True,True,2
-1,0,-2,1,-1/100,1/100,0,-1/100,1/100,True,True,2
-1,0,-2,1,-1/100,1/100,3,-1/25,1/25,True,True,2
-1,0,-2,1,-11/7,-5/7,-2,5/7,7/2,True,True,5
-1,0,-2,1,-11/7,-5/7,0,-3/4,3/4,True,False,5
-1,0,-2,1,-11/7,-5/7,3,-37/7,-2,True,False,5
-1,0,-2,1,31/16,33/16,-2,-65/16,-63/16,True,True,2
-1,0,-2,1,31/16,33/16,0,-1/16,1/16,True,True,2
-1,0,-2,1,31/16,33/16,3,23/4,25/4,True,True,2
-1,0,-2,2,-2,2,-2,-4,4,True,True,14
-1,0,-2,2,-2,2,0,-1,1,True,True,14
-1,0,-2,2,-2,2,3,-25/4,25/4,True,False,14
-1,0,-2,2,0,1,-2,-2,0,True,True,5
-1,0,-2,2,0,1,0,-1,1,True,True,5
-1,0,-2,2,0,1,3,-1/4,13/4,True,False,5
-1,0,-2,2,1/7,13/7,-2,-4,0,False,True,8
-1,0,-2,2,1/7,13/7,0,-1,1,True,True,8
-1,0,-2,2,1/7,13/7,3,-1/4,25/4,True,False,8
-1,0,-2,2,-3/4,-1/4,-2,0,2,False,True,3
-1,0,-2,2,-3/4,-1/4,0,-1,1,True,True,3
-1,0,-2,2,-3/4,-1/4,3,-13/4,1/4,True,False,3
-1,0,-2,2,1/2,1/2,-2,0,0,True,True,1
-1,0,-2,2,1/2,1/2,0,1,1,True,True,1
-1,0,-2,2,1/2,1/2,3,5/2,5/2,True,True,1
-1,0,-2,2,-1/2,-1/2,-2,2,2,True,True,1
-1,0,-2,2,-1/2,-1/2,0,1,1,True,True,1
-1,0,-2,2,-1/2,-1/2,3,-1/2,-1/2,True,True,1
-1,0,-2,2,0,0,-2,0,0,True,True,1
-1,0,-2,2,0,0,0,0,0,True,True,1
-1,0,-2,2,0,0,3,0,0,True,True,1
-1,0,-2,2,3/8,5/8,-2,-2,0,False,True,3
-1,0,-2,2,3/8,5/8,0,-1,1,True,True,3
-1,0,-2,2,3/8,5/8,3,1/8,23/8,True,True,3
-1,0,-2,2,-1/100,1/100,-2,-1/50,1/50,True,True,2
-1,0,-2,2,-1/100,1/100,0,0,0,True,True,2
-1,0,-2,2,-1/100,1/100,3,-3/100,3/100,True,True,2
-1,0,-2,2,-11/7,-5/7,-2,3/7,4,True,True,5
-1,0,-2,2,-11/7,-5/7,0,-1,1,True,True,5
-1,0,-2,2,-11/7,-5/7,3,-40/7,-9/4,True,False,5
-1,0,-2,2,31/16,33/16,-2,-33/8,-31/8,True,True,2
-1,0,-2,2,31/16,33/16,0,0,0,True,True,2
-1,0,-2,2,31/16,33/16,3,93/16,99/16,True,True,2
-1,0,-1,-2,-2,2,-2,-17/4,17/4,True,False,14
-1,0,-1,-2,-2,2,0,-1,1,True,False,14
-1,0,-1,-2,-2,2,3,-6,6,True,True,14
-1,0,-1,-2,0,1,-2,-9/4,1/4,True,False,5
-1,0,-1,-2,0,1,0,-1,1,True,False,5
-1,0,-1,-2,0,1,3,0,3,True,True,5
-1,0,-1,-2,1/7,13/7,-2,-17/4,1/4,True,False,8
-1,0,-1,-2,1/7,13/7,0,-1,1,True,False,8
-1,0,-1,-2,1/7,13/7,3,1/2,11/2,True,False,8
-1,0,-1,-2,-3/4,-1/4,-2,-1/4,2,True,False,3
-1,0,-1,-2,-3/4,-1/4,0,-1,1,True,False,3
-1,0,-1,-2,-3/4,-1/4,3,-5/2,-1/2,True,False,3
-1,0,-1,-2,1/2,1/2,-2,-2,-2,True,True,1
-1,0,-1,-2,1/2,1/2,0,-1,-1,True,True,1
-1,0,-1,-2,1/2,1/2,3,1/2,1/2,True,True,1
-1,0,-1,-2,-1/2,-1/2,-2,0,0,True,True,1
-1,0,-1,-2,-1/2,-1/2,0,-1,-1,True,True,1
-1,0,-1,-2,-1/2,-1/2,3,-5/2,-5/2,True,True,1
-1,0,-1,-2,0,0,-2,0,0,True,True,1
-1,0,-1,-2,0,0,0,0,0,True,True,1
-1,0,-1,-2,0,0,3,0,0,True,True,1
-1,0,-1,-2,3/8,5/8,-2,-2,0,True,False,3
-1,0,-1,-2,3/8,5/8,0,-1,1,True,False,3
-1,0,-1,-2,3/8,5/8,3,1/2,5/2,True,False,3
-1,0,-1,-2,-1/100,1/100,-2,-1/100,1/100,True,True,2
-1,0,-1,-2,-1/100,1/100,0,-3/100,3/100,True,True,2
-1,0,-1,-2,-1/100,1/100,3,-3/50,3/50,True,True,2
-1,0,-1,-2,-11/7,-5/7,-2,7/4,4,True,False,5
-1,0,-1,-2,-11/7,-5/7,0,-1,1,True,False,5
-1,0,-1,-2,-11/7,-5/7,3,-11/2,-3/2,True,False,5
-1,0,-1,-2,31/16,33/16,-2,-65/16,-63/16,True,True,2
-1,0,-1,-2,31/16,33/16,0,-3/16,3/16,True,True,2
-1,0,-1,-2,31/16,33/16,3,45/8,51/8,True,True,2
-1,0,-1,-1,-2,2,-2,-4,4,True,True,14
-1,0,-1,-1,-2,2,0,-1/2,1/2,True,False,14
-1,0,-1,-1,-2,2,3,-6,6,True,True,14
-1,0,-1,-1,0,1,-2,-2,0,True,True,5
-1,0,-1,-1,0,1,0,-1/2,1/2,True,False,5
-1,0,-1,-1,0,1,3,0,3,True,True,5
-1,0,-1,-1,1/7,13/7,-2,-4,0,True,True,8
-1,0,-1,-1,1/7,13/7,0,-1/2,1/2,True,False,8
-1,0,-1,-1,1/7,13/7,3,5/7,37/7,True,True,8
-1,0,-1,-1,-3/4,-1/4,-2,0,3/2,True,True,3
-1,0,-1,-1,-3/4,-1/4,0,-1/2,1/2,True,False,3
-1,0,-1,-1,-3/4,-1/4,3,-9/4,-3/4,True,False,3
-1,0,-1,-1,1/2,1/2,-2,-3/2,-3/2,True,True,1
-1,0,-1,-1,1/2,1/2,0,-1/2,-1/2,True,True,1
-1,0,-1,-1,1/2,1/2,3,1,1,True,True,1
-1,0,-1,-1,-1/2,-1/2,-2,1/2,1/2,True,True,1
-1,0,-1,-1,-1/2,-1/2,0,-1/2,-1/2,True,True,1
-1,0,-1,-1,-1/2,-1/2,3,-2,-2,True,True,1
-1,0,-1,-1,0,0,-2,0,0,True,True,1
-1,0,-1,-1,0,0,0,0,0,True,True,1
-1,0,-1,-1,0,0,3,0,0,True,True,1
-1,0,-1,-1,3/8,5/8,-2,-3/2,-1/2,True,True,3
-1,0,-1,-1,3/8,5/8,0,-1/2,1/2,True,False,3
-1,0,-1,-1,3/8,5/8,3,1,2,True,False,3
-1,0,-1,-1,-1/100,1/100,-2,0,0,True,True,2
-1,0,-1,-1,-1/100,1/100,0,-1/50,1/50,True,True,2
-1,0,-1,-1,-1/100,1/100,3,-1/20,1/20,True,True,2
-1,0,-1,-1,-11/7,-5/7,-2,3/2,7/2,True,True,5
-1,0,-1,-1,-11/7,-5/7,0,-1/2,1/2,True,False,5
-1,0,-1,-1,-11/7,-5/7,3,-5,-7/4,True,False,5
-1,0,-1,-1,31/16,33/16,-2,-4,-4,True,True,2
-1,0,-1,-1,31/16,33/16,0,-1/8,1/8,True,True,2
-1,0,-1,-1,31/16,33/16,3,91/16,101/16,True,True,2
-1,0,-1,0,-2,2,-2,-4,4,True,True,14
-1,0,-1,0,-2,2,0,-1/4,1/4,True,False,14
-1,0,-1,0,-2,2,3,-6,6,True,True,14
-1,0,-1,0,0,1,-2,-2,0,True,True,5
-1,0,-1,0,0,1,0,-1/4,1/4,True,False,5
-1,0,-1,0,0,1,3,0,3,True,True,5
-1,0,-1,0,1/7,13/7,-2,-27/7,-1/7,True,True,8
-1,0,-1,0,1/7,13/7,0,-1/4,1/4,True,False,8
-1,0,-1,0,1/7,13/7,3,1/2,11/2,True,False,8
-1,0,-1,0,-3/4,-1/4,-2,1/4,5/4,True,True,3
-1,0,-1,0,-3/4,-1/4,0,-1/4,1/4,True,False,3
-1,0,-1,0,-3/4,-1/4,3,-5/2,-1/2,True,False,3
-1,0,-1,0,1/2,1/2,-2,-1,-1,True,True,1
-1,0,-1,0,1/2,1/2,0,0,0,True,True,1
-1,0,-1,0,1/2,1/2,3,3/2,3/2,True,True,1
-1,0,-1,0,-1/2,-1/2,-2,1,1,True,True,1
-1,0,-1,0,-1/2,-1/2,0,0,0,True,True,1
-1,0,-1,0,-1/2,-1/2,3,-3/2,-3/2,True,True,1
-1,0,-1,0,0,0,-2,0,0,True,True,1
-1,0,-1,0,0,0,0,0,0,True,True,1
-1,0,-1,0,0,0,3,0,0,True,True,1
-1,0,-1,0,3/8,5/8,-2,-9/8,-7/8,True,True,3
-1,0,-1,0,3/8,5/8,0,-1/8,1/8,True,True,3
-1,0,-1,0,3/8,5/8,3,1,2,True,True,3
-1,0,-1,0,-1/100,1/100,-2,-1/100,1/100,True,True,2
-1,0,-1,0,-1/100,1/100,0,-1/100,1/100,True,True,2
-1,0,-1,0,-1/100,1/100,3,-1/25,1/25,True,True,2
-1,0,-1,0,-11/7,-5/7,-2,17/14,43/14,True,True,5
-1,0,-1,0,-11/7,-5/7,0,-1/4,1/4,True,False,5
-1,0,-1,0,-11/7,-5/7,3,-67/14,-2,True,False,5
-1,0,-1,0,31/16,33/16,-2,-65/16,-63/16,True,True,2
-1,0,-1,0,31/16,33/16,0,-1/16,1/16,True,True,2
-1,0,-1,0,31/16,33/16,3,23/4,25/4,True,True,2
-1,0,-1,1,-2,2,-2,-4,4,True,True,14
-1,0,-1,1,-2,2,0,-1/2,1/2,True,True,14
-1,0,-1,1,-2,2,3,-6,6,True,True,14
-1,0,-1,1,0,1,-2,-2,0,True,True,5
-1,0,-1,1,0,1,0,-1/2,1/2,True,True,5
-1,0,-1,1,0,1,3,0,3,True,True,5
-1,0,-1,1,1/7,13/7,-2,-26/7,-2/7,True,True,8
-1,0,-1,1,1/7,13/7,0,-1/2,1/2,True,True,8
-1,0,-1,1,1/7,13/7,3,1/4,23/4,True,False,8
-1,0,-1,1,-3/4,-1/4,-2,1/2,3/2,True,True,3
-1,0,-1,1,-3/4,-1/4,0,-1/2,1/2,True,True,3
-1,0,-1,1,-3/4,-1/4,3,-11/4,-1/4,True,False,3
-1,0,-1,1,1/2,1/2,-2,-1/2,-1/2,True,True,1
-1,0,-1,1,1/2,1/2,0,1/2,1/2,True,True,1
-1,0,-1,1,1/2,1/2,3,2,2,True,True,1
-1,0,-1,1,-1/2,-1/2,-2,3/2,3/2,True,True,1
-1,0,-1,1,-1/2,-1/2,0,1/2,1/2,True,True,1
-1,0,-1,1,-1/2,-1/2,3,-1,-1,True,True,1
-1,0,-1,1,0,0,-2,0,0,True,True,1
-1,0,-1,1,0,0,0,0,0,True,True,1
-1,0,-1,1,0,0,3,0,0,True,True,1
-1,0,-1,1,3/8,5/8,-2,-3/2,-1/2,False,True,3
-1,0,-1,1,3/8,5/8,0,-1/2,1/2,True,True,3
-1,0,-1,1,3/8,5/8,3,5/8,19/8,True,True,3
-1,0,-1,1,-1/100,1/100,-2,-1/50,1/50,True,True,2
-1,0,-1,1,-1/100,1/100,0,0,0,True,True,2
-1,0,-1,1,-1/100,1/100,3,-3/100,3/100,True,True,2
-1,0,-1,1,-11/7,-5/7,-2,13/14,7/2,True,True,5
-1,0,-1,1,-11/7,-5/7,0,-1/2,1/2,True,True,5
-1,0,-1,1,-11/7,-5/7,3,-73/14,-9/4,True,False,5
-1,0,-1,1,31/16,33/16,-2,-33/8,-31/8,True,True,2
-1,0,-1,1,31/16,33/16,0,0,0,True,True,2
-1,0,-1,1,31/16,33/16,3,93/16,99/16,True,True,2
-1,0,-1,2,-2,2,-2,-4,4,True,True,14
-1,0,-1,2,-2,2,0,-1,1,False,True,14
-1,0,-1,2,-2,2,3,-6,6,True,True,14
-1,0,-1,2,0,1,-2,-2,0,True,True,5
-1,0,-1,2,0,1,0,-1,1,False,True,5
-1,0,-1,2,0,1,3,0,3,True,True,5
-1,0,-1,2,1/7,13/7,-2,-4,0,False,True,8
-1,0,-1,2,1/7,13/7,0,-1,1,False,True,8
-1,0,-1,2,1/7,13/7,3,0,6,True,False,8
-1,0,-1,2,-3/4,-1/4,-2,0,2,False,True,3
-1,0,-1,2,-3/4,-1/4,0,-1,1,False,True,3
-1,0,-1,2,-3/4,-1/4,3,-3,0,True,False,3
-1,0,-1,2,1/2,1/2,-2,0,0,True,True,1
-1,0,-1,2,1/2,1/2,0,1,1,True,True,1
-1,0,-1,2,1/2,1/2,3,5/2,5/2,True,True,1
-1,0,-1,2,-1/2,-1/2,-2,2,2,True,True,1
-1,0,-1,2,-1/2,-1/2,0,1,1,True,True,1
-1,0,-1,2,-1/2,-1/2,3,-1/2,-1/2,True,True,1
-1,0,-1,2,0,0,-2,0,0,True,True,1
-1,0,-1,2,0,0,0,0,0,True,True,1
-1,0,-1,2,0,0,3,0,0,True,True,1
-1,0,-1,2,3/8,5/8,-2,-2,0,False,True,3
-1,0,-1,2,3/8,5/8,0,-1,1,False,True,3
-1,0,-1,2,3/8,5/8,3,1/4,11/4,True,True,3
-1,0,-1,2,-1/100,1/100,-2,-3/100,3/100,True,True,2
-1,0,-1,2,-1/100,1/100,0,-1/100,1/100,True,True,2
-1,0,-1,2,-1/100,1/100,3,-1/50,1/50,True,True,2
-1,0,-1,2,-11/7,-5/7,-2,9/14,4,True,True,5
-1,0,-1,2,-11/7,-5/7,0,-1,1,False,True,5
-1,0,-1,2,-11/7,-5/7,3,-79/14,-5/2,True,False,5
-1,0,-1,2,31/16,33/16,-2,-67/16,-61/16,True,True,2
-1,0,-1,2,31/16,33/16,0,-1/16,1/16,True,True,2
-1,0,-1,2,31/16,33/16,3,47/8,49/8,True,True,2
-1,0,0,-2,-2,2,-2,-4,4,True,True,14
-1,0,0,-2,-2,2,0,-1,1,True,False,14
-1,0,0,-2,-2,2,3,-6,6,True,True,14
-1,0,0,-2,0,1,-2,-2,0,True,True,5
-1,0,0,-2,0,1,0,-1,1,True,False,5
-1,0,0,-2,0,1,3,0,3,True,True,5
-1,0,0,-2,1/7,13/7,-2,-4,0,True,True,8
-1,0,0,-2,1/7,13/7,0,-1,1,True,False,8
-1,0,0,-2,1/7,13/7,3,1/2,11/2,True,False,8
-1,0,0,-2,-3/4,-1/4,-2,0,2,True,True,3
-1,0,0,-2,-3/4,-1/4,0,-1,1,True,False,3
-1,0,0,-2,-3/4,-1/4,3,-5/2,-1/2,True,False,3
-1,0,0,-2,1/2,1/2,-2,-2,-2,True,True,1
-1,0,0,-2,1/2,1/2,0,-1,-1,True,True,1
-1,0,0,-2,1/2,1/2,3,1/2,1/2,True,True,1
-1,0,0,-2,-1/2,-1/2,-2,0,0,True,True,1
-1,0,0,-2,-1/2,-1/2,0,-1,-1,True,True,1
-1,0,0,-2,-1/2,-1/2,3,-5/2,-5/2,True,True,1
-1,0,0,-2,0,0,-2,0,0,True,True,1
-1,0,0,-2,0,0,0,0,0,True,True,1
-1,0,0,-2,0,0,3,0,0,True,True,1
-1,0,0,-2,3/8,5/8,-2,-2,0,True,True,3
-1,0,0,-2,3/8,5/8,0,-1,1,True,False,3
-1,0,0,-2,3/8,5/8,3,1/2,5/2,True,False,3
-1,0,0,-2,-1/100,1/100,-2,0,0,True,True,2
-1,0,0,-2,-1/100,1/100,0,-1/50,1/50,True,True,2
-1,0,0,-2,-1/100,1/100,3,-1/20,1/20,True,True,2
-1,0,0,-2,-11/7,-5/7,-2,2,4,True,True,5
-1,0,0,-2,-11/7,-5/7,0,-1,1,True,False,5
-1,0,0,-2,-11/7,-5/7,3,-11/2,-11/7,True,True,5
-1,0,0,-2,31/16,33/16,-2,-4,-4,True,True,2
-1,0,0,-2,31/16,33/16,0,-1/8,1/8,True,True,2
-1,0,0,-2,31/16,33/16,3,91/16,101/16,True,True,2
-1,0,0,-1,-2,2,-2,-4,4,True,True,14
-1,0,0,-1,-2,2,0,-1/2,1/2,True,False,14
-1,0,0,-1,-2,2,3,-6,6,True,True,14
-1,0,0,-1,0,1,-2,-2,0,True,True,5
-1,0,0,-1,0,1,0,-1/2,1/2,True,False,5
-1,0,0,-1,0,1,3,0,3,True,True,5
-1,0,0,-1,1/7,13/7,-2,-27/7,-1/7,True,True,8
-1,0,0,-1,1/7,13/7,0,-1/2,1/2,True,False,8
-1,0,0,-1,1/7,13/7,3,4/7,38/7,True,True,8
-1,0,0,-1,-3/4,-1/4,-2,1/4,7/4,True,True,3
-1,0,0,-1,-3/4,-1/4,0,-1/2,1/2,True,False,3
-1,0,0,-1,-3/4,-1/4,3,-2,-1,True,True,3
-1,0,0,-1,1/2,1/2,-2,-3/2,-3/2,True,True,1
-1,0,0,-1,1/2,1/2,0,-1/2,-1/2,True,True,1
-1,0,0,-1,1/2,1/2,3,1,1,True,True,1
-1,0,0,-1,-1/2,-1/2,-2,1/2,1/2,True,True,1
-1,0,0,-1,-1/2,-1/2,0,-1/2,-1/2,True,True,1
-1,0,0,-1,-1/2,-1/2,3,-2,-2,True,True,1
-1,0,0,-1,0,0,-2,0,0,True,True,1
-1,0,0,-1,0,0,0,0,0,True,True,1
-1,0,0,-1,0,0,3,0,0,True,True,1
-1,0,0,-1,3/8,5/8,-2,-13/8,-3/8,True,True,3
-1,0,0,-1,3/8,5/8,0,-1/2,1/2,True,False,3
-1,0,0,-1,3/8,5/8,3,1,2,True,False,3
-1,0,0,-1,-1/100,1/100,-2,-1/100,1/100,True,True,2
-1,0,0,-1,-1/100,1/100,0,-1/100,1/100,True,True,2
-1,0,0,-1,-1/100,1/100,3,-1/25,1/25,True,True,2
-1,0,0,-1,-11/7,-5/7,-2,12/7,25/7,True,True,5
-1,0,0,-1,-11/7,-5/7,0,-1/2,1/2,True,False,5
-1,0,0,-1,-11/7,-5/7,3,-5,-13/7,True,True,5
-1,0,0,-1,31/16,33/16,-2,-65/16,-63/16,True,True,2
-1,0,0,-1,31/16,33/16,0,-1/16,1/16,True,True,2
-1,0,0,-1,31/16,33/16,3,23/4,25/4,True,True,2
-1,0,0,0,-2,2,-2,-4,4,True,True,14
-1,0,0,0,-2,2,0,0,0,True,True,14
-1,0,0,0,-2,2,3,-6,6,True,True,14
-1,0,0,0,0,1,-2,-2,0,True,True,5
-1,0,0,0,0,1,0,0,0,True,True,5
-1,0,0,0,0,1,3,0,3,True,True,5
-1,0,0,0,1/7,13/7,-2,-26/7,-2/7,True,True,8
-1,0,0,0,1/7,13/7,0,0,0,True,True,8
-1,0,0,0,1/7,13/7,3,3/7,39/7,True,True,8
-1,0,0,0,-3/4,-1/4,-2,1/2,3/2,True,True,3
-1,0,0,0,-3/4,-1/4,0,0,0,True,True,3
-1,0,0,0,-3/4,-1/4,3,-9/4,-3/4,True,True,3
-1,0,0,0,1/2,1/2,-2,-1,-1,True,True,1
-1,0,0,0,1/2,1/2,0,0,0,True,True,1
-1,0,0,0,1/2,1/2,3,3/2,3/2,True,True,1
-1,0,0,0,-1/2,-1/2,-2,1,1,True,True,1
-1,0,0,0,-1/2,-1/2,0,0,0,True,True,1
-1,0,0,0,-1/2,-1/2,3,-3/2,-3/2,True,True,1
-1,0,0,0,0,0,-2,0,0,True,True,1
-1,0,0,0,0,0,0,0,0,True,True,1
-1,0,0,0,0,0,3,0,0,True,True,1
-1,0,0,0,3/8,5/8,-2,-5/4,-3/4,True,True,3
-1,0,0,0,3/8,5/8,0,0,0,True,True,3
-1,0,0,0,3/8,5/8,3,9/8,15/8,True,True,3
-1,0,0,0,-1/100,1/100,-2,-1/50,1/50,True,True,2
-1,0,0,0,-1/100,1/100,0,0,0,True,True,2
-1,0,0,0,-1/100,1/100,3,-3/100,3/100,True,True,2
-1,0,0,0,-11/7,-5/7,-2,10/7,22/7,True,True,5
-1,0,0,0,-11/7,-5/7,0,0,0,True,True,5
-1,0,0,0,-11/7,-5/7,3,-33/7,-15/7,True,True,5
-1,0,0,0,31/16,33/16,-2,-33/8,-31/8,True,True,2
-1,0,0,0,31/16,33/16,0,0,0,True,True,2
-1,0,0,0,31/16,33/16,3,93/16,99/16,True,True,2
-1,0,0,1,-2,2,-2,-4,4,True,True,14
-1,0,0,1,-2,2,0,-1/2,1/2,False,True,14
-1,0,0,1,-2,2,3,-6,6,True,True,14
-1,0,0,1,0,1,-2,-2,0,True,True,5
-1,0,0,1,0,1,0,-1/2,1/2,False,True,5
-1,0,0,1,0,1,3,0,3,True,True,5
-1,0,0,1,1/7,13/7,-2,-25/7,-3/7,True,True,8
-1,0,0,1,1/7,13/7,0,-1/2,1/2,False,True,8
-1,0,0,1,1/7,13/7,3,2/7,40/7,True,True,8
-1,0,0,1,-3/4,-1/4,-2,1/2,3/2,False,True,3
-1,0,0,1,-3/4,-1/4,0,-1/2,1/2,False,True,3
-1,0,0,1,-3/4,-1/4,3,-5/2,-1/2,True,True,3
-1,0,0,1,1/2,1/2,-2,-1/2,-1/2,True,True,1
-1,0,0,1,1/2,1/2,0,1/2,1/2,True,True,1
-1,0,0,1,1/2,1/2,3,2,2,True,True,1
-1,0,0,1,-1/2,-1/2,-2,3/2,3/2,True,True,1
-1,0,0,1,-1/2,-1/2,0,1/2,1/2,True,True,1
-1,0,0,1,-1/2,-1/2,3,-1,-1,True,True,1
-1,0,0,1,0,0,-2,0,0,True,True,1
-1,0,0,1,0,0,0,0,0,True,True,1
-1,0,0,1,0,0,3,0,0,True,True,1
-1,0,0,1,3/8,5/8,-2,-3/2,-1/2,False,True,3
-1,0,0,1,3/8,5/8,0,-1/2,1/2,False,True,3
-1,0,0,1,3/8,5/8,3,3/4,9/4,True,True,3
-1,0,0,1,-1/100,1/100,-2,-3/100,3/100,True,True,2
-1,0,0,1,-1/100,1/100,0,-1/100,1/100,True,True,2
-1,0,0,1,-1/100,1/100,3,-1/50,1/50,True,True,2
-1,0,0,1,-11/7,-5/7,-2,8/7,7/2,True,True,5
-1,0,0,1,-11/7,-5/7,0,-1/2,1/2,False,True,5
-1,0,0,1,-11/7,-5/7,3,-36/7,-17/7,True,True,5
-1,0,0,1,31/16,33/16,-2,-67/16,-61/16,True,True,2
-1,0,0,1,31/16,33/16,0,-1/16,1/16,True,True,2
-1,0,0,1,31/16,33/16,3,47/8,49/8,True,True,2
-1,0,0,2,-2,2,-2,-4,4,True,True,14
-1,0,0,2,-2,2,0,-1,1,False,True,14
-1,0,0,2,-2,2,3,-6,6,True,True,14
-1,0,0,2,0,1,-2,-2,0,True,True,5
-1,0,0,2,0,1,0,-1,1,False,True,5
-1,0,0,2,0,1,3,0,3,True,True,5
-1,0,0,2,1/7,13/7,-2,-4,0,False,True,8
-1,0,0,2,1/7,13/7,0,-1,1,False,True,8
-1,0,0,2,1/7,13/7,3,1/7,41/7,True,True,8
-1,0,0,2,-3/4,-1/4,-2,0,2,False,True,3
-1,0,0,2,-3/4,-1/4,0,-1,1,False,True,3
-1,0,0,2,-3/4,-1/4,3,-11/4,-1/4,True,True,3
-1,0,0,2,1/2,1/2,-2,0,0,True,True,1
-1,0,0,2,1/2,1/2,0,1,1,True,True,1
-1,0,0,2,1/2,1/2,3,5/2,5/2,True,True,1
-1,0,0,2,-1/2,-1/2,-2,2,2,True,True,1
-1,0,0,2,-1/2,-1/2,0,1,1,True,True,1
-1,0,0,2,-1/2,-1/2,3,-1/2,-1/2,True,True,1
-1,0,0,2,0,0,-2,0,0,True,True,1
-1,0,0,2,0,0,0,0,0,True,True,1
-1,0,0,2,0,0,3,0,0,True,True,1
-1,0,0,2,3/8,5/8,-2,-2,0,False,True,3
-1,0,0,2,3/8,5/8,0,-1,1,False,True,3
-1,0,0,2,3/8,5/8,3,3/8,21/8,True,True,3
-1,0,0,2,-1/100,1/100,-2,-1/25,1/25,True,True,2
-1,0,0,2,-1/100,1/100,0,-1/50,1/50,True,True,2
-1,0,0,2,-1/100,1/100,3,-1/100,1/100,True,True,2
-1,0,0,2,-11/7,-5/7,-2,6/7,4,True,True,5
-1,0,0,2,-11/7,-5/7,0,-1,1,False,True,5
-1,0,0,2,-11/7,-5/7,3,-39/7,-19/7,True,True,5
-1,0,0,2,31/16,33/16,-2,-17/4,-15/4,True,True,2
-1,0,0,2,31/16,33/16,0,-1/8,1/8,True,True,2
-1,0,0,2,31/16,33/16,3,95/16,97/16,True,True,2
-1,0,1,-2,-2,2,-2,-17/4,17/4,False,True,14
-1,0,1,-2,-2,2,0,-1,1,True,False,14
-1,0,1,-2,-2,2,3,-6,6,True,True,14
-1,0,1,-2,0,1,-2,-9/4,1/4,False,True,5
-1,0,1,-2,0,1,0,-1,1,True,False,5
-1,0,1,-2,0,1,3,0,3,True,True,5
-1,0,1,-2,1/7,13/7,-2,-17/4,1/4,False,True,8
-1,0,1,-2,1/7,13/7,0,-1,1,True,False,8
-1,0,1,-2,1/7,13/7,3,1/2,11/2,True,False,8
-1,0,1,-2,-3/4,-1/4,-2,-1/4,9/4,False,True,3
-1,0,1,-2,-3/4,-1/4,0,-1,1,True,False,3
-1,0,1,-2,-3/4,-1/4,3,-5/2,-1/2,True,False,3
-1,0,1,-2,1/2,1/2,-2,-2,-2,True,True,1
-1,0,1,-2,1/2,1/2,0,-1,-1,True,True,1
-1,0,1,-2,1/2,1/2,3,1/2,1/2,True,True,1
-1,0,1,-2,-1/2,-1/2,-2,0,0,True,True,1
-1,0,1,-2,-1/2,-1/2,0,-1,-1,True,True,1
-1,0,1,-2,-1/2,-1/2,3,-5/2,-5/2,True,True,1
-1,0,1,-2,0,0,-2,0,0,True,True,1
-1,0,1,-2,0,0,0,0,0,True,True,1
-1,0,1,-2,0,0,3,0,0,True,True,1
-1,0,1,-2,3/8,5/8,-2,-17/8,1/8,True,True,3
-1,0,1,-2,3/8,5/8,0,-1,1,True,False,3
-1,0,1,-2,3/8,5/8,3,1/2,5/2,True,False,3
-1,0,1,-2,-1/100,1/100,-2,-1/100,1/100,True,True,2
-1,0,1,-2,-1/100,1/100,0,-1/100,1/100,True,True,2
-1,0,1,-2,-1/100,1/100,3,-1/25,1/25,True,True,2
-1,0,1,-2,-11/7,-5/7,-2,7/4,57/14,False,True,5
-1,0,1,-2,-11/7,-5/7,0,-1,1,True,False,5
-1,0,1,-2,-11/7,-5/7,3,-11/2,-19/14,True,True,5
-1,0,1,-2,31/16,33/16,-2,-65/16,-63/16,True,True,2
-1,0,1,-2,31/16,33/16,0,-1/16,1/16,True,True,2
-1,0,1,-2,31/16,33/16,3,23/4,25/4,True,True,2
-1,0,1,-1,-2,2,-2,-4,4,True,True,14
-1,0,1,-1,-2,2,0,-1/2,1/2,True,True,14
-1,0,1,-1,-2,2,3,-6,6,True,True,14
-1,0,1,-1,0,1,-2,-2,0,True,True,5
-1,0,1,-1,0,1,0,-1/2,1/2,True,True,5
-1,0,1,-1,0,1,3,0,3,True,True,5
-1,0,1,-1,1/7,13/7,-2,-4,0,False,True,8
-1,0,1,-1,1/7,13/7,0,-1/2,1/2,True,True,8
-1,0,1,-1,1/7,13/7,3,3/7,39/7,True,True,8
-1,0,1,-1,-3/4,-1/4,-2,0,2,False,True,3
-1,0,1,-1,-3/4,-1/4,0,-1/2,1/2,True,True,3
-1,0,1,-1,-3/4,-1/4,3,-2,-3/4,True,True,3
-1,0,1,-1,1/2,1/2,-2,-3/2,-3/2,True,True,1
-1,0,1,-1,1/2,1/2,0,-1/2,-1/2,True,True,1
-1,0,1,-1,1/2,1/2,3,1,1,True,True,1
-1,0,1,-1,-1/2,-1/2,-2,1/2,1/2,True,True,1
-1,0,1,-1,-1/2,-1/2,0,-1/2,-1/2,True,True,1
-1,0,1,-1,-1/2,-1/2,3,-2,-2,True,True,1
-1,0,1,-1,0,0,-2,0,0,True,True,1
-1,0,1,-1,0,0,0,0,0,True,True,1
-1,0,1,-1,0,0,3,0,0,True,True,1
-1,0,1,-1,3/8,5/8,-2,-7/4,-1/4,True,True,3
-1,0,1,-1,3/8,5/8,0,-1/2,1/2,True,True,3
-1,0,1,-1,3/8,5/8,3,1,2,True,False,3
-1,0,1,-1,-1/100,1/100,-2,-1/50,1/50,True,True,2
-1,0,1,-1,-1/100,1/100,0,0,0,True,True,2
-1,0,1,-1,-1/100,1/100,3,-3/100,3/100,True,True,2
-1,0,1,-1,-11/7,-5/7,-2,3/2,51/14,False,True,5
-1,0,1,-1,-11/7,-5/7,0,-1/2,1/2,True,True,5
-1,0,1,-1,-11/7,-5/7,3,-5,-23/14,True,True,5
-1,0,1,-1,31/16,33/16,-2,-33/8,-31/8,True,True,2
-1,0,1,-1,31/16,33/16,0,0,0,True,True,2
-1,0,1,-1,31/16,33/16,3,93/16,99/16,True,True,2
-1,0,1,0,-2,2,-2,-4,4,True,True,14
-1,0,1,0,-2,2,0,-1/4,1/4,False,True,14
-1,0,1,0,-2,2,3,-6,6,True,True,14
-1,0,1,0,0,1,-2,-2,0,True,True,5
-1,0,1,0,0,1,0,-1/4,1/4,False,True,5
-1,0,1,0,0,1,3,0,3,True,True,5
-1,0,1,0,1/7,13/7,-2,-15/4,-1/4,False,True,8
-1,0,1,0,1/7,13/7,0,-1/4,1/4,False,True,8
-1,0,1,0,1/7,13/7,3,2/7,40/7,True,True,8
-1,0,1,0,-3/4,-1/4,-2,1/4,7/4,False,True,3
-1,0,1,0,-3/4,-1/4,0,-1/4,1/4,False,True,3
-1,0,1,0,-3/4,-1/4,3,-2,-1/2,True,True,3
-1,0,1,0,1/2,1/2,-2,-1,-1,True,True,1
-1,0,1,0,1/2,1/2,0,0,0,True,True,1
-1,0,1,0,1/2,1/2,3,3/2,3/2,True,True,1
-1,0,1,0,-1/2,-1/2,-2,1,1,True,True,1
-1,0,1,0,-1/2,-1/2,0,0,0,True,True,1
-1,0,1,0,-1/2,-1/2,3,-3/2,-3/2,True,True,1
-1,0,1,0,0,0,-2,0,0,True,True,1
-1,0,1,0,0,0,0,0,0,True,True,1
-1,0,1,0,0,0,3,0,0,True,True,1
-1,0,1,0,3/8,5/8,-2,-11/8,-5/8,True,True,3
-1,0,1,0,3/8,5/8,0,-1/8,1/8,True,True,3
-1,0,1,0,3/8,5/8,3,5/4,7/4,True,True,3
-1,0,1,0,-1/100,1/100,-2,-3/100,3/100,True,True,2
-1,0,1,0,-1/100,1/100,0,-1/100,1/100,True,True,2
-1,0,1,0,-1/100,1/100,3,-1/50,1/50,True,True,2
-1,0,1,0,-11/7,-5/7,-2,5/4,45/14,False,True,5
-1,0,1,0,-11/7,-5/7,0,-1/4,1/4,False,True,5
-1,0,1,0,-11/7,-5/7,3,-65/14,-27/14,True,True,5
-1,0,1,0,31/16,33/16,-2,-67/16,-61/16,True,True,2
-1,0,1,0,31/16,33/16,0,-1/16,1/16,True,True,2
-1,0,1,0,31/16,33/16,3,47/8,49/8,True,True,2
-1,0,1,1,-2,2,-2,-4,4,True,True,14
-1,0,1,1,-2,2,0,-1/2,1/2,False,True,14
-1,0,1,1,-2,2,3,-6,6,True,True,14
-1,0,1,1,0,1,-2,-2,0,True,True,5
-1,0,1,1,0,1,0,-1/2,1/2,False,True,5
-1,0,1,1,0,1,3,0,3,True,True,5
-1,0,1,1,1/7,13/7,-2,-7/2,-1/2,False,True,8
-1,0,1,1,1/7,13/7,0,-1/2,1/2,False,True,8
-1,0,1,1,1/7,13/7,3,1/7,41/7,True,True,8
-1,0,1,1,-3/4,-1/4,-2,1/2,3/2,False,True,3
-1,0,1,1,-3/4,-1/4,0,-1/2,1/2,False,True,3
-1,0,1,1,-3/4,-1/4,3,-9/4,-1/4,True,True,3
-1,0,1,1,1/2,1/2,-2,-1/2,-1/2,True,True,1
-1,0,1,1,1/2,1/2,0,1/2,1/2,True,True,1
-1,0,1,1,1/2,1/2,3,2,2,True,True,1
-1,0,1,1,-1/2,-1/2,-2,3/2,3/2,True,True,1
-1,0,1,1,-1/2,-1/2,0,1/2,1/2,True,True,1
-1,0,1,1,-1/2,-1/2,3,-1,-1,True,True,1
-1,0,1,1,0,0,-2,0,0,True,True,1
-1,0,1,1,0,0,0,0,0,True,True,1
-1,0,1,1,0,0,3,0,0,True,True,1
-1,0,1,1,3/8,5/8,-2,-3/2,-1/2,False,True,3
-1,0,1,1,3/8,5/8,0,-1/2,1/2,False,True,3
-1,0,1,1,3/8,5/8,3,7/8,17/8,True,True,3
-1,0,1,1,-1/100,1/100,-2,-1/25,1/25,True,True,2
-1,0,1,1,-1/100,1/100,0,-1/50,1/50,True,True,2
-1,0,1,1,-1/100,1/100,3,-1/100,1/100,True,True,2
-1,0,1,1,-11/7,-5/7,-2,1,7/2,False,True,5
-1,0,1,1,-11/7,-5/7,0,-1/2,1/2,False,True,5
-1,0,1,1,-11/7,-5/7,3,-71/14,-31/14,True,True,5
-1,0,1,1,31/16,33/16,-2,-17/4,-15/4,True,True,2
-1,0,1,1,31/16,33/16,0,-1/8,1/8,True,True,2
-1,0,1,1,31/16,33/16,3,95/16,97/16,True,True,2
-1,0,1,2,-2,2,-2,-4,4,True,True,14
-1,0,1,2,-2,2,0,-1,1,False,True,14
-1,0,1,2,-2,2,3,-6,6,True,True,14
-1,0,1,2,0,1,-2,-2,0,True,True,5
-1,0,1,2,0,1,0,-1,1,False,True,5
-1,0,1,2,0,1,3,0,3,True,True,5
-1,0,1,2,1/7,13/7,-2,-4,0,False,True,8
-1,0,1,2,1/7,13/7,0,-1,1,False,True,8
-1,0,1,2,1/7,13/7,3,0,6,True,True,8
-1,0,1,2,-3/4,-1/4,-2,0,2,False,True,3
-1,0,1,2,-3/4,-1/4,0,-1,1,False,True,3
-1,0,1,2,-3/4,-1/4,3,-5/2,0,True,True,3
-1,0,1,2,1/2,1/2,-2,0,0,True,True,1
-1,0,1,2,1/2,1/2,0,1,1,True,True,1
-1,0,1,2,1/2,1/2,3,5/2,5/2,True,True,1
-1,0,1,2,-1/2,-1/2,-2,2,2,True,True,1
-1,0,1,2,-1/2,-1/2,0,1,1,True,True,1
-1,0,1,2,-1/2,-1/2,3,-1/2,-1/2,True,True,1
-1,0,1,2,0,0,-2,0,0,True,True,1
-1,0,1,2,0,0,0,0,0,True,True,1
-1,0,1,2,0,0,3,0,0,True,True,1
-1,0,1,2,3/8,5/8,-2,-2,0,False,True,3
-1,0,1,2,3/8,5/8,0,-1,1,False,True,3
-1,0,1,2,3/8,5/8,3,1/2,5/2,True,True,3
-1,0,1,2,-1/100,1/100,-2,-1/20,1/20,True,True,2
-1,0,1,2,-1/100,1/100,0,-3/100,3/100,True,True,2
-1,0,1,2,-1/100,1/100,3,0,0,True,True,2
-1,0,1,2,-11/7,-5/7,-2,3/4,4,False,True,5
-1,0,1,2,-11/7,-5/7,0,-1,1,False,True,5
-1,0,1,2,-11/7,-5/7,3,-11/2,-5/2,True,True,5
-1,0,1,2,31/16,33/16,-2,-69/16,-59/16,True,True,2
-1,0,1,2,31/16,33/16,0,-3/16,3/16,True,True,2
-1,0,1,2,31/16,33/16,3,6,6,True,True,2
-1,0,2,-2,-2,2,-2,-9/2,9/2,False,True,14
-1,0,2,-2,-2,2,0,-1,1,True,True,14
-1,0,2,-2,-2,2,3,-6,6,True,True,14
-1,0,2,-2,0,1,-2,-5/2,1/2,False,True,5
-1,0,2,-2,0,1,0,-1,1,True,True,5
-1,0,2,-2,0,1,3,0,3,True,True,5
-1,0,2,-2,1/7,13/7,-2,-9/2,1/2,False,True,8
-1,0,2,-2,1/7,13/7,0,-1,1,True,True,8
-1,0,2,-2,1/7,13/7,3,3/7,39/7,True,True,8
-1,0,2,-2,-3/4,-1/4,-2,-1/2,5/2,False,True,3
-1,0,2,-2,-3/4,-1/4,0,-1,1,True,True,3
-1,0,2,-2,-3/4,-1/4,3,-5/2,-1/2,True,False,3
-1,0,2,-2,1/2,1/2,-2,-2,-2,True,True,1
-1,0,2,-2,1/2,1/2,0,-1,-1,True,True,1
-1,0,2,-2,1/2,1/2,3,1/2,1/2,True,True,1
-1,0,2,-2,-1/2,-1/2,-2,0,0,True,True,1
-1,0,2,-2,-1/2,-1/2,0,-1,-1,True,True,1
-1,0,2,-2,-1/2,-1/2,3,-5/2,-5/2,True,True,1
-1,0,2,-2,0,0,-2,0,0,True,True,1
-1,0,2,-2,0,0,0,0,0,True,True,1
-1,0,2,-2,0,0,3,0,0,True,True,1
-1,0,2,-2,3/8,5/8,-2,-9/4,1/4,True,True,3
-1,0,2,-2,3/8,5/8,0,-1,1,True,True,3
-1,0,2,-2,3/8,5/8,3,1/2,5/2,True,False,3
-1,0,2,-2,-1/100,1/100,-2,-1/50,1/50,True,True,2
-1,0,2,-2,-1/100,1/100,0,0,0,True,True,2
-1,0,2,-2,-1/100,1/100,3,-3/100,3/100,True,True,2
-1,0,2,-2,-11/7,-5/7,-2,3/2,29/7,False,True,5
-1,0,2,-2,-11/7,-5/7,0,-1,1,True,True,5
-1,0,2,-2,-11/7,-5/7,3,-11/2,-8/7,True,True,5
-1,0,2,-2,31/16,33/16,-2,-33/8,-31/8,True,True,2
-1,0,2,-2,31/16,33/16,0,0,0,True,True,2
-1,0,2,-2,31/16,33/16,3,93/16,99/16,True,True,2
-1,0,2,-1,-2,2,-2,-17/4,17/4,False,True,14
-1,0,2,-1,-2,2,0,-3/4,3/4,False,True,14
-1,0,2,-1,-2,2,3,-6,6,True,True,14
-1,0,2,-1,0,1,-2,-9/4,1/4,False,True,5
-1,0,2,-1,0,1,0,-3/4,3/4,False,True,5
-1,0,2,-1,0,1,3,0,3,True,True,5
-1,0,2,-1,1/7,13/7,-2,-17/4,1/4,False,True,8
-1,0,2,-1,1/7,13/7,0,-3/4,3/4,False,True,8
-1,0,2,-1,1/7,13/7,3,2/7,40/7,True,True,8
-1,0,2,-1,-3/4,-1/4,-2,-1/4,9/4,False,True,3
-1,0,2,-1,-3/4,-1/4,0,-3/4,3/4,False,True,3
-1,0,2,-1,-3/4,-1/4,3,-2,-1/2,True,True,3
-1,0,2,-1,1/2,1/2,-2,-3/2,-3/2,True,True,1
-1,0,2,-1,1/2,1/2,0,-1/2,-1/2,True,True,1
-1,0,2,-1,1/2,1/2,3,1,1,True,True,1
-1,0,2,-1,-1/2,-1/2,-2,1/2,1/2,True,True,1
-1,0,2,-1,-1/2,-1/2,0,-1/2,-1/2,True,True,1
-1,0,2,-1,-1/2,-1/2,3,-2,-2,True,True,1
-1,0,2,-1,0,0,-2,0,0,True,True,1
-1,0,2,-1,0,0,0,0,0,True,True,1
-1,0,2,-1,0,0,3,0,0,True,True,1
-1,0,2,-1,3/8,5/8,-2,-15/8,-1/8,True,True,3
-1,0,2,-1,3/8,5/8,0,-5/8,5/8,True,True,3
-1,0,2,-1,3/8,5/8,3,1,2,True,False,3
-1,0,2,-1,-1/100,1/100,-2,-3/100,3/100,True,True,2
-1,0,2,-1,-1/100,1/100,0,-1/100,1/100,True,True,2
-1,0,2,-1,-1/100,1/100,3,-1/50,1/50,True,True,2
-1,0,2,-1,-11/7,-5/7,-2,5/4,26/7,False,True,5
-1,0,2,-1,-11/7,-5/7,0,-3/4,3/4,False,True,5
-1,0,2,-1,-11/7,-5/7,3,-5,-10/7,True,True,5
-1,0,2,-1,31/16,33/16,-2,-67/16,-61/16,True,True,2
-1,0,2,-1,31/16,33/16,0,-1/16,1/16,True,True,2
-1,0,2,-1,31/16,33/16,3,47/8,49/8,True,True,2
-1,0,2,0,-2,2,-2,-4,4,True,True,14
-1,0,2,0,-2,2,0,-1/2,1/2,False,True,14
-1,0,2,0,-2,2,3,-6,6,True,True,14
-1,0,2,0,0,1,-2,-2,0,True,True,5
-1,0,2,0,0,1,0,-1/2,1/2,False,True,5
-1,0,2,0,0,1,3,0,3,True,True,5
-1,0,2,0,1/7,13/7,-2,-4,0,False,True,8
-1,0,2,0,1/7,13/7,0,-1/2,1/2,False,True,8
-1,0,2,0,1/7,13/7,3,1/7,41/7,True,True,8
-1,0,2,0,-3/4,-1/4,-2,0,2,False,True,3
-1,0,2,0,-3/4,-1/4,0,-1/2,1/2,False,True,3
-1,0,2,0,-3/4,-1/4,3,-7/4,-1/4,True,True,3
-1,0,2,0,1/2,1/2,-2,-1,-1,True,True,1
-1,0,2,0,1/2,1/2,0,0,0,True,True,1
-1,0,2,0,1/2,1/2,3,3/2,3/2,True,True,1
-1,0,2,0,-1/2,-1/2,-2,1,1,True,True,1
-1,0,2,0,-1/2,-1/2,0,0,0,True,True,1
-1,0,2,0,-1/2,-1/2,3,-3/2,-3/2,True,True,1
-1,0,2,0,0,0,-2,0,0,True,True,1
-1,0,2,0,0,0,0,0,0,True,True,1
-1,0,2,0,0,0,3,0,0,True,True,1
-1,0,2,0,3/8,5/8,-2,-3/2,-1/2,True,True,3
-1,0,2,0,3/8,5/8,0,-1/4,1/4,True,True,3
-1,0,2,0,3/8,5/8,3,11/8,13/8,True,True,3
-1,0,2,0,-1/100,1/100,-2,-1/25,1/25,True,True,2
-1,0,2,0,-1/100,1/100,0,-1/50,1/50,True,True,2
-1,0,2,0,-1/100,1/100,3,-1/100,1/100,True,True,2
-1,0,2,0,-11/7,-5/7,-2,1,23/7,False,True,5
-1,0,2,0,-11/7,-5/7,0,-1/2,1/2,False,True,5
-1,0,2,0,-11/7,-5/7,3,-32/7,-12/7,True,True,5
-1,0,2,0,31/16,33/16,-2,-17/4,-15/4,True,True,2
-1,0,2,0,31/16,33/16,0,-1/8,1/8,True,True,2
-1,0,2,0,31/16,33/16,3,95/16,97/16,True,True,2
-1,0,2,1,-2,2,-2,-4,4,True,True,14
-1,0,2,1,-2,2,0,-3/4,3/4,False,True,14
-1,0,2,1,-2,2,3,-6,6,True,True,14
-1,0,2,1,0,1,-2,-2,0,True,True,5
-1,0,2,1,0,1,0,-3/4,3/4,False,True,5
-1,0,2,1,0,1,3,0,3,True,True,5
-1,0,2,1,1/7,13/7,-2,-15/4,-1/4,False,True,8
-1,0,2,1,1/7,13/7,0,-3/4,3/4,False,True,8
-1,0,2,1,1/7,13/7,3,0,6,True,True,8
-1,0,2,1,-3/4,-1/4,-2,1/4,7/4,False,True,3
-1,0,2,1,-3/4,-1/4,0,-1/2,3/4,False,True,3
-1,0,2,1,-3/4,-1/4,3,-2,0,True,True,3
-1,0,2,1,1/2,1/2,-2,-1/2,-1/2,True,True,1
-1,0,2,1,1/2,1/2,0,1/2,1/2,True,True,1
-1,0,2,1,1/2,1/2,3,2,2,True,True,1
-1,0,2,1,-1/2,-1/2,-2,3/2,3/2,True,True,1
-1,0,2,1,-1/2,-1/2,0,1/2,1/2,True,True,1
-1,0,2,1,-1/2,-1/2,3,-1,-1,True,True,1
-1,0,2,1,0,0,-2,0,0,True,True,1
-1,0,2,1,0,0,0,0,0,True,True,1
-1,0,2,1,0,0,3,0,0,True,True,1
-1,0,2,1,3/8,5/8,-2,-3/2,-1/2,False,True,3
-1,0,2,1,3/8,5/8,0,-1/2,1/2,False,True,3
-1,0,2,1,3/8,5/8,3,1,2,True,True,3
-1,0,2,1,-1/100,1/100,-2,-1/20,1/20,True,True,2
-1,0,2,1,-1/100,1/100,0,-3/100,3/100,True,True,2
-1,0,2,1,-1/100,1/100,3,0,0,True,True,2
-1,0,2,1,-11/7,-5/7,-2,3/4,7/2,False,True,5
-1,0,2,1,-11/7,-5/7,0,-3/4,3/4,False,True,5
-1,0,2,1,-11/7,-5/7,3,-5,-2,True,True,5
-1,0,2,1,31/16,33/16,-2,-69/16,-59/16,True,True,2
-1,0,2,1,31/16,33/16,0,-3/16,3/16,True,True,2
-1,0,2,1,31/16,33/16,3,6,6,True,True,2
-1,0,2,2,-2,2,-2,-4,4,True,True,14
-1,0,2,2,-2,2,0,-1,1,False,True,14
-1,0,2,2,-2,2,3,-25/4,25/4,False,True,14
-1,0,2,2,0,1,-2,-2,0,True,True,5
-1,0,2,2,0,1,0,-1,1,False,True,5
-1,0,2,2,0,1,3,-1/4,13/4,False,True,5
-1,0,2,2,1/7,13/7,-2,-4,0,False,True,8
-1,0,2,2,1/7,13/7,0,-1,1,False,True,8
-1,0,2,2,1/7,13/7,3,-1/4,25/4,False,True,8
-1,0,2,2,-3/4,-1/4,-2,0,2,False,True,3
-1,0,2,2,-3/4,-1/4,0,-1,1,False,True,3
-1,0,2,2,-3/4,-1/4,3,-5/2,1/4,False,True,3
-1,0,2,2,1/2,1/2,-2,0,0,True,True,1
-1,0,2,2,1/2,1/2,0,1,1,True,True,1
-1,0,2,2,1/2,1/2,3,5/2,5/2,True,True,1
-1,0,2,2,-1/2,-1/2,-2,2,2,True,True,1
-1,0,2,2,-1/2,-1/2,0,1,1,True,True,1
-1,0,2,2,-1/2,-1/2,3,-1/2,-1/2,True,True,1
-1,0,2,2,0,0,-2,0,0,True,True,1
-1,0,2,2,0,0,0,0,0,True,True,1
-1,0,2,2,0,0,3,0,0,True,True,1
-1,0,2,2,3/8,5/8,-2,-2,0,False,True,3
-1,0,2,2,3/8,5/8,0,-1,1,False,True,3
-1,0,2,2,3/8,5/8,3,1/2,5/2,False,True,3
-1,0,2,2,-1/100,1/100,-2,-3/50,3/50,True,True,2
-1,0,2,2,-1/100,1/100,0,-1/25,1/25,True,True,2
-1,0,2,2,-1/100,1/100,3,-1/100,1/100,True,True,2
-1,0,2,2,-11/7,-5/7,-2,1/2,4,False,True,5
-1,0,2,2,-11/7,-5/7,0,-1,1,False,True,5
-1,0,2,2,-11/7,-5/7,3,-11/2,-9/4,False,True,5
-1,0,2,2,31/16,33/16,-2,-35/8,-29/8,True,True,2
-1,0,2,2,31/16,33/16,0,-1/4,1/4,True,True,2
-1,0,2,2,31/16,33/16,3,95/16,97/16,True,True,2
-1,1,-2,-2,-2,2,-2,-9/2,9/2,True,False,12
-1,1,-2,-2,-2,2,0,-2,2,True,False,12
-1,1,-2,-2,-2,2,3,-6,6,True,True,12
-1,1,-2,-2,0,1,-2,-4,1/2,True,False,4
-1,1,-2,-2,0,1,0,-2,2,True,False,4
-1,1,-2,-2,0,1,3,0,5,True,False,4
-1,1,-2,-2,1/7,13/7,-2,-9/2,1/2,True,False,7
-1,1,-2,-2,1/7,13/7,0,-2,2,True,False,7
-1,1,-2,-2,1/7,13/7,3,3/4,21/4,True,False,7
-1,1,-2,-2,-3/4,-1/4,-2,-1/2,1/2,True,False,2
-1,1,-2,-2,-3/4,-1/4,0,-2,0,True,False,2
-1,1,-2,-2,-3/4,-1/4,3,-17/4,-3/4,True,False,2
-1,1,-2,-2,1/2,1/2,-2,0,0,True,True,1
-1,1,-2,-2,1/2,1/2,0,1,1,True,True,1
-1,1,-2,-2,1/2,1/2,3,5/2,5/2,True,True,1
-1,1,-2,-2,-1/2,-1/2,-2,0,0,True,True,1
-1,1,-2,-2,-1/2,-1/2,0,-1,-1,True,True,1
-1,1,-2,-2,-1/2,-1/2,3,-5/2,-5/2,True,True,1
-1,1,-2,-2,0,0,-2,0,0,True,True,1
-1,1,-2,-2,0,0,0,0,0,True,True,1
-1,1,-2,-2,0,0,3,0,0,True,True,1
-1,1,-2,-2,3/8,5/8,-2,-1/4,1/4,True,True,2
-1,1,-2,-2,3/8,5/8,0,1/2,3/2,True,True,2
-1,1,-2,-2,3/8,5/8,3,13/8,27/8,True,True,2
-1,1,-2,-2,-1/100,1/100,-2,-1/50,1/50,True,True,2
-1,1,-2,-2,-1/100,1/100,0,-1/25,1/25,True,True,2
-1,1,-2,-2,-1/100,1/100,3,-7/100,7/100,True,True,2
-1,1,-2,-2,-11/7,-5/7,-2,-1/2,9/2,True,False,5
-1,1,-2,-2,-11/7,-5/7,0,-2,2,True,False,5
-1,1,-2,-2,-11/7,-5/7,3,-5,-1,True,False,5
-1,1,-2,-2,31/16,33/16,-2,-33/8,-31/8,True,True,2
-1,1,-2,-2,31/16,33/16,0,-1/4,1/4,True,True,2
-1,1,-2,-2,31/16,33/16,3,89/16,103/16,True,True,2
-1,1,-2,-1,-2,2,-2,-17/4,17/4,True,False,12
-1,1,-2,-1,-2,2,0,-5/4,5/4,True,False,12
-1,1,-2,-1,-2,2,3,-6,6,True,True,12
-1,1,-2,-1,0,1,-2,-3,1/4,True,False,4
-1,1,-2,-1,0,1,0,-1,5/4,True,False,4
-1,1,-2,-1,0,1,3,0,4,True,False,4
-1,1,-2,-1,1/7,13/7,-2,-17/4,1/4,True,False,7
-1,1,-2,-1,1/7,13/7,0,-5/4,5/4,True,False,7
-1,1,-2,-1,1/7,13/7,3,1/2,11/2,True,False,7
-1,1,-2,-1,-3/4,-1/4,-2,-1/4,3/4,True,False,2
-1,1,-2,-1,-3/4,-1/4,0,-5/4,1/4,True,False,2
-1,1,-2,-1,-3/4,-1/4,3,-7/2,-1/2,True,False,2
-1,1,-2,-1,1/2,1/2,-2,-1/2,-1/2,True,True,1
-1,1,-2,-1,1/2,1/2,0,1/2,1/2,True,True,1
-1,1,-2,-1,1/2,1/2,3,2,2,True,True,1
-1,1,-2,-1,-1/2,-1/2,-2,1/2,1/2,True,True,1
-1,1,-2,-1,-1/2,-1/2,0,-1/2,-1/2,True,True,1
-1,1,-2,-1,-1/2,-1/2,3,-2,-2,True,True,1
-1,1,-2,-1,0,0,-2,0,0,True,True,1
-1,1,-2,-1,0,0,0,0,0,True,True,1
-1,1,-2,-1,0,0,3,0,0,True,True,1
-1,1,-2,-1,3/8,5/8,-2,-5/8,-3/8,True,True,2
-1,1,-2,-1,3/8,5/8,0,1/8,7/8,True,True,2
-1,1,-2,-1,3/8,5/8,3,5/4,11/4,True,True,2
-1,1,-2,-1,-1/100,1/100,-2,-1/100,1/100,True,True,2
-1,1,-2,-1,-1/100,1/100,0,-3/100,3/100,True,True,2
-1,1,-2,-1,-1/100,1/100,3,-3/50,3/50,True,True,2
-1,1,-2,-1,-11/7,-5/7,-2,1/4,15/4,True,False,5
-1,1,-2,-1,-11/7,-5/7,0,-5/4,5/4,True,False,5
-1,1,-2,-1,-11/7,-5/7,3,-31/7,-2,True,False,5
-1,1,-2,-1,31/16,33/16,-2,-65/16,-63/16,True,True,2
-1,1,-2,-1,31/16,33/16,0,-3/16,3/16,True,True,2
-1,1,-2,-1,31/16,33/16,3,45/8,51/8,True,True,2
-1,1,-2,0,-2,2,-2,-4,4,True,True,12
-1,1,-2,0,-2,2,0,-1/2,1/2,True,False,12
-1,1,-2,0,-2,2,3,-6,6,True,True,12
-1,1,-2,0,0,1,-2,-2,0,True,True,4
-1,1,-2,0,0,1,0,-1/2,1/2,True,False,4
-1,1,-2,0,0,1,3,0,3,True,True,4
-1,1,-2,0,1/7,13/7,-2,-4,0,True,True,7
-1,1,-2,0,1/7,13/7,0,-1/2,1/2,True,False,7
-1,1,-2,0,1/7,13/7,3,1/4,23/4,True,False,7
-1,1,-2,0,-3/4,-1/4,-2,0,1,True,True,2
-1,1,-2,0,-3/4,-1/4,0,-1/2,1/2,True,False,2
-1,1,-2,0,-3/4,-1/4,3,-11/4,-1/4,True,False,2
-1,1,-2,0,1/2,1/2,-2,-1,-1,True,True,1
-1,1,-2,0,1/2,1/2,0,0,0,True,True,1
-1,1,-2,0,1/2,1/2,3,3/2,3/2,True,True,1
-1,1,-2,0,-1/2,-1/2,-2,1,1,True,True,1
-1,1,-2,0,-1/2,-1/2,0,0,0,True,True,1
-1,1,-2,0,-1/2,-1/2,3,-3/2,-3/2,True,True,1
-1,1,-2,0,0,0,-2,0,0,True,True,1
-1,1,-2,0,0,0,0,0,0,True,True,1
-1,1,-2,0,0,0,3,0,0,True,True,1
-1,1,-2,0,3/8,5/8,-2,-1,-1,True,True,2
-1,1,-2,0,3/8,5/8,0,-1/4,1/4,True,True,2
-1,1,-2,0,3/8,5/8,3,7/8,17/8,True,True,2
-1,1,-2,0,-1/100,1/100,-2,0,0,True,True,2
-1,1,-2,0,-1/100,1/100,0,-1/50,1/50,True,True,2
-1,1,-2,0,-1/100,1/100,3,-1/20,1/20,True,True,2
-1,1,-2,0,-11/7,-5/7,-2,1,3,True,True,5
-1,1,-2,0,-11/7,-5/7,0,-1/2,1/2,True,False,5
-1,1,-2,0,-11/7,-5/7,3,-34/7,-7/4,True,False,5
-1,1,-2,0,31/16,33/16,-2,-4,-4,True,True,2
-1,1,-2,0,31/16,33/16,0,-1/8,1/8,True,True,2
-1,1,-2,0,31/16,33/16,3,91/16,101/16,True,True,2
-1,1,-2,1,-2,2,-2,-4,4,True,True,12
-1,1,-2,1,-2,2,0,-5/4,5/4,True,False,12
-1,1,-2,1,-2,2,3,-6,6,True,True,12
-1,1,-2,1,0,1,-2,-3,0,False,True,4
-1,1,-2,1,0,1,0,-5/4,1,True,True,4
-1,1,-2,1,0,1,3,0,4,True,True,4
-1,1,-2,1,1/7,13/7,-2,-27/7,-1/7,True,True,7
-1,1,-2,1,1/7,13/7,0,-5/4,5/4,True,False,7
-1,1,-2,1,1/7,13/7,3,0,6,True,False,7
-1,1,-2,1,-3/4,-1/4,-2,1/4,7/4,True,True,2
-1,1,-2,1,-3/4,-1/4,0,-1/4,3/4,True,False,2
-1,1,-2,1,-3/4,-1/4,3,-2,0,True,False,2
-1,1,-2,1,1/2,1/2,-2,-3/2,-3/2,True,True,1
-1,1,-2,1,1/2,1/2,0,-1/2,-1/2,True,True,1
-1,1,-2,1,1/2,1/2,3,1,1,True,True,1
-1,1,-2,1,-1/2,-1/2,-2,3/2,3/2,True,True,1
-1,1,-2,1,-1/2,-1/2,0,1/2,1/2,True,True,1
-1,1,-2,1,-1/2,-1/2,3,-1,-1,True,True,1
-1,1,-2,1,0,0,-2,0,0,True,True,1
-1,1,-2,1,0,0,0,0,0,True,True,1
-1,1,-2,1,0,0,3,0,0,True,True,1
-1,1,-2,1,3/8,5/8,-2,-13/8,-11/8,True,True,2
-1,1,-2,1,3/8,5/8,0,-5/8,-3/8,True,True,2
-1,1,-2,1,3/8,5/8,3,1/2,3/2,True,True,2
-1,1,-2,1,-1/100,1/100,-2,-1/100,1/100,True,True,2
-1,1,-2,1,-1/100,1/100,0,-1/100,1/100,True,True,2
-1,1,-2,1,-1/100,1/100,3,-1/25,1/25,True,True,2
-1,1,-2,1,-11/7,-5/7,-2,1,3,False,True,5
-1,1,-2,1,-11/7,-5/7,0,-5/4,5/4,True,False,5
-1,1,-2,1,-11/7,-5/7,3,-37/7,-1,True,False,5
-1,1,-2,1,31/16,33/16,-2,-65/16,-63/16,True,True,2
-1,1,-2,1,31/16,33/16,0,-1/16,1/16,True,True,2
-1,1,-2,1,31/16,33/16,3,23/4,25/4,True,True,2
-1,1,-2,2,-2,2,-2,-4,4,True,True,12
-1,1,-2,2,-2,2,0,-2,2,True,True,12
-1,1,-2,2,-2,2,3,-25/4,25/4,True,False,12
-1,1,-2,2,0,1,-2,-4,0,False,True,4
-1,1,-2,2,0,1,0,-2,2,True,True,4
-1,1,-2,2,0,1,3,-1/4,5,True,True,4
-1,1,-2,2,1/7,13/7,-2,-4,0,False,True,7
-1,1,-2,2,1/7,13/7,0,-2,2,True,True,7
-1,1,-2,2,1/7,13/7,3,-1/4,25/4,True,False,7
-1,1,-2,2,-3/4,-1/4,-2,1/2,5/2,True,True,2
-1,1,-2,2,-3/4,-1/4,0,0,1,True,True,2
-1,1,-2,2,-3/4,-1/4,3,-5/4,1/4,True,False,2
-1,1,-2,2,1/2,1/2,-2,-2,-2,True,True,1
-1,1,-2,2,1/2,1/2,0,-1,-1,True,True,1
-1,1,-2,2,1/2,1/2,3,1/2,1/2,True,True,1
-1,1,-2,2,-1/2,-1/2,-2,2,2,True,True,1
-1,1,-2,2,-1/2,-1/2,0,1,1,True,True,1
-1,1,-2,2,-1/2,-1/2,3,-1/2,-1/2,True,True,1
-1,1,-2,2,0,0,-2,0,0,True,True,1
-1,1,-2,2,0,0,0,0,0,True,True,1
-1,1,-2,2,0,0,3,0,0,True,True,1
-1,1,-2,2,3/8,5/8,-2,-9/4,-7/4,True,True,2
-1,1,-2,2,3/8,5/8,0,-1,-1,True,True,2
-1,1,-2,2,3/8,5/8,3,1/8,7/8,True,True,2
-1,1,-2,2,-1/100,1/100,-2,-1/50,1/50,True,True,2
-1,1,-2,2,-1/100,1/100,0,0,0,True,True,2
-1,1,-2,2,-1/100,1/100,3,-3/100,3/100,True,True,2
-1,1,-2,2,-11/7,-5/7,-2,0,4,False,True,5
-1,1,-2,2,-11/7,-5/7,0,-2,2,True,True,5
-1,1,-2,2,-11/7,-5/7,3,-23/4,-1/4,True,False,5
-1,1,-2,2,31/16,33/16,-2,-33/8,-31/8,True,True,2
-1,1,-2,2,31/16,33/16,0,0,0,True,True,2
-1,1,-2,2,31/16,33/16,3,93/16,99/16,True,True,2
-1,1,-1,-2,-2,2,-2,-17/4,17/4,True,False,12
-1,1,-1,-2,-2,2,0,-2,2,True,False,12
-1,1,-1,-2,-2,2,3,-6,6,True,True,12
-1,1,-1,-2,0,1,-2,-4,1/4,True,False,4
-1,1,-1,-2,0,1,0,-2,2,True,False,4
-1,1,-1,-2,0,1,3,0,5,True,False,4
-1,1,-1,-2,1/7,13/7,-2,-17/4,1/4,True,False,7
-1,1,-1,-2,1/7,13/7,0,-2,2,True,False,7
-1,1,-1,-2,1/7,13/7,3,6/7,36/7,True,True,7
-1,1,-1,-2,-3/4,-1/4,-2,-1/4,1/4,True,False,2
-1,1,-1,-2,-3/4,-1/4,0,-7/4,-1/4,True,False,2
-1,1,-1,-2,-3/4,-1/4,3,-4,-1,True,False,2
-1,1,-1,-2,1/2,1/2,-2,0,0,True,True,1
-1,1,-1,-2,1/2,1/2,0,1,1,True,True,1
-1,1,-1,-2,1/2,1/2,3,5/2,5/2,True,True,1
-1,1,-1,-2,-1/2,-1/2,-2,0,0,True,True,1
-1,1,-1,-2,-1/2,-1/2,0,-1,-1,True,True,1
-1,1,-1,-2,-1/2,-1/2,3,-5/2,-5/2,True,True,1
-1,1,-1,-2,0,0,-2,0,0,True,True,1
-1,1,-1,-2,0,0,0,0,0,True,True,1
-1,1,-1,-2,0,0,3,0,0,True,True,1
-1,1,-1,-2,3/8,5/8,-2,-1/8,1/8,True,True,2
-1,1,-1,-2,3/8,5/8,0,5/8,11/8,True,True,2
-1,1,-1,-2,3/8,5/8,3,7/4,13/4,True,True,2
-1,1,-1,-2,-1/100,1/100,-2,-1/100,1/100,True,True,2
-1,1,-1,-2,-1/100,1/100,0,-3/100,3/100,True,True,2
-1,1,-1,-2,-1/100,1/100,3,-3/50,3/50,True,True,2
-1,1,-1,-2,-11/7,-5/7,-2,-1/4,17/4,True,False,5
-1,1,-1,-2,-11/7,-5/7,0,-2,2,True,False,5
-1,1,-1,-2,-11/7,-5/7,3,-5,-1,True,False,5
-1,1,-1,-2,31/16,33/16,-2,-65/16,-63/16,True,True,2
-1,1,-1,-2,31/16,33/16,0,-3/16,3/16,True,True,2
-1,1,-1,-2,31/16,33/16,3,45/8,51/8,True,True,2
-1,1,-1,-1,-2,2,-2,-4,4,True,True,12
-1,1,-1,-1,-2,2,0,-1,1,True,False,12
-1,1,-1,-1,-2,2,3,-6,6,True,True,12
-1,1,-1,-1,0,1,-2,-3,0,True,True,4
-1,1,-1,-1,0,1,0,-1,1,True,False,4
-1,1,-1,-1,0,1,3,0,4,True,False,4
-1,1,-1,-1,1/7,13/7,-2,-4,0,True,True,7
-1,1,-1,-1,1/7,13/7,0,-1,1,True,False,7
-1,1,-1,-1,1/7,13/7,3,5/7,37/7,True,True,7
-1,1,-1,-1,-3/4,-1/4,-2,0,1/2,True,True,2
-1,1,-1,-1,-3/4,-1/4,0,-1,0,True,False,2
-1,1,-1,-1,-3/4,-1/4,3,-13/4,-3/4,True,False,2
-1,1,-1,-1,1/2,1/2,-2,-1/2,-1/2,True,True,1
-1,1,-1,-1,1/2,1/2,0,1/2,1/2,True,True,1
-1,1,-1,-1,1/2,1/2,3,2,2,True,True,1
-1,1,-1,-1,-1/2,-1/2,-2,1/2,1/2,True,True,1
-1,1,-1,-1,-1/2,-1/2,0,-1/2,-1/2,True,True,1
-1,1,-1,-1,-1/2,-1/2,3,-2,-2,True,True,1
-1,1,-1,-1,0,0,-2,0,0,True,True,1
-1,1,-1,-1,0,0,0,0,0,True,True,1
-1,1,-1,-1,0,0,3,0,0,True,True,1
-1,1,-1,-1,3/8,5/8,-2,-1/2,-1/2,True,True,2
-1,1,-1,-1,3/8,5/8,0,1/4,3/4,True,True,2
-1,1,-1,-1,3/8,5/8,3,11/8,21/8,True,True,2
-1,1,-1,-1,-1/100,1/100,-2,0,0,True,True,2
-1,1,-1,-1,-1/100,1/100,0,-1/50,1/50,True,True,2
-1,1,-1,-1,-1/100,1/100,3,-1/20,1/20,True,True,2
-1,1,-1,-1,-11/7,-5/7,-2,1/2,7/2,True,True,5
-1,1,-1,-1,-11/7,-5/7,0,-1,1,True,False,5
-1,1,-1,-1,-11/7,-5/7,3,-61/14,-2,True,False,5
-1,1,-1,-1,31/16,33/16,-2,-4,-4,True,True,2
-1,1,-1,-1,31/16,33/16,0,-1/8,1/8,True,True,2
-1,1,-1,-1,31/16,33/16,3,91/16,101/16,True,True,2
-1,1,-1,0,-2,2,-2,-4,4,True,True,12
-1,1,-1,0,-2,2,0,-1/4,1/4,True,False,12
-1,1,-1,0,-2,2,3,-6,6,True,True,12
-1,1,-1,0,0,1,-2,-2,0,True,True,4
-1,1,-1,0,0,1,0,-1/4,1/4,True,False,4
-1,1,-1,0,0,1,3,0,3,True,True,4
-1,1,-1,0,1/7,13/7,-2,-27/7,-1/7,True,True,7
-1,1,-1,0,1/7,13/7,0,-1/4,1/4,True,False,7
-1,1,-1,0,1/7,13/7,3,1/2,11/2,True,False,7
-1,1,-1,0,-3/4,-1/4,-2,1/4,5/4,True,True,2
-1,1,-1,0,-3/4,-1/4,0,-1/4,1/4,True,False,2
-1,1,-1,0,-3/4,-1/4,3,-5/2,-1/2,True,False,2
-1,1,-1,0,1/2,1/2,-2,-1,-1,True,True,1
-1,1,-1,0,1/2,1/2,0,0,0,True,True,1
-1,1,-1,0,1/2,1/2,3,3/2,3/2,True,True,1
-1,1,-1,0,-1/2,-1/2,-2,1,1,True,True,1
-1,1,-1,0,-1/2,-1/2,0,0,0,True,True,1
-1,1,-1,0,-1/2,-1/2,3,-3/2,-3/2,True,True,1
-1,1,-1,0,0,0,-2,0,0,True,True,1
-1,1,-1,0,0,0,0,0,0,True,True,1
-1,1,-1,0,0,0,3,0,0,True,True,1
-1,1,-1,0,3/8,5/8,-2,-9/8,-7/8,True,True,2
-1,1,-1,0,3/8,5/8,0,-1/8,1/8,True,True,2
-1,1,-1,0,3/8,5/8,3,1,2,True,True,2
-1,1,-1,0,-1/100,1/100,-2,-1/100,1/100,True,True,2
-1,1,-1,0,-1/100,1/100,0,-1/100,1/100,True,True,2
-1,1,-1,0,-1/100,1/100,3,-1/25,1/25,True,True,2
-1,1,-1,0,-11/7,-5/7,-2,17/14,43/14,True,True,5
-1,1,-1,0,-11/7,-5/7,0,-1/4,1/4,True,False,5
-1,1,-1,0,-11/7,-5/7,3,-67/14,-2,True,False,5
-1,1,-1,0,31/16,33/16,-2,-65/16,-63/16,True,True,2
-1,1,-1,0,31/16,33/16,0,-1/16,1/16,True,True,2
-1,1,-1,0,31/16,33/16,3,23/4,25/4,True,True,2
-1,1,-1,1,-2,2,-2,-4,4,True,True,12
-1,1,-1,1,-2,2,0,-1,1,True,True,12
-1,1,-1,1,-2,2,3,-6,6,True,True,12
-1,1,-1,1,0,1,-2,-3,0,False,True,4
-1,1,-1,1,0,1,0,-1,1,True,True,4
-1,1,-1,1,0,1,3,0,4,True,True,4
-1,1,-1,1,1/7,13/7,-2,-26/7,-2/7,True,True,7
-1,1,-1,1,1/7,13/7,0,-1,1,True,True,7
-1,1,-1,1,1/7,13/7,3,1/4,23/4,True,False,7
-1,1,-1,1,-3/4,-1/4,-2,1/2,2,True,True,2
-1,1,-1,1,-3/4,-1/4,0,0,1/2,True,True,2
-1,1,-1,1,-3/4,-1/4,3,-7/4,-1/4,True,False,2
-1,1,-1,1,1/2,1/2,-2,-3/2,-3/2,True,True,1
-1,1,-1,1,1/2,1/2,0,-1/2,-1/2,True,True,1
-1,1,-1,1,1/2,1/2,3,1,1,True,True,1
-1,1,-1,1,-1/2,-1/2,-2,3/2,3/2,True,True,1
-1,1,-1,1,-1/2,-1/2,0,1/2,1/2,True,True,1
-1,1,-1,1,-1/2,-1/2,3,-1,-1,True,True,1
-1,1,-1,1,0,0,-2,0,0,True,True,1
-1,1,-1,1,0,0,0,0,0,True,True,1
-1,1,-1,1,0,0,3,0,0,True,True,1
-1,1,-1,1,3/8,5/8,-2,-7/4,-5/4,True,True,2
-1,1,-1,1,3/8,5/8,0,-1/2,-1/2,True,True,2
-1,1,-1,1,3/8,5/8,3,5/8,11/8,True,True,2
-1,1,-1,1,-1/100,1/100,-2,-1/50,1/50,True,True,2
-1,1,-1,1,-1/100,1/100,0,0,0,True,True,2
-1,1,-1,1,-1/100,1/100,3,-3/100,3/100,True,True,2
-1,1,-1,1,-11/7,-5/7,-2,1,3,False,True,5
-1,1,-1,1,-11/7,-5/7,0,-1,1,True,True,5
-1,1,-1,1,-11/7,-5/7,3,-73/14,-5/4,True,False,5
-1,1,-1,1,31/16,33/16,-2,-33/8,-31/8,True,True,2
-1,1,-1,1,31/16,33/16,0,0,0,True,True,2
-1,1,-1,1,31/16,33/16,3,93/16,99/16,True,True,2
-1,1,-1,2,-2,2,-2,-4,4,True,True,12
-1,1,-1,2,-2,2,0,-2,2,False,True,12
-1,1,-1,2,-2,2,3,-6,6,True,True,12
-1,1,-1,2,0,1,-2,-4,0,False,True,4
-1,1,-1,2,0,1,0,-2,2,False,True,4
-1,1,-1,2,0,1,3,0,5,True,True,4
-1,1,-1,2,1/7,13/7,-2,-4,0,False,True,7
-1,1,-1,2,1/7,13/7,0,-2,2,False,True,7
-1,1,-1,2,1/7,13/7,3,0,6,True,False,7
-1,1,-1,2,-3/4,-1/4,-2,3/4,11/4,True,True,2
-1,1,-1,2,-3/4,-1/4,0,1/4,5/4,True,True,2
-1,1,-1,2,-3/4,-1/4,3,-1,0,True,False,2
-1,1,-1,2,1/2,1/2,-2,-2,-2,True,True,1
-1,1,-1,2,1/2,1/2,0,-1,-1,True,True,1
-1,1,-1,2,1/2,1/2,3,1/2,1/2,True,True,1
-1,1,-1,2,-1/2,-1/2,-2,2,2,True,True,1
-1,1,-1,2,-1/2,-1/2,0,1,1,True,True,1
-1,1,-1,2,-1/2,-1/2,3,-1/2,-1/2,True,True,1
-1,1,-1,2,0,0,-2,0,0,True,True,1
-1,1,-1,2,0,0,0,0,0,True,True,1
-1,1,-1,2,0,0,3,0,0,True,True,1
-1,1,-1,2,3/8,5/8,-2,-19/8,-13/8,True,True,2
-1,1,-1,2,3/8,5/8,0,-9/8,-7/8,True,True,2
-1,1,-1,2,3/8,5/8,3,1/4,3/4,True,True,2
-1,1,-1,2,-1/100,1/100,-2,-3/100,3/100,True,True,2
-1,1,-1,2,-1/100,1/100,0,-1/100,1/100,True,True,2
-1,1,-1,2,-1/100,1/100,3,-1/50,1/50,True,True,2
-1,1,-1,2,-11/7,-5/7,-2,0,4,False,True,5
-1,1,-1,2,-11/7,-5/7,0,-2,2,False,True,5
-1,1,-1,2,-11/7,-5/7,3,-79/14,-1/2,True,False,5
-1,1,-1,2,31/16,33/16,-2,-67/16,-61/16,True,True,2
-1,1,-1,2,31/16,33/16,0,-1/16,1/16,True,True,2
-1,1,-1,2,31/16,33/16,3,47/8,49/8,True,True,2
-1,1,0,-2,-2,2,-2,-4,4,True,True,12
-1,1,0,-2,-2,2,0,-2,2,True,False,12
-1,1,0,-2,-2,2,3,-6,6,True,True,12
-1,1,0,-2,0,1,-2,-4,0,True,True,4
-1,1,0,-2,0,1,0,-2,2,True,False,4
-1,1,0,-2,0,1,3,0,5,True,False,4
-1,1,0,-2,1/7,13/7,-2,-4,0,True,True,7
-1,1,0,-2,1/7,13/7,0,-2,2,True,False,7
-1,1,0,-2,1/7,13/7,3,5/7,37/7,True,True,7
-1,1,0,-2,-3/4,-1/4,-2,0,0,True,True,2
-1,1,0,-2,-3/4,-1/4,0,-3/2,-1/2,True,True,2
-1,1,0,-2,-3/4,-1/4,3,-15/4,-5/4,True,True,2
-1,1,0,-2,1/2,1/2,-2,0,0,True,True,1
-1,1,0,-2,1/2,1/2,0,1,1,True,True,1
-1,1,0,-2,1/2,1/2,3,5/2,5/2,True,True,1
-1,1,0,-2,-1/2,-1/2,-2,0,0,True,True,1
-1,1,0,-2,-1/2,-1/2,0,-1,-1,True,True,1
-1,1,0,-2,-1/2,-1/2,3,-5/2,-5/2,True,True,1
-1,1,0,-2,0,0,-2,0,0,True,True,1
-1,1,0,-2,0,0,0,0,0,True,True,1
-1,1,0,-2,0,0,3,0,0,True,True,1
-1,1,0,-2,3/8,5/8,-2,0,0,True,True,2
-1,1,0,-2,3/8,5/8,0,3/4,5/4,True,True,2
-1,1,0,-2,3/8,5/8,3,15/8,25/8,True,True,2
-1,1,0,-2,-1/100,1/100,-2,0,0,True,True,2
-1,1,0,-2,-1/100,1/100,0,-1/50,1/50,True,True,2
-1,1,0,-2,-1/100,1/100,3,-1/20,1/20,True,True,2
-1,1,0,-2,-11/7,-5/7,-2,0,4,True,True,5
-1,1,0,-2,-11/7,-5/7,0,-2,2,True,False,5
-1,1,0,-2,-11/7,-5/7,3,-5,-1,True,False,5
-1,1,0,-2,31/16,33/16,-2,-4,-4,True,True,2
-1,1,0,-2,31/16,33/16,0,-1/8,1/8,True,True,2
-1,1,0,-2,31/16,33/16,3,91/16,101/16,True,True,2
-1,1,0,-1,-2,2,-2,-4,4,True,True,12
-1,1,0,-1,-2,2,0,-1,1,True,False,12
-1,1,0,-1,-2,2,3,-6,6,True,True,12
-1,1,0,-1,0,1,-2,-3,0,True,True,4
-1,1,0,-1,0,1,0,-1,1,True,False,4
-1,1,0,-1,0,1,3,0,4,True,False,4
-1,1,0,-1,1/7,13/7,-2,-27/7,-1/7,True,True,7
-1,1,0,-1,1/7,13/7,0,-1,1,True,False,7
-1,1,0,-1,1/7,13/7,3,4/7,38/7,True,True,7
-1,1,0,-1,-3/4,-1/4,-2,1/4,3/4,True,True,2
-1,1,0,-1,-3/4,-1/4,0,-3/4,-1/4,True,True,2
-1,1,0,-1,-3/4,-1/4,3,-3,-1,True,True,2
-1,1,0,-1,1/2,1/2,-2,-1/2,-1/2,True,True,1
-1,1,0,-1,1/2,1/2,0,1/2,1/2,True,True,1
-1,1,0,-1,1/2,1/2,3,2,2,True,True,1
-1,1,0,-1,-1/2,-1/2,-2,1/2,1/2,True,True,1
-1,1,0,-1,-1/2,-1/2,0,-1/2,-1/2,True,True,1
-1,1,0,-1,-1/2,-1/2,3,-2,-2,True,True,1
-1,1,0,-1,0,0,-2,0,0,True,True,1
-1,1,0,-1,0,0,0,0,0,True,True,1
-1,1,0,-1,0,0,3,0,0,True,True,1
-1,1,0,-1,3/8,5/8,-2,-5/8,-3/8,True,True,2
-1,1,0,-1,3/8,5/8,0,3/8,5/8,True,True,2
-1,1,0,-1,3/8,5/8,3,3/2,5/2,True,True,2
-1,1,0,-1,-1/100,1/100,-2,-1/100,1/100,True,True,2
-1,1,0,-1,-1/100,1/100,0,-1/100,1/100,True,True,2
-1,1,0,-1,-1/100,1/100,3,-1/25,1/25,True,True,2
-1,1,0,-1,-11/7,-5/7,-2,5/7,25/7,True,True,5
-1,1,0,-1,-11/7,-5/7,0,-1,1,True,False,5
-1,1,0,-1,-11/7,-5/7,3,-30/7,-2,True,False,5
-1,1,0,-1,31/16,33/16,-2,-65/16,-63/16,True,True,2
-1,1,0,-1,31/16,33/16,0,-1/16,1/16,True,True,2
-1,1,0,-1,31/16,33/16,3,23/4,25/4,True,True,2
-1,1,0,0,-2,2,-2,-4,4,True,True,12
-1,1,0,0,-2,2,0,0,0,True,True,12
-1,1,0,0,-2,2,3,-6,6,True,True,12
-1,1,0,0,0,1,-2,-2,0,True,True,4
-1,1,0,0,0,1,0,0,0,True,True,4
-1,1,0,0,0,1,3,0,3,True,True,4
-1,1,0,0,1/7,13/7,-2,-26/7,-2/7,True,True,7
-1,1,0,0,1/7,13/7,0,0,0,True,True,7
-1,1,0,0,1/7,13/7,3,3/7,39/7,True,True,7
-1,1,0,0,-3/4,-1/4,-2,1/2,3/2,True,True,2
-1,1,0,0,-3/4,-1/4,0,0,0,True,True,2
-1,1,0,0,-3/4,-1/4,3,-9/4,-3/4,True,True,2
-1,1,0,0,1/2,1/2,-2,-1,-1,True,True,1
-1,1,0,0,1/2,1/2,0,0,0,True,True,1
-1,1,0,0,1/2,1/2,3,3/2,3/2,True,True,1
-1,1,0,0,-1/2,-1/2,-2,1,1,True,True,1
-1,1,0,0,-1/2,-1/2,0,0,0,True,True,1
-1,1,0,0,-1/2,-1/2,3,-3/2,-3/2,True,True,1
-1,1,0,0,0,0,-2,0,0,True,True,1
-1,1,0,0,0,0,0,0,0,True,True,1
-1,1,0,0,0,0,3,0,0,True,True,1
-1,1,0,0,3/8,5/8,-2,-5/4,-3/4,True,True,2
-1,1,0,0,3/8,5/8,0,0,0,True,True,2
-1,1,0,0,3/8,5/8,3,9/8,15/8,True,True,2
-1,1,0,0,-1/100,1/100,-2,-1/50,1/50,True,True,2
-1,1,0,0,-1/100,1/100,0,0,0,True,True,2
-1,1,0,0,-1/100,1/100,3,-3/100,3/100,True,True,2
-1,1,0,0,-11/7,-5/7,-2,10/7,22/7,True,True,5
-1,1,0,0,-11/7,-5/7,0,0,0,True,True,5
-1,1,0,0,-11/7,-5/7,3,-33/7,-15/7,True,True,5
-1,1,0,0,31/16,33/16,-2,-33/8,-31/8,True,True,2
-1,1,0,0,31/16,33/16,0,0,0,True,True,2
-1,1,0,0,31/16,33/16,3,93/16,99/16,True,True,2
-1,1,0,1,-2,2,-2,-4,4,True,True,12
-1,1,0,1,-2,2,0,-1,1,False,True,12
-1,1,0,1,-2,2,3,-6,6,True,True,12
-1,1,0,1,0,1,-2,-3,0,False,True,4
-1,1,0,1,0,1,0,-1,1,False,True,4
-1,1,0,1,0,1,3,0,4,True,True,4
-1,1,0,1,1/7,13/7,-2,-25/7,-3/7,True,True,7
-1,1,0,1,1/7,13/7,0,-1,1,False,True,7
-1,1,0,1,1/7,13/7,3,2/7,40/7,True,True,7
-1,1,0,1,-3/4,-1/4,-2,3/4,9/4,True,True,2
-1,1,0,1,-3/4,-1/4,0,1/4,3/4,True,True,2
-1,1,0,1,-3/4,-1/4,3,-3/2,-1/2,True,True,2
-1,1,0,1,1/2,1/2,-2,-3/2,-3/2,True,True,1
-1,1,0,1,1/2,1/2,0,-1/2,-1/2,True,True,1
-1,1,0,1,1/2,1/2,3,1,1,True,True,1
-1,1,0,1,-1/2,-1/2,-2,3/2,3/2,True,True,1
-1,1,0,1,-1/2,-1/2,0,1/2,1/2,True,True,1
-1,1,0,1,-1/2,-1/2,3,-1,-1,True,True,1
-1,1,0,1,0,0,-2,0,0,True,True,1
-1,1,0,1,0,0,0,0,0,True,True,1
-1,1,0,1,0,0,3,0,0,True,True,1
-1,1,0,1,3/8,5/8,-2,-15/8,-9/8,True,True,2
-1,1,0,1,3/8,5/8,0,-5/8,-3/8,True,True,2
-1,1,0,1,3/8,5/8,3,3/4,5/4,True,True,2
-1,1,0,1,-1/100,1/100,-2,-3/100,3/100,True,True,2
-1,1,0,1,-1/100,1/100,0,-1/100,1/100,True,True,2
-1,1,0,1,-1/100,1/100,3,-1/50,1/50,True,True,2
-1,1,0,1,-11/7,-5/7,-2,1,3,False,True,5
-1,1,0,1,-11/7,-5/7,0,-1,1,False,True,5
-1,1,0,1,-11/7,-5/7,3,-36/7,-10/7,True,True,5
-1,1,0,1,31/16,33/16,-2,-67/16,-61/16,True,True,2
-1,1,0,1,31/16,33/16,0,-1/16,1/16,True,True,2
-1,1,0,1,31/16,33/16,3,47/8,49/8,True,True,2
-1,1,0,2,-2,2,-2,-4,4,True,True,12
-1,1,0,2,-2,2,0,-2,2,False,True,12
-1,1,0,2,-2,2,3,-6,6,True,True,12
-1,1,0,2,0,1,-2,-4,0,False,True,4
-1,1,0,2,0,1,0,-2,2,False,True,4
-1,1,0,2,0,1,3,0,5,True,True,4
-1,1,0,2,1/7,13/7,-2,-4,0,False,True,7
-1,1,0,2,1/7,13/7,0,-2,2,False,True,7
-1,1,0,2,1/7,13/7,3,1/7,41/7,True,True,7
-1,1,0,2,-3/4,-1/4,-2,1,3,True,True,2
-1,1,0,2,-3/4,-1/4,0,1/2,3/2,True,True,2
-1,1,0,2,-3/4,-1/4,3,-3/4,-1/4,True,True,2
-1,1,0,2,1/2,1/2,-2,-2,-2,True,True,1
-1,1,0,2,1/2,1/2,0,-1,-1,True,True,1
-1,1,0,2,1/2,1/2,3,1/2,1/2,True,True,1
-1,1,0,2,-1/2,-1/2,-2,2,2,True,True,1
-1,1,0,2,-1/2,-1/2,0,1,1,True,True,1
-1,1,0,2,-1/2,-1/2,3,-1/2,-1/2,True,True,1
-1,1,0,2,0,0,-2,0,0,True,True,1
-1,1,0,2,0,0,0,0,0,True,True,1
-1,1,0,2,0,0,3,0,0,True,True,1
-1,1,0,2,3/8,5/8,-2,-5/2,-3/2,True,True,2
-1,1,0,2,3/8,5/8,0,-5/4,-3/4,True,True,2
-1,1,0,2,3/8,5/8,3,3/8,5/8,True,True,2
-1,1,0,2,-1/100,1/100,-2,-1/25,1/25,True,True,2
-1,1,0,2,-1/100,1/100,0,-1/50,1/50,True,True,2
-1,1,0,2,-1/100,1/100,3,-1/100,1/100,True,True,2
-1,1,0,2,-11/7,-5/7,-2,0,4,False,True,5
-1,1,0,2,-11/7,-5/7,0,-2,2,False,True,5
-1,1,0,2,-11/7,-5/7,3,-39/7,-5/7,True,True,5
-1,1,0,2,31/16,33/16,-2,-17/4,-15/4,True,True,2
-1,1,0,2,31/16,33/16,0,-1/8,1/8,True,True,2
-1,1,0,2,31/16,33/16,3,95/16,97/16,True,True,2
-1,1,1,-2,-2,2,-2,-17/4,17/4,False,True,12
-1,1,1,-2,-2,2,0,-2,2,True,False,12
-1,1,1,-2,-2,2,3,-6,6,True,True,12
-1,1,1,-2,0,1,-2,-4,1/4,True,True,4
-1,1,1,-2,0,1,0,-2,2,True,False,4
-1,1,1,-2,0,1,3,0,5,True,False,4
-1,1,1,-2,1/7,13/7,-2,-17/4,1/4,False,True,7
-1,1,1,-2,1/7,13/7,0,-2,2,True,False,7
-1,1,1,-2,1/7,13/7,3,4/7,38/7,True,True,7
-1,1,1,-2,-3/4,-1/4,-2,-1/4,1/4,False,True,2
-1,1,1,-2,-3/4,-1/4,0,-5/4,-1/4,True,True,2
-1,1,1,-2,-3/4,-1/4,3,-7/2,-1,True,True,2
-1,1,1,-2,1/2,1/2,-2,0,0,True,True,1
-1,1,1,-2,1/2,1/2,0,1,1,True,True,1
-1,1,1,-2,1/2,1/2,3,5/2,5/2,True,True,1
-1,1,1,-2,-1/2,-1/2,-2,0,0,True,True,1
-1,1,1,-2,-1/2,-1/2,0,-1,-1,True,True,1
-1,1,1,-2,-1/2,-1/2,3,-5/2,-5/2,True,True,1
-1,1,1,-2,0,0,-2,0,0,True,True,1
-1,1,1,-2,0,0,0,0,0,True,True,1
-1,1,1,-2,0,0,3,0,0,True,True,1
-1,1,1,-2,3/8,5/8,-2,-1/8,1/8,True,True,2
-1,1,1,-2,3/8,5/8,0,7/8,9/8,True,True,2
-1,1,1,-2,3/8,5/8,3,2,3,True,True,2
-1,1,1,-2,-1/100,1/100,-2,-1/100,1/100,True,True,2
-1,1,1,-2,-1/100,1/100,0,-1/100,1/100,True,True,2
-1,1,1,-2,-1/100,1/100,3,-1/25,1/25,True,True,2
-1,1,1,-2,-11/7,-5/7,-2,-1/4,17/4,False,True,5
-1,1,1,-2,-11/7,-5/7,0,-2,2,True,False,5
-1,1,1,-2,-11/7,-5/7,3,-5,-1,True,False,5
-1,1,1,-2,31/16,33/16,-2,-65/16,-63/16,True,True,2
-1,1,1,-2,31/16,33/16,0,-1/16,1/16,True,True,2
-1,1,1,-2,31/16,33/16,3,23/4,25/4,True,True,2
-1,1,1,-1,-2,2,-2,-4,4,True,True,12
-1,1,1,-1,-2,2,0,-1,1,True,True,12
-1,1,1,-1,-2,2,3,-6,6,True,True,12
-1,1,1,-1,0,1,-2,-3,0,True,True,4
-1,1,1,-1,0,1,0,-1,1,True,True,4
-1,1,1,-1,0,1,3,0,4,True,False,4
-1,1,1,-1,1/7,13/7,-2,-4,0,False,True,7
-1,1,1,-1,1/7,13/7,0,-1,1,True,True,7
-1,1,1,-1,1/7,13/7,3,3/7,39/7,True,True,7
-1,1,1,-1,-3/4,-1/4,-2,0,1,False,True,2
-1,1,1,-1,-3/4,-1/4,0,-1/2,0,True,True,2
-1,1,1,-1,-3/4,-1/4,3,-11/4,-3/4,True,True,2
-1,1,1,-1,1/2,1/2,-2,-1/2,-1/2,True,True,1
-1,1,1,-1,1/2,1/2,0,1/2,1/2,True,True,1
-1,1,1,-1,1/2,1/2,3,2,2,True,True,1
-1,1,1,-1,-1/2,-1/2,-2,1/2,1/2,True,True,1
-1,1,1,-1,-1/2,-1/2,0,-1/2,-1/2,True,True,1
-1,1,1,-1,-1/2,-1/2,3,-2,-2,True,True,1
-1,1,1,-1,0,0,-2,0,0,True,True,1
-1,1,1,-1,0,0,0,0,0,True,True,1
-1,1,1,-1,0,0,3,0,0,True,True,1
-1,1,1,-1,3/8,5/8,-2,-3/4,-1/4,True,True,2
-1,1,1,-1,3/8,5/8,0,1/2,1/2,True,True,2
-1,1,1,-1,3/8,5/8,3,13/8,19/8,True,True,2
-1,1,1,-1,-1/100,1/100,-2,-1/50,1/50,True,True,2
-1,1,1,-1,-1/100,1/100,0,0,0,True,True,2
-1,1,1,-1,-1/100,1/100,3,-3/100,3/100,True,True,2
-1,1,1,-1,-11/7,-5/7,-2,1/2,51/14,False,True,5
-1,1,1,-1,-11/7,-5/7,0,-1,1,True,True,5
-1,1,1,-1,-11/7,-5/7,3,-59/14,-2,True,False,5
-1,1,1,-1,31/16,33/16,-2,-33/8,-31/8,True,True,2
-1,1,1,-1,31/16,33/16,0,0,0,True,True,2
-1,1,1,-1,31/16,33/16,3,93/16,99/16,True,True,2
-1,1,1,0,-2,2,-2,-4,4,True,True,12
-1,1,1,0,-2,2,0,-1/4,1/4,False,True,12
-1,1,1,0,-2,2,3,-6,6,True,True,12
-1,1,1,0,0,1,-2,-2,0,True,True,4
-1,1,1,0,0,1,0,-1/4,1/4,False,True,4
-1,1,1,0,0,1,3,0,3,True,True,4
-1,1,1,0,1/7,13/7,-2,-15/4,-1/4,False,True,7
-1,1,1,0,1/7,13/7,0,-1/4,1/4,False,True,7
-1,1,1,0,1/7,13/7,3,2/7,40/7,True,True,7
-1,1,1,0,-3/4,-1/4,-2,1/4,7/4,False,True,2
-1,1,1,0,-3/4,-1/4,0,-1/4,1/4,False,True,2
-1,1,1,0,-3/4,-1/4,3,-2,-1/2,True,True,2
-1,1,1,0,1/2,1/2,-2,-1,-1,True,True,1
-1,1,1,0,1/2,1/2,0,0,0,True,True,1
-1,1,1,0,1/2,1/2,3,3/2,3/2,True,True,1
-1,1,1,0,-1/2,-1/2,-2,1,1,True,True,1
-1,1,1,0,-1/2,-1/2,0,0,0,True,True,1
-1,1,1,0,-1/2,-1/2,3,-3/2,-3/2,True,True,1
-1,1,1,0,0,0,-2,0,0,True,True,1
-1,1,1,0,0,0,0,0,0,True,True,1
-1,1,1,0,0,0,3,0,0,True,True,1
-1,1,1,0,3/8,5/8,-2,-11/8,-5/8,True,True,2
-1,1,1,0,3/8,5/8,0,-1/8,1/8,True,True,2
-1,1,1,0,3/8,5/8,3,5/4,7/4,True,True,2
-1,1,1,0,-1/100,1/100,-2,-3/100,3/100,True,True,2
-1,1,1,0,-1/100,1/100,0,-1/100,1/100,True,True,2
-1,1,1,0,-1/100,1/100,3,-1/50,1/50,True,True,2
-1,1,1,0,-11/7,-5/7,-2,5/4,45/14,False,True,5
-1,1,1,0,-11/7,-5/7,0,-1/4,1/4,False,True,5
-1,1,1,0,-11/7,-5/7,3,-65/14,-27/14,True,True,5
-1,1,1,0,31/16,33/16,-2,-67/16,-61/16,True,True,2
-1,1,1,0,31/16,33/16,0,-1/16,1/16,True,True,2
-1,1,1,0,31/16,33/16,3,47/8,49/8,True,True,2
-1,1,1,1,-2,2,-2,-4,4,True,True,12
-1,1,1,1,-2,2,0,-1,1,False,True,12
-1,1,1,1,-2,2,3,-6,6,True,True,12
-1,1,1,1,0,1,-2,-3,0,False,True,4
-1,1,1,1,0,1,0,-1,1,False,True,4
-1,1,1,1,0,1,3,0,4,True,True,4
-1,1,1,1,1/7,13/7,-2,-7/2,-1/2,False,True,7
-1,1,1,1,1/7,13/7,0,-1,1,False,True,7
-1,1,1,1,1/7,13/7,3,1/7,41/7,True,True,7
-1,1,1,1,-3/4,-1/4,-2,1/2,5/2,False,True,2
-1,1,1,1,-3/4,-1/4,0,0,1,False,True,2
-1,1,1,1,-3/4,-1/4,3,-5/4,-1/4,True,True,2
-1,1,1,1,1/2,1/2,-2,-3/2,-3/2,True,True,1
-1,1,1,1,1/2,1/2,0,-1/2,-1/2,True,True,1
-1,1,1,1,1/2,1/2,3,1,1,True,True,1
-1,1,1,1,-1/2,-1/2,-2,3/2,3/2,True,True,1
-1,1,1,1,-1/2,-1/2,0,1/2,1/2,True,True,1
-1,1,1,1,-1/2,-1/2,3,-1,-1,True,True,1
-1,1,1,1,0,0,-2,0,0,True,True,1
-1,1,1,1,0,0,0,0,0,True,True,1
-1,1,1,1,0,0,3,0,0,True,True,1
-1,1,1,1,3/8,5/8,-2,-2,-1,True,True,2
-1,1,1,1,3/8,5/8,0,-3/4,-1/4,True,True,2
-1,1,1,1,3/8,5/8,3,7/8,9/8,True,True,2
-1,1,1,1,-1/100,1/100,-2,-1/25,1/25,True,True,2
-1,1,1,1,-1/100,1/100,0,-1/50,1/50,True,True,2
-1,1,1,1,-1/100,1/100,3,-1/100,1/100,True,True,2
-1,1,1,1,-11/7,-5/7,-2,1,3,False,True,5
-1,1,1,1,-11/7,-5/7,0,-1,1,False,True,5
-1,1,1,1,-11/7,-5/7,3,-71/14,-17/14,True,True,5
-1,1,1,1,31/16,33/16,-2,-17/4,-15/4,True,True,2
-1,1,1,1,31/16,33/16,0,-1/8,1/8,True,True,2
-1,1,1,1,31/16,33/16,3,95/16,97/16,True,True,2
-1,1,1,2,-2,2,-2,-4,4,True,True,12
-1,1,1,2,-2,2,0,-2,2,False,True,12
-1,1,1,2,-2,2,3,-6,6,True,True,12
-1,1,1,2,0,1,-2,-4,0,False,True,4
-1,1,1,2,0,1,0,-2,2,False,True,4
-1,1,1,2,0,1,3,0,5,True,True,4
-1,1,1,2,1/7,13/7,-2,-4,0,False,True,7
-1,1,1,2,1/7,13/7,0,-2,2,False,True,7
-1,1,1,2,1/7,13/7,3,0,6,True,True,7
-1,1,1,2,-3/4,-1/4,-2,3/4,13/4,False,True,2
-1,1,1,2,-3/4,-1/4,0,1/4,7/4,False,True,2
-1,1,1,2,-3/4,-1/4,3,-1/2,0,True,True,2
-1,1,1,2,1/2,1/2,-2,-2,-2,True,True,1
-1,1,1,2,1/2,1/2,0,-1,-1,True,True,1
-1,1,1,2,1/2,1/2,3,1/2,1/2,True,True,1
-1,1,1,2,-1/2,-1/2,-2,2,2,True,True,1
-1,1,1,2,-1/2,-1/2,0,1,1,True,True,1
-1,1,1,2,-1/2,-1/2,3,-1/2,-1/2,True,True,1
-1,1,1,2,0,0,-2,0,0,True,True,1
-1,1,1,2,0,0,0,0,0,True,True,1
-1,1,1,2,0,0,3,0,0,True,True,1
-1,1,1,2,3/8,5/8,-2,-21/8,-11/8,True,True,2
-1,1,1,2,3/8,5/8,0,-11/8,-5/8,True,True,2
-1,1,1,2,3/8,5/8,3,1/2,1/2,True,True,2
-1,1,1,2,-1/100,1/100,-2,-1/20,1/20,True,True,2
-1,1,1,2,-1/100,1/100,0,-3/100,3/100,True,True,2
-1,1,1,2,-1/100,1/100,3,0,0,True,True,2
-1,1,1,2,-11/7,-5/7,-2,0,4,False,True,5
-1,1,1,2,-11/7,-5/7,0,-2,2,False,True,5
-1,1,1,2,-11/7,-5/7,3,-11/2,-1/2,True,True,5
-1,1,1,2,31/16,33/16,-2,-69/16,-59/16,True,True,2
-1,1,1,2,31/16,33/16,0,-3/16,3/16,True,True,2
-1,1,1,2,31/16,33/16,3,6,6,True,True,2
-1,1,2,-2,-2,2,-2,-9/2,9/2,False,True,12
-1,1,2,-2,-2,2,0,-2,2,True,True,12
-1,1,2,-2,-2,2,3,-6,6,True,True,12
-1,1,2,-2,0,1,-2,-4,1/2,True,True,4
-1,1,2,-2,0,1,0,-2,2,True,True,4
-1,1,2,-2,0,1,3,0,5,True,False,4
-1,1,2,-2,1/7,13/7,-2,-9/2,1/2,False,True,7
-1,1,2,-2,1/7,13/7,0,-2,2,True,True,7
-1,1,2,-2,1/7,13/7,3,3/7,39/7,True,True,7
-1,1,2,-2,-3/4,-1/4,-2,-1/2,1/2,False,True,2
-1,1,2,-2,-3/4,-1/4,0,-1,0,True,True,2
-1,1,2,-2,-3/4,-1/4,3,-13/4,-3/4,True,True,2
-1,1,2,-2,1/2,1/2,-2,0,0,True,True,1
-1,1,2,-2,1/2,1/2,0,1,1,True,True,1
-1,1,2,-2,1/2,1/2,3,5/2,5/2,True,True,1
-1,1,2,-2,-1/2,-1/2,-2,0,0,True,True,1
-1,1,2,-2,-1/2,-1/2,0,-1,-1,True,True,1
-1,1,2,-2,-1/2,-1/2,3,-5/2,-5/2,True,True,1
-1,1,2,-2,0,0,-2,0,0,True,True,1
-1,1,2,-2,0,0,0,0,0,True,True,1
-1,1,2,-2,0,0,3,0,0,True,True,1
-1,1,2,-2,3/8,5/8,-2,-1/4,1/4,True,True,2
-1,1,2,-2,3/8,5/8,0,1,1,True,True,2
-1,1,2,-2,3/8,5/8,3,17/8,23/8,True,True,2
-1,1,2,-2,-1/100,1/100,-2,-1/50,1/50,True,True,2
-1,1,2,-2,-1/100,1/100,0,0,0,True,True,2
-1,1,2,-2,-1/100,1/100,3,-3/100,3/100,True,True,2
-1,1,2,-2,-11/7,-5/7,-2,-1/2,9/2,False,True,5
-1,1,2,-2,-11/7,-5/7,0,-2,2,True,True,5
-1,1,2,-2,-11/7,-5/7,3,-5,-1,True,False,5
-1,1,2,-2,31/16,33/16,-2,-33/8,-31/8,True,True,2
-1,1,2,-2,31/16,33/16,0,0,0,True,True,2
-1,1,2,-2,31/16,33/16,3,93/16,99/16,True,True,2
-1,1,2,-1,-2,2,-2,-17/4,17/4,False,True,12
-1,1,2,-1,-2,2,0,-5/4,5/4,False,True,12
-1,1,2,-1,-2,2,3,-6,6,True,True,12
-1,1,2,-1,0,1,-2,-3,1/4,True,True,4
-1,1,2,-1,0,1,0,-1,5/4,True,True,4
-1,1,2,-1,0,1,3,0,4,True,False,4
-1,1,2,-1,1/7,13/7,-2,-17/4,1/4,False,True,7
-1,1,2,-1,1/7,13/7,0,-5/4,5/4,False,True,7
-1,1,2,-1,1/7,13/7,3,2/7,40/7,True,True,7
-1,1,2,-1,-3/4,-1/4,-2,-1/4,5/4,False,True,2
-1,1,2,-1,-3/4,-1/4,0,-3/4,1/4,False,True,2
-1,1,2,-1,-3/4,-1/4,3,-5/2,-1/2,True,True,2
-1,1,2,-1,1/2,1/2,-2,-1/2,-1/2,True,True,1
-1,1,2,-1,1/2,1/2,0,1/2,1/2,True,True,1
-1,1,2,-1,1/2,1/2,3,2,2,True,True,1
-1,1,2,-1,-1/2,-1/2,-2,1/2,1/2,True,True,1
-1,1,2,-1,-1/2,-1/2,0,-1/2,-1/2,True,True,1
-1,1,2,-1,-1/2,-1/2,3,-2,-2,True,True,1
-1,1,2,-1,0,0,-2,0,0,True,True,1
-1,1,2,-1,0,0,0,0,0,True,True,1
-1,1,2,-1,0,0,3,0,0,True,True,1
-1,1,2,-1,3/8,5/8,-2,-7/8,-1/8,True,True,2
-1,1,2,-1,3/8,5/8,0,3/8,5/8,True,True,2
-1,1,2,-1,3/8,5/8,3,7/4,9/4,True,True,2
-1,1,2,-1,-1/100,1/100,-2,-3/100,3/100,True,True,2
-1,1,2,-1,-1/100,1/100,0,-1/100,1/100,True,True,2
-1,1,2,-1,-1/100,1/100,3,-1/50,1/50,True,True,2
-1,1,2,-1,-11/7,-5/7,-2,1/4,15/4,False,True,5
-1,1,2,-1,-11/7,-5/7,0,-5/4,5/4,False,True,5
-1,1,2,-1,-11/7,-5/7,3,-29/7,-2,True,False,5
-1,1,2,-1,31/16,33/16,-2,-67/16,-61/16,True,True,2
-1,1,2,-1,31/16,33/16,0,-1/16,1/16,True,True,2
-1,1,2,-1,31/16,33/16,3,47/8,49/8,True,True,2
-1,1,2,0,-2,2,-2,-4,4,True,True,12
-1,1,2,0,-2,2,0,-1/2,1/2,False,True,12
-1,1,2,0,-2,2,3,-6,6,True,True,12
-1,1,2,0,0,1,-2,-2,0,True,True,4
-1,1,2,0,0,1,0,-1/2,1/2,False,True,4
-1,1,2,0,0,1,3,0,3,True,True,4
-1,1,2,0,1/7,13/7,-2,-4,0,False,True,7
-1,1,2,0,1/7,13/7,0,-1/2,1/2,False,True,7
-1,1,2,0,1/7,13/7,3,1/7,41/7,True,True,7
-1,1,2,0,-3/4,-1/4,-2,0,2,False,True,2
-1,1,2,0,-3/4,-1/4,0,-1/2,1/2,False,True,2
-1,1,2,0,-3/4,-1/4,3,-7/4,-1/4,True,True,2
-1,1,2,0,1/2,1/2,-2,-1,-1,True,True,1
-1,1,2,0,1/2,1/2,0,0,0,True,True,1
-1,1,2,0,1/2,1/2,3,3/2,3/2,True,True,1
-1,1,2,0,-1/2,-1/2,-2,1,1,True,True,1
-1,1,2,0,-1/2,-1/2,0,0,0,True,True,1
-1,1,2,0,-1/2,-1/2,3,-3/2,-3/2,True,True,1
-1,1,2,0,0,0,-2,0,0,True,True,1
-1,1,2,0,0,0,0,0,0,True,True,1
-1,1,2,0,0,0,3,0,0,True,True,1
-1,1,2,0,3/8,5/8,-2,-3/2,-1/2,True,True,2
-1,1,2,0,3/8,5/8,0,-1/4,1/4,True,True,2
-1,1,2,0,3/8,5/8,3,11/8,13/8,True,True,2
-1,1,2,0,-1/100,1/100,-2,-1/25,1/25,True,True,2
-1,1,2,0,-1/100,1/100,0,-1/50,1/50,True,True,2
-1,1,2,0,-1/100,1/100,3,-1/100,1/100,True,True,2
-1,1,2,0,-11/7,-5/7,-2,1,23/7,False,True,5
-1,1,2,0,-11/7,-5/7,0,-1/2,1/2,False,True,5
-1,1,2,0,-11/7,-5/7,3,-32/7,-12/7,True,True,5
-1,1,2,0,31/16,33/16,-2,-17/4,-15/4,True,True,2
-1,1,2,0,31/16,33/16,0,-1/8,1/8,True,True,2
-1,1,2,0,31/16,33/16,3,95/16,97/16,True,True,2
-1,1,2,1,-2,2,-2,-4,4,True,True,12
-1,1,2,1,-2,2,0,-5/4,5/4,False,True,12
-1,1,2,1,-2,2,3,-6,6,True,True,12
-1,1,2,1,0,1,-2,-3,0,False,True,4
-1,1,2,1,0,1,0,-5/4,1,False,True,4
-1,1,2,1,0,1,3,0,4,True,True,4
-1,1,2,1,1/7,13/7,-2,-15/4,-1/4,False,True,7
-1,1,2,1,1/7,13/7,0,-5/4,5/4,False,True,7
-1,1,2,1,1/7,13/7,3,0,6,True,True,7
-1,1,2,1,-3/4,-1/4,-2,1/4,11/4,False,True,2
-1,1,2,1,-3/4,-1/4,0,-1/4,5/4,False,True,2
-1,1,2,1,-3/4,-1/4,3,-1,0,True,True,2
-1,1,2,1,1/2,1/2,-2,-3/2,-3/2,True,True,1
-1,1,2,1,1/2,1/2,0,-1/2,-1/2,True,True,1
-1,1,2,1,1/2,1/2,3,1,1,True,True,1
-1,1,2,1,-1/2,-1/2,-2,3/2,3/2,True,True,1
-1,1,2,1,-1/2,-1/2,0,1/2,1/2,True,True,1
-1,1,2,1,-1/2,-1/2,3,-1,-1,True,True,1
-1,1,2,1,0,0,-2,0,0,True,True,1
-1,1,2,1,0,0,0,0,0,True,True,1
-1,1,2,1,0,0,3,0,0,True,True,1
-1,1,2,1,3/8,5/8,-2,-17/8,-7/8,True,True,2
-1,1,2,1,3/8,5/8,0,-7/8,-1/8,True,True,2
-1,1,2,1,3/8,5/8,3,1,1,True,True,2
-1,1,2,1,-1/100,1/100,-2,-1/20,1/20,True,True,2
-1,1,2,1,-1/100,1/100,0,-3/100,3/100,True,True,2
-1,1,2,1,-1/100,1/100,3,0,0,True,True,2
-1,1,2,1,-11/7,-5/7,-2,1,3,False,True,5
-1,1,2,1,-11/7,-5/7,0,-5/4,5/4,False,True,5
-1,1,2,1,-11/7,-5/7,3,-5,-1,True,True,5
-1,1,2,1,31/16,33/16,-2,-69/16,-59/16,True,True,2
-1,1,2,1,31/16,33/16,0,-3/16,3/16,True,True,2
-1,1,2,1,31/16,33/16,3,6,6,True,True,2
-1,1,2,2,-2,2,-2,-4,4,True,True,12
-1,1,2,2,-2,2,0,-2,2,False,True,12
-1,1,2,2,-2,2,3,-25/4,25/4,False,True,12
-1,1,2,2,0,1,-2,-4,0,False,True,4
-1,1,2,2,0,1,0,-2,2,False,True,4
-1,1,2,2,0,1,3,-1/4,5,False,True,4
-1,1,2,2,1/7,13/7,-2,-4,0,False,True,7
-1,1,2,2,1/7,13/7,0,-2,2,False,True,7
-1,1,2,2,1/7,13/7,3,-1/4,25/4,False,True,7
-1,1,2,2,-3/4,-1/4,-2,1/2,7/2,False,True,2
-1,1,2,2,-3/4,-1/4,0,0,2,False,True,2
-1,1,2,2,-3/4,-1/4,3,-3/4,1/4,False,True,2
-1,1,2,2,1/2,1/2,-2,-2,-2,True,True,1
-1,1,2,2,1/2,1/2,0,-1,-1,True,True,1
-1,1,2,2,1/2,1/2,3,1/2,1/2,True,True,1
-1,1,2,2,-1/2,-1/2,-2,2,2,True,True,1
-1,1,2,2,-1/2,-1/2,0,1,1,True,True,1
-1,1,2,2,-1/2,-1/2,3,-1/2,-1/2,True,True,1
-1,1,2,2,0,0,-2,0,0,True,True,1
-1,1,2,2,0,0,0,0,0,True,True,1
-1,1,2,2,0,0,3,0,0,True,True,1
-1,1,2,2,3/8,5/8,-2,-11/4,-5/4,True,True,2
-1,1,2,2,3/8,5/8,0,-3/2,-1/2,True,True,2
-1,1,2,2,3/8,5/8,3,3/8,5/8,True,True,2
-1,1,2,2,-1/100,1/100,-2,-3/50,3/50,True,True,2
-1,1,2,2,-1/100,1/100,0,-1/25,1/25,True,True,2
-1,1,2,2,-1/100,1/100,3,-1/100,1/100,True,True,2
-1,1,2,2,-11/7,-5/7,-2,0,4,False,True,5
-1,1,2,2,-11/7,-5/7,0,-2,2,False,True,5
-1,1,2,2,-11/7,-5/7,3,-23/4,-1/4,False,True,5
-1,1,2,2,31/16,33/16,-2,-35/8,-29/8,True,True,2
-1,1,2,2,31/16,33/16,0,-1/4,1/4,True,True,2
-1,1,2,2,31/16,33/16,3,95/16,97/16,True,True,2
0,1,-2,-2,-2,2,-2,-5,5,True,False,8
0,1,-2,-2,-2,2,0,-2,2,True,False,8
0,1,-2,-2,-2,2,3,-6,6,True,True,8
0,1,-2,-2,0,1,-2,-4,1,True,False,3
0,1,-2,-2,0,1,0,-2,2,True,False,3
0,1,-2,-2,0,1,3,0,5,True,False,3
0,1,-2,-2,1/7,13/7,-2,-5,1,True,False,5
0,1,-2,-2,1/7,13/7,0,-2,2,True,False,5
0,1,-2,-2,1/7,13/7,3,1,5,True,True,5
0,1,-2,-2,-3/4,-1/4,-2,-1,1,True,False,3
0,1,-2,-2,-3/4,-1/4,0,-2,0,True,False,3
0,1,-2,-2,-3/4,-1/4,3,-7/2,-3/2,True,False,3
0,1,-2,-2,1/2,1/2,-2,-1,-1,True,True,1
0,1,-2,-2,1/2,1/2,0,0,0,True,True,1
0,1,-2,-2,1/2,1/2,3,3/2,3/2,True,True,1
0,1,-2,-2,-1/2,-1/2,-2,-1,-1,True,True,1
0,1,-2,-2,-1/2,-1/2,0,-2,-2,True,True,1
0,1,-2,-2,-1/2,-1/2,3,-7/2,-7/2,True,True,1
0,1,-2,-2,0,0,-2,0,0,True,True,1
0,1,-2,-2,0,0,0,0,0,True,True,1
0,1,-2,-2,0,0,3,0,0,True,True,1
0,1,-2,-2,3/8,5/8,-2,-1,1,True,False,3
0,1,-2,-2,3/8,5/8,0,0,2,True,False,3
0,1,-2,-2,3/8,5/8,3,3/2,7/2,True,False,3
0,1,-2,-2,-1/100,1/100,-2,-1/50,1/50,True,True,2
0,1,-2,-2,-1/100,1/100,0,-1/25,1/25,True,True,2
0,1,-2,-2,-1/100,1/100,3,-7/100,7/100,True,True,2
0,1,-2,-2,-11/7,-5/7,-2,0,5,True,False,4
0,1,-2,-2,-11/7,-5/7,0,-2,2,True,False,4
0,1,-2,-2,-11/7,-5/7,3,-5,-1,True,False,4
0,1,-2,-2,31/16,33/16,-2,-33/8,-31/8,True,True,2
0,1,-2,-2,31/16,33/16,0,-1/4,1/4,True,True,2
0,1,-2,-2,31/16,33/16,3,89/16,103/16,True,True,2
0,1,-2,-1,-2,2,-2,-9/2,9/2,True,False,8
0,1,-2,-1,-2,2,0,-3/2,3/2,True,False,8
0,1,-2,-1,-2,2,3,-6,6,True,True,8
0,1,-2,-1,0,1,-2,-3,1/2,True,False,3
0,1,-2,-1,0,1,0,-1,3/2,True,False,3
0,1,-2,-1,0,1,3,0,4,True,False,3
0,1,-2,-1,1/7,13/7,-2,-9/2,1/2,True,False,5
0,1,-2,-1,1/7,13/7,0,-3/2,3/2,True,False,5
0,1,-2,-1,1/7,13/7,3,6/7,36/7,True,True,5
0,1,-2,-1,-3/4,-1/4,-2,-1/2,3/2,True,False,3
0,1,-2,-1,-3/4,-1/4,0,-3/2,1/2,True,False,3
0,1,-2,-1,-3/4,-1/4,3,-3,-1,True,False,3
0,1,-2,-1,1/2,1/2,-2,-3/2,-3/2,True,True,1
0,1,-2,-1,1/2,1/2,0,-1/2,-1/2,True,True,1
0,1,-2,-1,1/2,1/2,3,1,1,True,True,1
0,1,-2,-1,-1/2,-1/2,-2,-1/2,-1/2,True,True,1
0,1,-2,-1,-1/2,-1/2,0,-3/2,-3/2,True,True,1
0,1,-2,-1,-1/2,-1/2,3,-3,-3,True,True,1
0,1,-2,-1,0,0,-2,0,0,True,True,1
0,1,-2,-1,0,0,0,0,0,True,True,1
0,1,-2,-1,0,0,3,0,0,True,True,1
0,1,-2,-1,3/8,5/8,-2,-3/2,1/2,True,False,3
0,1,-2,-1,3/8,5/8,0,-1/2,3/2,True,False,3
0,1,-2,-1,3/8,5/8,3,1,3,True,False,3
0,1,-2,-1,-1/100,1/100,-2,-1/100,1/100,True,True,2
0,1,-2,-1,-1/100,1/100,0,-3/100,3/100,True,True,2
0,1,-2,-1,-1/100,1/100,3,-3/50,3/50,True,True,2
0,1,-2,-1,-11/7,-5/7,-2,1,9/2,True,False,4
0,1,-2,-1,-11/7,-5/7,0,-1,3/2,True,False,4
0,1,-2,-1,-11/7,-5/7,3,-5,-2,True,False,4
0,1,-2,-1,31/16,33/16,-2,-65/16,-63/16,True,True,2
0,1,-2,-1,31/16,33/16,0,-3/16,3/16,True,True,2
0,1,-2,-1,31/16,33/16,3,45/8,51/8,True,True,2
0,1,-2,0,-2,2,-2,-4,4,True,True,8
0,1,-2,0,-2,2,0,-1,1,True,False,8
0,1,-2,0,-2,2,3,-6,6,True,True,8
0,1,-2,0,0,1,-2,-2,0,True,True,3
0,1,-2,0,0,1,0,-1,1,True,False,3
0,1,-2,0,0,1,3,0,3,True,True,3
0,1,-2,0,1/7,13/7,-2,-4,0,True,True,5
0,1,-2,0,1/7,13/7,0,-1,1,True,False,5
0,1,-2,0,1/7,13/7,3,1/2,11/2,True,False,5
0,1,-2,0,-3/4,-1/4,-2,0,2,True,True,3
0,1,-2,0,-3/4,-1/4,0,-1,1,True,False,3
0,1,-2,0,-3/4,-1/4,3,-5/2,-1/2,True,False,3
0,1,-2,0,1/2,1/2,-2,-2,-2,True,True,1
0,1,-2,0,1/2,1/2,0,-1,-1,True,True,1
0,1,-2,0,1/2,1/2,3,1/2,1/2,True,True,1
0,1,-2,0,-1/2,-1/2,-2,0,0,True,True,1
0,1,-2,0,-1/2,-1/2,0,-1,-1,True,True,1
0,1,-2,0,-1/2,-1/2,3,-5/2,-5/2,True,True,1
0,1,-2,0,0,0,-2,0,0,True,True,1
0,1,-2,0,0,0,0,0,0,True,True,1
0,1,-2,0,0,0,3,0,0,True,True,1
0,1,-2,0,3/8,5/8,-2,-2,0,True,True,3
0,1,-2,0,3/8,5/8,0,-1,1,True,False,3
0,1,-2,0,3/8,5/8,3,1/2,5/2,True,False,3
0,1,-2,0,-1/100,1/100,-2,0,0,True,True,2
0,1,-2,0,-1/100,1/100,0,-1/50,1/50,True,True,2
0,1,-2,0,-1/100,1/100,3,-1/20,1/20,True,True,2
0,1,-2,0,-11/7,-5/7,-2,2,4,True,True,4
0,1,-2,0,-11/7,-5/7,0,-1,1,True,False,4
0,1,-2,0,-11/7,-5/7,3,-11/2,-11/7,True,True,4
0,1,-2,0,31/16,33/16,-2,-4,-4,True,True,2
0,1,-2,0,31/16,33/16,0,-1/8,1/8,True,True,2
0,1,-2,0,31/16,33/16,3,91/16,101/16,True,True,2
0,1,-2,1,-2,2,-2,-4,4,True,True,8
0,1,-2,1,-2,2,0,-3/2,3/2,True,False,8
0,1,-2,1,-2,2,3,-6,6,True,True,8
0,1,-2,1,0,1,-2,-3,0,False,True,3
0,1,-2,1,0,1,0,-3/2,1,True,True,3
0,1,-2,1,0,1,3,0,4,True,True,3
0,1,-2,1,1/7,13/7,-2,-27/7,-1/7,True,True,5
0,1,-2,1,1/7,13/7,0,-3/2,3/2,True,False,5
0,1,-2,1,1/7,13/7,3,0,6,True,False,5
0,1,-2,1,-3/4,-1/4,-2,1/4,11/4,True,True,3
0,1,-2,1,-3/4,-1/4,0,-1/2,3/2,True,False,3
0,1,-2,1,-3/4,-1/4,3,-2,0,True,False,3
0,1,-2,1,1/2,1/2,-2,-5/2,-5/2,True,True,1
0,1,-2,1,1/2,1/2,0,-3/2,-3/2,True,True,1
0,1,-2,1,1/2,1/2,3,0,0,True,True,1
0,1,-2,1,-1/2,-1/2,-2,1/2,1/2,True,True,1
0,1,-2,1,-1/2,-1/2,0,-1/2,-1/2,True,True,1
0,1,-2,1,-1/2,-1/2,3,-2,-2,True,True,1
0,1,-2,1,0,0,-2,0,0,True,True,1
0,1,-2,1,0,0,0,0,0,True,True,1
0,1,-2,1,0,0,3,0,0,True,True,1
0,1,-2,1,3/8,5/8,-2,-21/8,-3/8,True,True,3
0,1,-2,1,3/8,5/8,0,-3/2,1/2,True,False,3
0,1,-2,1,3/8,5/8,3,0,2,True,False,3
0,1,-2,1,-1/100,1/100,-2,-1/100,1/100,True,True,2
0,1,-2,1,-1/100,1/100,0,-1/100,1/100,True,True,2
0,1,-2,1,-1/100,1/100,3,-1/25,1/25,True,True,2
0,1,-2,1,-11/7,-5/7,-2,1,25/7,False,True,4
0,1,-2,1,-11/7,-5/7,0,-3/2,9/7,True,True,4
0,1,-2,1,-11/7,-5/7,3,-6,-6/7,True,True,4
0,1,-2,1,31/16,33/16,-2,-65/16,-63/16,True,True,2
0,1,-2,1,31/16,33/16,0,-1/16,1/16,True,True,2
0,1,-2,1,31/16,33/16,3,23/4,25/4,True,True,2
0,1,-2,2,-2,2,-2,-4,4,True,True,8
0,1,-2,2,-2,2,0,-2,2,True,True,8
0,1,-2,2,-2,2,3,-13/2,13/2,True,False,8
0,1,-2,2,0,1,-2,-4,0,False,True,3
0,1,-2,2,0,1,0,-2,2,True,True,3
0,1,-2,2,0,1,3,-1/2,5,True,True,3
0,1,-2,2,1/7,13/7,-2,-4,0,False,True,5
0,1,-2,2,1/7,13/7,0,-2,2,True,True,5
0,1,-2,2,1/7,13/7,3,-1/2,13/2,True,False,5
0,1,-2,2,-3/4,-1/4,-2,1/2,7/2,True,True,3
0,1,-2,2,-3/4,-1/4,0,0,2,True,True,3
0,1,-2,2,-3/4,-1/4,3,-3/2,1/2,True,False,3
0,1,-2,2,1/2,1/2,-2,-3,-3,True,True,1
0,1,-2,2,1/2,1/2,0,-2,-2,True,True,1
0,1,-2,2,1/2,1/2,3,-1/2,-1/2,True,True,1
0,1,-2,2,-1/2,-1/2,-2,1,1,True,True,1
0,1,-2,2,-1/2,-1/2,0,0,0,True,True,1
0,1,-2,2,-1/2,-1/2,3,-3/2,-3/2,True,True,1
0,1,-2,2,0,0,-2,0,0,True,True,1
0,1,-2,2,0,0,0,0,0,True,True,1
0,1,-2,2,0,0,3,0,0,True,True,1
0,1,-2,2,3/8,5/8,-2,-13/4,-3/4,True,True,3
0,1,-2,2,3/8,5/8,0,-2,0,True,True,3
0,1,-2,2,3/8,5/8,3,-1/2,3/2,True,False,3
0,1,-2,2,-1/100,1/100,-2,-1/50,1/50,True,True,2
0,1,-2,2,-1/100,1/100,0,0,0,True,True,2
0,1,-2,2,-1/100,1/100,3,-3/100,3/100,True,True,2
0,1,-2,2,-11/7,-5/7,-2,0,4,False,True,4
0,1,-2,2,-11/7,-5/7,0,-2,2,True,True,4
0,1,-2,2,-11/7,-5/7,3,-13/2,-1/7,True,True,4
0,1,-2,2,31/16,33/16,-2,-33/8,-31/8,True,True,2
0,1,-2,2,31/16,33/16,0,0,0,True,True,2
0,1,-2,2,31/16,33/16,3,93/16,99/16,True,True,2
0,1,-1,-2,-2,2,-2,-9/2,9/2,True,False,8
0,1,-1,-2,-2,2,0,-2,2,True,False,8
0,1,-1,-2,-2,2,3,-6,6,True,True,8
0,1,-1,-2,0,1,-2,-4,1/2,True,False,3
0,1,-1,-2,0,1,0,-2,2,True,False,3
0,1,-1,-2,0,1,3,0,5,True,False,3
0,1,-1,-2,1/7,13/7,-2,-9/2,1/2,True,False,5
0,1,-1,-2,1/7,13/7,0,-2,2,True,False,5
0,1,-1,-2,1/7,13/7,3,6/7,36/7,True,True,5
0,1,-1,-2,-3/4,-1/4,-2,-1/2,1/2,True,False,3
0,1,-1,-2,-3/4,-1/4,0,-3/2,-1/2,True,False,3
0,1,-1,-2,-3/4,-1/4,3,-7/2,-3/2,True,True,3
0,1,-1,-2,1/2,1/2,-2,-1/2,-1/2,True,True,1
0,1,-1,-2,1/2,1/2,0,1/2,1/2,True,True,1
0,1,-1,-2,1/2,1/2,3,2,2,True,True,1
0,1,-1,-2,-1/2,-1/2,-2,-1/2,-1/2,True,True,1
0,1,-1,-2,-1/2,-1/2,0,-3/2,-3/2,True,True,1
0,1,-1,-2,-1/2,-1/2,3,-3,-3,True,True,1
0,1,-1,-2,0,0,-2,0,0,True,True,1
0,1,-1,-2,0,0,0,0,0,True,True,1
0,1,-1,-2,0,0,3,0,0,True,True,1
0,1,-1,-2,3/8,5/8,-2,-1/2,1/2,True,False,3
0,1,-1,-2,3/8,5/8,0,1/2,3/2,True,False,3
0,1,-1,-2,3/8,5/8,3,2,3,True,False,3
0,1,-1,-2,-1/100,1/100,-2,-1/100,1/100,True,True,2
0,1,-1,-2,-1/100,1/100,0,-3/100,3/100,True,True,2
0,1,-1,-2,-1/100,1/100,3,-3/50,3/50,True,True,2
0,1,-1,-2,-11/7,-5/7,-2,0,9/2,True,False,4
0,1,-1,-2,-11/7,-5/7,0,-2,2,True,False,4
0,1,-1,-2,-11/7,-5/7,3,-5,-1,True,False,4
0,1,-1,-2,31/16,33/16,-2,-65/16,-63/16,True,True,2
0,1,-1,-2,31/16,33/16,0,-3/16,3/16,True,True,2
0,1,-1,-2,31/16,33/16,3,45/8,51/8,True,True,2
0,1,-1,-1,-2,2,-2,-4,4,True,True,8
0,1,-1,-1,-2,2,0,-1,1,True,False,8
0,1,-1,-1,-2,2,3,-6,6,True,True,8
0,1,-1,-1,0,1,-2,-3,0,True,True,3
0,1,-1,-1,0,1,0,-1,1,True,False,3
0,1,-1,-1,0,1,3,0,4,True,False,3
0,1,-1,-1,1/7,13/7,-2,-4,0,True,True,5
0,1,-1,-1,1/7,13/7,0,-1,1,True,False,5
0,1,-1,-1,1/7,13/7,3,5/7,37/7,True,True,5
0,1,-1,-1,-3/4,-1/4,-2,0,1,True,True,3
0,1,-1,-1,-3/4,-1/4,0,-1,0,True,False,3
0,1,-1,-1,-3/4,-1/4,3,-11/4,-5/4,True,True,3
0,1,-1,-1,1/2,1/2,-2,-1,-1,True,True,1
0,1,-1,-1,1/2,1/2,0,0,0,True,True,1
0,1,-1,-1,1/2,1/2,3,3/2,3/2,True,True,1
0,1,-1,-1,-1/2,-1/2,-2,0,0,True,True,1
0,1,-1,-1,-1/2,-1/2,0,-1,-1,True,True,1
0,1,-1,-1,-1/2,-1/2,3,-5/2,-5/2,True,True,1
0,1,-1,-1,0,0,-2,0,0,True,True,1
0,1,-1,-1,0,0,0,0,0,True,True,1
0,1,-1,-1,0,0,3,0,0,True,True,1
0,1,-1,-1,3/8,5/8,-2,-1,0,True,True,3
0,1,-1,-1,3/8,5/8,0,0,1,True,False,3
0,1,-1,-1,3/8,5/8,3,3/2,5/2,True,False,3
0,1,-1,-1,-1/100,1/100,-2,0,0,True,True,2
0,1,-1,-1,-1/100,1/100,0,-1/50,1/50,True,True,2
0,1,-1,-1,-1/100,1/100,3,-1/20,1/20,True,True,2
0,1,-1,-1,-11/7,-5/7,-2,1,4,True,True,4
0,1,-1,-1,-11/7,-5/7,0,-1,1,True,False,4
0,1,-1,-1,-11/7,-5/7,3,-9/2,-2,True,False,4
0,1,-1,-1,31/16,33/16,-2,-4,-4,True,True,2
0,1,-1,-1,31/16,33/16,0,-1/8,1/8,True,True,2
0,1,-1,-1,31/16,33/16,3,91/16,101/16,True,True,2
0,1,-1,0,-2,2,-2,-4,4,True,True,8
0,1,-1,0,-2,2,0,-1/2,1/2,True,False,8
0,1,-1,0,-2,2,3,-6,6,True,True,8
0,1,-1,0,0,1,-2,-2,0,True,True,3
0,1,-1,0,0,1,0,-1/2,1/2,True,False,3
0,1,-1,0,0,1,3,0,3,True,True,3
0,1,-1,0,1/7,13/7,-2,-27/7,-1/7,True,True,5
0,1,-1,0,1/7,13/7,0,-1/2,1/2,True,False,5
0,1,-1,0,1/7,13/7,3,4/7,38/7,True,True,5
0,1,-1,0,-3/4,-1/4,-2,1/4,7/4,True,True,3
0,1,-1,0,-3/4,-1/4,0,-1/2,1/2,True,False,3
0,1,-1,0,-3/4,-1/4,3,-2,-1,True,True,3
0,1,-1,0,1/2,1/2,-2,-3/2,-3/2,True,True,1
0,1,-1,0,1/2,1/2,0,-1/2,-1/2,True,True,1
0,1,-1,0,1/2,1/2,3,1,1,True,True,1
0,1,-1,0,-1/2,-1/2,-2,1/2,1/2,True,True,1
0,1,-1,0,-1/2,-1/2,0,-1/2,-1/2,True,True,1
0,1,-1,0,-1/2,-1/2,3,-2,-2,True,True,1
0,1,-1,0,0,0,-2,0,0,True,True,1
0,1,-1,0,0,0,0,0,0,True,True,1
0,1,-1,0,0,0,3,0,0,True,True,1
0,1,-1,0,3/8,5/8,-2,-13/8,-3/8,True,True,3
0,1,-1,0,3/8,5/8,0,-1/2,1/2,True,False,3
0,1,-1,0,3/8,5/8,3,1,2,True,False,3
0,1,-1,0,-1/100,1/100,-2,-1/100,1/100,True,True,2
0,1,-1,0,-1/100,1/100,0,-1/100,1/100,True,True,2
0,1,-1,0,-1/100,1/100,3,-1/25,1/25,True,True,2
0,1,-1,0,-11/7,-5/7,-2,12/7,25/7,True,True,4
0,1,-1,0,-11/7,-5/7,0,-1/2,1/2,True,False,4
0,1,-1,0,-11/7,-5/7,3,-5,-13/7,True,True,4
0,1,-1,0,31/16,33/16,-2,-65/16,-63/16,True,True,2
0,1,-1,0,31/16,33/16,0,-1/16,1/16,True,True,2
0,1,-1,0,31/16,33/16,3,23/4,25/4,True,True,2
0,1,-1,1,-2,2,-2,-4,4,True,True,8
0,1,-1,1,-2,2,0,-1,1,True,True,8
0,1,-1,1,-2,2,3,-6,6,True,True,8
0,1,-1,1,0,1,-2,-3,0,False,True,3
0,1,-1,1,0,1,0,-1,1,True,True,3
0,1,-1,1,0,1,3,0,4,True,True,3
0,1,-1,1,1/7,13/7,-2,-26/7,-2/7,True,True,5
0,1,-1,1,1/7,13/7,0,-1,1,True,True,5
0,1,-1,1,1/7,13/7,3,3/7,39/7,True,True,5
0,1,-1,1,-3/4,-1/4,-2,1/2,5/2,True,True,3
0,1,-1,1,-3/4,-1/4,0,0,1,True,True,3
0,1,-1,1,-3/4,-1/4,3,-3/2,-1/2,True,False,3
0,1,-1,1,1/2,1/2,-2,-2,-2,True,True,1
0,1,-1,1,1/2,1/2,0,-1,-1,True,True,1
0,1,-1,1,1/2,1/2,3,1/2,1/2,True,True,1
0,1,-1,1,-1/2,-1/2,-2,1,1,True,True,1
0,1,-1,1,-1/2,-1/2,0,0,0,True,True,1
0,1,-1,1,-1/2,-1/2,3,-3/2,-3/2,True,True,1
0,1,-1,1,0,0,-2,0,0,True,True,1
0,1,-1,1,0,0,0,0,0,True,True,1
0,1,-1,1,0,0,3,0,0,True,True,1
0,1,-1,1,3/8,5/8,-2,-9/4,-3/4,True,True,3
0,1,-1,1,3/8,5/8,0,-1,0,True,True,3
0,1,-1,1,3/8,5/8,3,1/2,3/2,True,False,3
0,1,-1,1,-1/100,1/100,-2,-1/50,1/50,True,True,2
0,1,-1,1,-1/100,1/100,0,0,0,True,True,2
0,1,-1,1,-1/100,1/100,3,-3/100,3/100,True,True,2
0,1,-1,1,-11/7,-5/7,-2,1,22/7,False,True,4
0,1,-1,1,-11/7,-5/7,0,-1,1,True,True,4
0,1,-1,1,-11/7,-5/7,3,-11/2,-8/7,True,True,4
0,1,-1,1,31/16,33/16,-2,-33/8,-31/8,True,True,2
0,1,-1,1,31/16,33/16,0,0,0,True,True,2
0,1,-1,1,31/16,33/16,3,93/16,99/16,True,True,2
0,1,-1,2,-2,2,-2,-4,4,True,True,8
0,1,-1,2,-2,2,0,-2,2,False,True,8
0,1,-1,2,-2,2,3,-6,6,True,True,8
0,1,-1,2,0,1,-2,-4,0,False,True,3
0,1,-1,2,0,1,0,-2,2,False,True,3
0,1,-1,2,0,1,3,0,5,True,True,3
0,1,-1,2,1/7,13/7,-2,-4,0,False,True,5
0,1,-1,2,1/7,13/7,0,-2,2,False,True,5
0,1,-1,2,1/7,13/7,3,0,6,True,False,5
0,1,-1,2,-3/4,-1/4,-2,3/4,13/4,True,True,3
0,1,-1,2,-3/4,-1/4,0,1/4,7/4,True,True,3
0,1,-1,2,-3/4,-1/4,3,-1,0,True,False,3
0,1,-1,2,1/2,1/2,-2,-5/2,-5/2,True,True,1
0,1,-1,2,1/2,1/2,0,-3/2,-3/2,True,True,1
0,1,-1,2,1/2,1/2,3,0,0,True,True,1
0,1,-1,2,-1/2,-1/2,-2,3/2,3/2,True,True,1
0,1,-1,2,-1/2,-1/2,0,1/2,1/2,True,True,1
0,1,-1,2,-1/2,-1/2,3,-1,-1,True,True,1
0,1,-1,2,0,0,-2,0,0,True,True,1
0,1,-1,2,0,0,0,0,0,True,True,1
0,1,-1,2,0,0,3,0,0,True,True,1
0,1,-1,2,3/8,5/8,-2,-23/8,-9/8,True,True,3
0,1,-1,2,3/8,5/8,0,-13/8,-3/8,True,True,3
0,1,-1,2,3/8,5/8,3,0,1,True,False,3
0,1,-1,2,-1/100,1/100,-2,-3/100,3/100,True,True,2
0,1,-1,2,-1/100,1/100,0,-1/100,1/100,True,True,2
0,1,-1,2,-1/100,1/100,3,-1/50,1/50,True,True,2
0,1,-1,2,-11/7,-5/7,-2,0,4,False,True,4
0,1,-1,2,-11/7,-5/7,0,-2,2,False,True,4
0,1,-1,2,-11/7,-5/7,3,-6,-3/7,True,True,4
0,1,-1,2,31/16,33/16,-2,-67/16,-61/16,True,True,2
0,1,-1,2,31/16,33/16,0,-1/16,1/16,True,True,2
0,1,-1,2,31/16,33/16,3,47/8,49/8,True,True,2
0,1,0,-2,-2,2,-2,-4,4,True,True,8
0,1,0,-2,-2,2,0,-2,2,True,False,8
0,1,0,-2,-2,2,3,-6,6,True,True,8
0,1,0,-2,0,1,-2,-4,0,True,True,3
0,1,0,-2,0,1,0,-2,2,True,False,3
0,1,0,-2,0,1,3,0,5,True,False,3
0,1,0,-2,1/7,13/7,-2,-4,0,True,True,5
0,1,0,-2,1/7,13/7,0,-2,2,True,False,5
0,1,0,-2,1/7,13/7,3,5/7,37/7,True,True,5
0,1,0,-2,-3/4,-1/4,-2,0,0,True,True,3
0,1,0,-2,-3/4,-1/4,0,-3/2,-1/2,True,True,3
0,1,0,-2,-3/4,-1/4,3,-15/4,-5/4,True,True,3
0,1,0,-2,1/2,1/2,-2,0,0,True,True,1
0,1,0,-2,1/2,1/2,0,1,1,True,True,1
0,1,0,-2,1/2,1/2,3,5/2,5/2,True,True,1
0,1,0,-2,-1/2,-1/2,-2,0,0,True,True,1
0,1,0,-2,-1/2,-1/2,0,-1,-1,True,True,1
0,1,0,-2,-1/2,-1/2,3,-5/2,-5/2,True,True,1
0,1,0,-2,0,0,-2,0,0,True,True,1
0,1,0,-2,0,0,0,0,0,True,True,1
0,1,0,-2,0,0,3,0,0,True,True,1
0,1,0,-2,3/8,5/8,-2,0,0,True,True,3
0,1,0,-2,3/8,5/8,0,3/4,5/4,True,True,3
0,1,0,-2,3/8,5/8,3,15/8,25/8,True,True,3
0,1,0,-2,-1/100,1/100,-2,0,0,True,True,2
0,1,0,-2,-1/100,1/100,0,-1/50,1/50,True,True,2
0,1,0,-2,-1/100,1/100,3,-1/20,1/20,True,True,2
0,1,0,-2,-11/7,-5/7,-2,0,4,True,True,4
0,1,0,-2,-11/7,-5/7,0,-2,2,True,False,4
0,1,0,-2,-11/7,-5/7,3,-5,-1,True,False,4
0,1,0,-2,31/16,33/16,-2,-4,-4,True,True,2
0,1,0,-2,31/16,33/16,0,-1/8,1/8,True,True,2
0,1,0,-2,31/16,33/16,3,91/16,101/16,True,True,2
0,1,0,-1,-2,2,-2,-4,4,True,True,8
0,1,0,-1,-2,2,0,-1,1,True,False,8
0,1,0,-1,-2,2,3,-6,6,True,True,8
0,1,0,-1,0,1,-2,-3,0,True,True,3
0,1,0,-1,0,1,0,-1,1,True,False,3
0,1,0,-1,0,1,3,0,4,True,False,3
0,1,0,-1,1/7,13/7,-2,-27/7,-1/7,True,True,5
0,1,0,-1,1/7,13/7,0,-1,1,True,False,5
0,1,0,-1,1/7,13/7,3,4/7,38/7,True,True,5
0,1,0,-1,-3/4,-1/4,-2,1/4,3/4,True,True,3
0,1,0,-1,-3/4,-1/4,0,-3/4,-1/4,True,True,3
0,1,0,-1,-3/4,-1/4,3,-3,-1,True,True,3
0,1,0,-1,1/2,1/2,-2,-1/2,-1/2,True,True,1
0,1,0,-1,1/2,1/2,0,1/2,1/2,True,True,1
0,1,0,-1,1/2,1/2,3,2,2,True,True,1
0,1,0,-1,-1/2,-1/2,-2,1/2,1/2,True,True,1
0,1,0,-1,-1/2,-1/2,0,-1/2,-1/2,True,True,1
0,1,0,-1,-1/2,-1/2,3,-2,-2,True,True,1
0,1,0,-1,0,0,-2,0,0,True,True,1
0,1,0,-1,0,0,0,0,0,True,True,1
0,1,0,-1,0,0,3,0,0,True,True,1
0,1,0,-1,3/8,5/8,-2,-5/8,-3/8,True,True,3
0,1,0,-1,3/8,5/8,0,3/8,5/8,True,True,3
0,1,0,-1,3/8,5/8,3,3/2,5/2,True,True,3
0,1,0,-1,-1/100,1/100,-2,-1/100,1/100,True,True,2
0,1,0,-1,-1/100,1/100,0,-1/100,1/100,True,True,2
0,1,0,-1,-1/100,1/100,3,-1/25,1/25,True,True,2
0,1,0,-1,-11/7,-5/7,-2,5/7,25/7,True,True,4
0,1,0,-1,-11/7,-5/7,0,-1,1,True,False,4
0,1,0,-1,-11/7,-5/7,3,-30/7,-2,True,False,4
0,1,0,-1,31/16,33/16,-2,-65/16,-63/16,True,True,2
0,1,0,-1,31/16,33/16,0,-1/16,1/16,True,True,2
0,1,0,-1,31/16,33/16,3,23/4,25/4,True,True,2
0,1,0,0,-2,2,-2,-4,4,True,True,8
0,1,0,0,-2,2,0,0,0,True,True,8
0,1,0,0,-2,2,3,-6,6,True,True,8
0,1,0,0,0,1,-2,-2,0,True,True,3
0,1,0,0,0,1,0,0,0,True,True,3
0,1,0,0,0,1,3,0,3,True,True,3
0,1,0,0,1/7,13/7,-2,-26/7,-2/7,True,True,5
0,1,0,0,1/7,13/7,0,0,0,True,True,5
0,1,0,0,1/7,13/7,3,3/7,39/7,True,True,5
0,1,0,0,-3/4,-1/4,-2,1/2,3/2,True,True,3
0,1,0,0,-3/4,-1/4,0,0,0,True,True,3
0,1,0,0,-3/4,-1/4,3,-9/4,-3/4,True,True,3
0,1,0,0,1/2,1/2,-2,-1,-1,True,True,1
0,1,0,0,1/2,1/2,0,0,0,True,True,1
0,1,0,0,1/2,1/2,3,3/2,3/2,True,True,1
0,1,0,0,-1/2,-1/2,-2,1,1,True,True,1
0,1,0,0,-1/2,-1/2,0,0,0,True,True,1
0,1,0,0,-1/2,-1/2,3,-3/2,-3/2,True,True,1
0,1,0,0,0,0,-2,0,0,True,True,1
0,1,0,0,0,0,0,0,0,True,True,1
0,1,0,0,0,0,3,0,0,True,True,1
0,1,0,0,3/8,5/8,-2,-5/4,-3/4,True,True,3
0,1,0,0,3/8,5/8,0,0,0,True,True,3
0,1,0,0,3/8,5/8,3,9/8,15/8,True,True,3
0,1,0,0,-1/100,1/100,-2,-1/50,1/50,True,True,2
0,1,0,0,-1/100,1/100,0,0,0,True,True,2
0,1,0,0,-1/100,1/100,3,-3/100,3/100,True,True,2
0,1,0,0,-11/7,-5/7,-2,10/7,22/7,True,True,4
0,1,0,0,-11/7,-5/7,0,0,0,True,True,4
0,1,0,0,-11/7,-5/7,3,-33/7,-15/7,True,True,4
0,1,0,0,31/16,33/16,-2,-33/8,-31/8,True,True,2
0,1,0,0,31/16,33/16,0,0,0,True,True,2
0,1,0,0,31/16,33/16,3,93/16,99/16,True,True,2
0,1,0,1,-2,2,-2,-4,4,True,True,8
0,1,0,1,-2,2,0,-1,1,False,True,8
0,1,0,1,-2,2,3,-6,6,True,True,8
0,1,0,1,0,1,-2,-3,0,False,True,3
0,1,0,1,0,1,0,-1,1,False,True,3
0,1,0,1,0,1,3,0,4,True,True,3
0,1,0,1,1/7,13/7,-2,-25/7,-3/7,True,True,5
0,1,0,1,1/7,13/7,0,-1,1,False,True,5
0,1,0,1,1/7,13/7,3,2/7,40/7,True,True,5
0,1,0,1,-3/4,-1/4,-2,3/4,9/4,True,True,3
0,1,0,1,-3/4,-1/4,0,1/4,3/4,True,True,3
0,1,0,1,-3/4,-1/4,3,-3/2,-1/2,True,True,3
0,1,0,1,1/2,1/2,-2,-3/2,-3/2,True,True,1
0,1,0,1,1/2,1/2,0,-1/2,-1/2,True,True,1
0,1,0,1,1/2,1/2,3,1,1,True,True,1
0,1,0,1,-1/2,-1/2,-2,3/2,3/2,True,True,1
0,1,0,1,-1/2,-1/2,0,1/2,1/2,True,True,1
0,1,0,1,-1/2,-1/2,3,-1,-1,True,True,1
0,1,0,1,0,0,-2,0,0,True,True,1
0,1,0,1,0,0,0,0,0,True,True,1
0,1,0,1,0,0,3,0,0,True,True,1
0,1,0,1,3/8,5/8,-2,-15/8,-9/8,True,True,3
0,1,0,1,3/8,5/8,0,-5/8,-3/8,True,True,3
0,1,0,1,3/8,5/8,3,3/4,5/4,True,True,3
0,1,0,1,-1/100,1/100,-2,-3/100,3/100,True,True,2
0,1,0,1,-1/100,1/100,0,-1/100,1/100,True,True,2
0,1,0,1,-1/100,1/100,3,-1/50,1/50,True,True,2
0,1,0,1,-11/7,-5/7,-2,1,3,False,True,4
0,1,0,1,-11/7,-5/7,0,-1,1,False,True,4
0,1,0,1,-11/7,-5/7,3,-36/7,-10/7,True,True,4
0,1,0,1,31/16,33/16,-2,-67/16,-61/16,True,True,2
0,1,0,1,31/16,33/16,0,-1/16,1/16,True,True,2
0,1,0,1,31/16,33/16,3,47/8,49/8,True,True,2
0,1,0,2,-2,2,-2,-4,4,True,True,8
0,1,0,2,-2,2,0,-2,2,False,True,8
0,1,0,2,-2,2,3,-6,6,True,True,8
0,1,0,2,0,1,-2,-4,0,False,True,3
0,1,0,2,0,1,0,-2,2,False,True,3
0,1,0,2,0,1,3,0,5,True,True,3
0,1,0,2,1/7,13/7,-2,-4,0,False,True,5
0,1,0,2,1/7,13/7,0,-2,2,False,True,5
0,1,0,2,1/7,13/7,3,1/7,41/7,True,True,5
0,1,0,2,-3/4,-1/4,-2,1,3,True,True,3
0,1,0,2,-3/4,-1/4,0,1/2,3/2,True,True,3
0,1,0,2,-3/4,-1/4,3,-3/4,-1/4,True,True,3
0,1,0,2,1/2,1/2,-2,-2,-2,True,True,1
0,1,0,2,1/2,1/2,0,-1,-1,True,True,1
0,1,0,2,1/2,1/2,3,1/2,1/2,True,True,1
0,1,0,2,-1/2,-1/2,-2,2,2,True,True,1
0,1,0,2,-1/2,-1/2,0,1,1,True,True,1
0,1,0,2,-1/2,-1/2,3,-1/2,-1/2,True,True,1
0,1,0,2,0,0,-2,0,0,True,True,1
0,1,0,2,0,0,0,0,0,True,True,1
0,1,0,2,0,0,3,0,0,True,True,1
0,1,0,2,3/8,5/8,-2,-5/2,-3/2,True,True,3
0,1,0,2,3/8,5/8,0,-5/4,-3/4,True,True,3
0,1,0,2,3/8,5/8,3,3/8,5/8,True,True,3
0,1,0,2,-1/100,1/100,-2,-1/25,1/25,True,True,2
0,1,0,2,-1/100,1/100,0,-1/50,1/50,True,True,2
0,1,0,2,-1/100,1/100,3,-1/100,1/100,True,True,2
0,1,0,2,-11/7,-5/7,-2,0,4,False,True,4
0,1,0,2,-11/7,-5/7,0,-2,2,False,True,4
0,1,0,2,-11/7,-5/7,3,-39/7,-5/7,True,True,4
0,1,0,2,31/16,33/16,-2,-17/4,-15/4,True,True,2
0,1,0,2,31/16,33/16,0,-1/8,1/8,True,True,2
0,1,0,2,31/16,33/16,3,95/16,97/16,True,True,2
0,1,1,-2,-2,2,-2,-9/2,9/2,False,True,8
0,1,1,-2,-2,2,0,-2,2,True,False,8
0,1,1,-2,-2,2,3,-6,6,True,True,8
0,1,1,-2,0,1,-2,-4,1/2,True,True,3
0,1,1,-2,0,1,0,-2,2,True,False,3
0,1,1,-2,0,1,3,0,5,True,False,3
0,1,1,-2,1/7,13/7,-2,-9/2,1/2,False,True,5
0,1,1,-2,1/7,13/7,0,-2,2,True,False,5
0,1,1,-2,1/7,13/7,3,4/7,38/7,True,True,5
0,1,1,-2,-3/4,-1/4,-2,-1/2,1/2,False,True,3
0,1,1,-2,-3/4,-1/4,0,-7/4,-1/4,True,True,3
0,1,1,-2,-3/4,-1/4,3,-4,-1,True,True,3
0,1,1,-2,1/2,1/2,-2,1/2,1/2,True,True,1
0,1,1,-2,1/2,1/2,0,3/2,3/2,True,True,1
0,1,1,-2,1/2,1/2,3,3,3,True,True,1
0,1,1,-2,-1/2,-1/2,-2,1/2,1/2,True,True,1
0,1,1,-2,-1/2,-1/2,0,-1/2,-1/2,True,True,1
0,1,1,-2,-1/2,-1/2,3,-2,-2,True,True,1
0,1,1,-2,0,0,-2,0,0,True,True,1
0,1,1,-2,0,0,0,0,0,True,True,1
0,1,1,-2,0,0,3,0,0,True,True,1
0,1,1,-2,3/8,5/8,-2,-1/2,1/2,False,True,3
0,1,1,-2,3/8,5/8,0,3/8,13/8,True,True,3
0,1,1,-2,3/8,5/8,3,3/2,7/2,True,True,3
0,1,1,-2,-1/100,1/100,-2,-1/100,1/100,True,True,2
0,1,1,-2,-1/100,1/100,0,-1/100,1/100,True,True,2
0,1,1,-2,-1/100,1/100,3,-1/25,1/25,True,True,2
0,1,1,-2,-11/7,-5/7,-2,-2/7,9/2,True,True,4
0,1,1,-2,-11/7,-5/7,0,-2,2,True,False,4
0,1,1,-2,-11/7,-5/7,3,-5,-1,True,False,4
0,1,1,-2,31/16,33/16,-2,-65/16,-63/16,True,True,2
0,1,1,-2,31/16,33/16,0,-1/16,1/16,True,True,2
0,1,1,-2,31/16,33/16,3,23/4,25/4,True,True,2
0,1,1,-1,-2,2,-2,-4,4,True,True,8
0,1,1,-1,-2,2,0,-1,1,True,True,8
0,1,1,-1,-2,2,3,-6,6,True,True,8
0,1,1,-1,0,1,-2,-3,0,True,True,3
0,1,1,-1,0,1,0,-1,1,True,True,3
0,1,1,-1,0,1,3,0,4,True,False,3
0,1,1,-1,1/7,13/7,-2,-4,0,False,True,5
0,1,1,-1,1/7,13/7,0,-1,1,True,True,5
0,1,1,-1,1/7,13/7,3,3/7,39/7,True,True,5
0,1,1,-1,-3/4,-1/4,-2,0,1,False,True,3
0,1,1,-1,-3/4,-1/4,0,-1,0,True,True,3
0,1,1,-1,-3/4,-1/4,3,-13/4,-3/4,True,True,3
0,1,1,-1,1/2,1/2,-2,0,0,True,True,1
0,1,1,-1,1/2,1/2,0,1,1,True,True,1
0,1,1,-1,1/2,1/2,3,5/2,5/2,True,True,1
0,1,1,-1,-1/2,-1/2,-2,1,1,True,True,1
0,1,1,-1,-1/2,-1/2,0,0,0,True,True,1
0,1,1,-1,-1/2,-1/2,3,-3/2,-3/2,True,True,1
0,1,1,-1,0,0,-2,0,0,True,True,1
0,1,1,-1,0,0,0,0,0,True,True,1
0,1,1,-1,0,0,3,0,0,True,True,1
0,1,1,-1,3/8,5/8,-2,-1,0,False,True,3
0,1,1,-1,3/8,5/8,0,0,1,True,True,3
0,1,1,-1,3/8,5/8,3,9/8,23/8,True,True,3
0,1,1,-1,-1/100,1/100,-2,-1/50,1/50,True,True,2
0,1,1,-1,-1/100,1/100,0,0,0,True,True,2
0,1,1,-1,-1/100,1/100,3,-3/100,3/100,True,True,2
0,1,1,-1,-11/7,-5/7,-2,3/7,4,True,True,4
0,1,1,-1,-11/7,-5/7,0,-1,1,True,True,4
0,1,1,-1,-11/7,-5/7,3,-33/7,-2,True,False,4
0,1,1,-1,31/16,33/16,-2,-33/8,-31/8,True,True,2
0,1,1,-1,31/16,33/16,0,0,0,True,True,2
0,1,1,-1,31/16,33/16,3,93/16,99/16,True,True,2
0,1,1,0,-2,2,-2,-4,4,True,True,8
0,1,1,0,-2,2,0,-1/2,1/2,False,True,8
0,1,1,0,-2,2,3,-6,6,True,True,8
0,1,1,0,0,1,-2,-2,0,True,True,3
0,1,1,0,0,1,0,-1/2,1/2,False,True,3
0,1,1,0,0,1,3,0,3,True,True,3
0,1,1,0,1/7,13/7,-2,-25/7,-3/7,True,True,5
0,1,1,0,1/7,13/7,0,-1/2,1/2,False,True,5
0,1,1,0,1/7,13/7,3,2/7,40/7,True,True,5
0,1,1,0,-3/4,-1/4,-2,1/2,3/2,False,True,3
0,1,1,0,-3/4,-1/4,0,-1/2,1/2,False,True,3
0,1,1,0,-3/4,-1/4,3,-5/2,-1/2,True,True,3
0,1,1,0,1/2,1/2,-2,-1/2,-1/2,True,True,1
0,1,1,0,1/2,1/2,0,1/2,1/2,True,True,1
0,1,1,0,1/2,1/2,3,2,2,True,True,1
0,1,1,0,-1/2,-1/2,-2,3/2,3/2,True,True,1
0,1,1,0,-1/2,-1/2,0,1/2,1/2,True,True,1
0,1,1,0,-1/2,-1/2,3,-1,-1,True,True,1
0,1,1,0,0,0,-2,0,0,True,True,1
0,1,1,0,0,0,0,0,0,True,True,1
0,1,1,0,0,0,3,0,0,True,True,1
0,1,1,0,3/8,5/8,-2,-3/2,-1/2,False,True,3
0,1,1,0,3/8,5/8,0,-1/2,1/2,False,True,3
0,1,1,0,3/8,5/8,3,3/4,9/4,True,True,3
0,1,1,0,-1/100,1/100,-2,-3/100,3/100,True,True,2
0,1,1,0,-1/100,1/100,0,-1/100,1/100,True,True,2
0,1,1,0,-1/100,1/100,3,-1/50,1/50,True,True,2
0,1,1,0,-11/7,-5/7,-2,8/7,7/2,True,True,4
0,1,1,0,-11/7,-5/7,0,-1/2,1/2,False,True,4
0,1,1,0,-11/7,-5/7,3,-36/7,-17/7,True,True,4
0,1,1,0,31/16,33/16,-2,-67/16,-61/16,True,True,2
0,1,1,0,31/16,33/16,0,-1/16,1/16,True,True,2
0,1,1,0,31/16,33/16,3,47/8,49/8,True,True,2
0,1,1,1,-2,2,-2,-4,4,True,True,8
0,1,1,1,-2,2,0,-1,1,False,True,8
0,1,1,1,-2,2,3,-6,6,True,True,8
0,1,1,1,0,1,-2,-3,0,False,True,3
0,1,1,1,0,1,0,-1,1,False,True,3
0,1,1,1,0,1,3,0,4,True,True,3
0,1,1,1,1/7,13/7,-2,-24/7,-4/7,True,True,5
0,1,1,1,1/7,13/7,0,-1,1,False,True,5
0,1,1,1,1/7,13/7,3,1/7,41/7,True,True,5
0,1,1,1,-3/4,-1/4,-2,1,2,True,True,3
0,1,1,1,-3/4,-1/4,0,0,1,False,True,3
0,1,1,1,-3/4,-1/4,3,-7/4,-1/4,True,True,3
0,1,1,1,1/2,1/2,-2,-1,-1,True,True,1
0,1,1,1,1/2,1/2,0,0,0,True,True,1
0,1,1,1,1/2,1/2,3,3/2,3/2,True,True,1
0,1,1,1,-1/2,-1/2,-2,2,2,True,True,1
0,1,1,1,-1/2,-1/2,0,1,1,True,True,1
0,1,1,1,-1/2,-1/2,3,-1/2,-1/2,True,True,1
0,1,1,1,0,0,-2,0,0,True,True,1
0,1,1,1,0,0,0,0,0,True,True,1
0,1,1,1,0,0,3,0,0,True,True,1
0,1,1,1,3/8,5/8,-2,-2,-1,False,True,3
0,1,1,1,3/8,5/8,0,-1,0,False,True,3
0,1,1,1,3/8,5/8,3,3/8,13/8,True,True,3
0,1,1,1,-1/100,1/100,-2,-1/25,1/25,True,True,2
0,1,1,1,-1/100,1/100,0,-1/50,1/50,True,True,2
0,1,1,1,-1/100,1/100,3,-1/100,1/100,True,True,2
0,1,1,1,-11/7,-5/7,-2,1,3,False,True,4
0,1,1,1,-11/7,-5/7,0,-1,1,False,True,4
0,1,1,1,-11/7,-5/7,3,-39/7,-12/7,True,True,4
0,1,1,1,31/16,33/16,-2,-17/4,-15/4,True,True,2
0,1,1,1,31/16,33/16,0,-1/8,1/8,True,True,2
0,1,1,1,31/16,33/16,3,95/16,97/16,True,True,2
0,1,1,2,-2,2,-2,-4,4,True,True,8
0,1,1,2,-2,2,0,-2,2,False,True,8
0,1,1,2,-2,2,3,-6,6,True,True,8
0,1,1,2,0,1,-2,-4,0,False,True,3
0,1,1,2,0,1,0,-2,2,False,True,3
0,1,1,2,0,1,3,0,5,True,True,3
0,1,1,2,1/7,13/7,-2,-4,0,False,True,5
0,1,1,2,1/7,13/7,0,-2,2,False,True,5
0,1,1,2,1/7,13/7,3,0,6,True,True,5
0,1,1,2,-3/4,-1/4,-2,5/4,11/4,True,True,3
0,1,1,2,-3/4,-1/4,0,1/2,3/2,False,True,3
0,1,1,2,-3/4,-1/4,3,-1,0,True,True,3
0,1,1,2,1/2,1/2,-2,-3/2,-3/2,True,True,1
0,1,1,2,1/2,1/2,0,-1/2,-1/2,True,True,1
0,1,1,2,1/2,1/2,3,1,1,True,True,1
0,1,1,2,-1/2,-1/2,-2,5/2,5/2,True,True,1
0,1,1,2,-1/2,-1/2,0,3/2,3/2,True,True,1
0,1,1,2,-1/2,-1/2,3,0,0,True,True,1
0,1,1,2,0,0,-2,0,0,True,True,1
0,1,1,2,0,0,0,0,0,True,True,1
0,1,1,2,0,0,3,0,0,True,True,1
0,1,1,2,3/8,5/8,-2,-5/2,-3/2,False,True,3
0,1,1,2,3/8,5/8,0,-3/2,-1/2,False,True,3
0,1,1,2,3/8,5/8,3,0,1,True,True,3
0,1,1,2,-1/100,1/100,-2,-1/20,1/20,True,True,2
0,1,1,2,-1/100,1/100,0,-3/100,3/100,True,True,2
0,1,1,2,-1/100,1/100,3,0,0,True,True,2
0,1,1,2,-11/7,-5/7,-2,0,4,False,True,4
0,1,1,2,-11/7,-5/7,0,-2,2,False,True,4
0,1,1,2,-11/7,-5/7,3,-6,-1,True,True,4
0,1,1,2,31/16,33/16,-2,-69/16,-59/16,True,True,2
0,1,1,2,31/16,33/16,0,-3/16,3/16,True,True,2
0,1,1,2,31/16,33/16,3,6,6,True,True,2
0,1,2,-2,-2,2,-2,-5,5,False,True,8
0,1,2,-2,-2,2,0,-2,2,True,True,8
0,1,2,-2,-2,2,3,-6,6,True,True,8
0,1,2,-2,0,1,-2,-4,1,True,True,3
0,1,2,-2,0,1,0,-2,2,True,True,3
0,1,2,-2,0,1,3,0,5,True,False,3
0,1,2,-2,1/7,13/7,-2,-5,1,False,True,5
0,1,2,-2,1/7,13/7,0,-2,2,True,True,5
0,1,2,-2,1/7,13/7,3,3/7,39/7,True,True,5
0,1,2,-2,-3/4,-1/4,-2,-1,1,False,True,3
0,1,2,-2,-3/4,-1/4,0,-2,0,True,True,3
0,1,2,-2,-3/4,-1/4,3,-17/4,-3/4,True,True,3
0,1,2,-2,1/2,1/2,-2,1,1,True,True,1
0,1,2,-2,1/2,1/2,0,2,2,True,True,1
0,1,2,-2,1/2,1/2,3,7/2,7/2,True,True,1
0,1,2,-2,-1/2,-1/2,-2,1,1,True,True,1
0,1,2,-2,-1/2,-1/2,0,0,0,True,True,1
0,1,2,-2,-1/2,-1/2,3,-3/2,-3/2,True,True,1
0,1,2,-2,0,0,-2,0,0,True,True,1
0,1,2,-2,0,0,0,0,0,True,True,1
0,1,2,-2,0,0,3,0,0,True,True,1
0,1,2,-2,3/8,5/8,-2,-1,1,False,True,3
0,1,2,-2,3/8,5/8,0,0,2,True,True,3
0,1,2,-2,3/8,5/8,3,9/8,31/8,True,True,3
0,1,2,-2,-1/100,1/100,-2,-1/50,1/50,True,True,2
0,1,2,-2,-1/100,1/100,0,0,0,True,True,2
0,1,2,-2,-1/100,1/100,3,-3/100,3/100,True,True,2
0,1,2,-2,-11/7,-5/7,-2,-4/7,5,True,True,4
0,1,2,-2,-11/7,-5/7,0,-2,2,True,True,4
0,1,2,-2,-11/7,-5/7,3,-5,-1,True,False,4
0,1,2,-2,31/16,33/16,-2,-33/8,-31/8,True,True,2
0,1,2,-2,31/16,33/16,0,0,0,True,True,2
0,1,2,-2,31/16,33/16,3,93/16,99/16,True,True,2
0,1,2,-1,-2,2,-2,-9/2,9/2,False,True,8
0,1,2,-1,-2,2,0,-3/2,3/2,False,True,8
0,1,2,-1,-2,2,3,-6,6,True,True,8
0,1,2,-1,0,1,-2,-3,1/2,True,True,3
0,1,2,-1,0,1,0,-1,3/2,True,True,3
0,1,2,-1,0,1,3,0,4,True,False,3
0,1,2,-1,1/7,13/7,-2,-9/2,1/2,False,True,5
0,1,2,-1,1/7,13/7,0,-3/2,3/2,False,True,5
0,1,2,-1,1/7,13/7,3,2/7,40/7,True,True,5
0,1,2,-1,-3/4,-1/4,-2,-1/2,3/2,False,True,3
0,1,2,-1,-3/4,-1/4,0,-3/2,1/2,False,True,3
0,1,2,-1,-3/4,-1/4,3,-7/2,-1/2,True,True,3
0,1,2,-1,1/2,1/2,-2,1/2,1/2,True,True,1
0,1,2,-1,1/2,1/2,0,3/2,3/2,True,True,1
0,1,2,-1,1/2,1/2,3,3,3,True,True,1
0,1,2,-1,-1/2,-1/2,-2,3/2,3/2,True,True,1
0,1,2,-1,-1/2,-1/2,0,1/2,1/2,True,True,1
0,1,2,-1,-1/2,-1/2,3,-1,-1,True,True,1
0,1,2,-1,0,0,-2,0,0,True,True,1
0,1,2,-1,0,0,0,0,0,True,True,1
0,1,2,-1,0,0,3,0,0,True,True,1
0,1,2,-1,3/8,5/8,-2,-3/2,1/2,False,True,3
0,1,2,-1,3/8,5/8,0,-1/2,3/2,False,True,3
0,1,2,-1,3/8,5/8,3,3/4,13/4,True,True,3
0,1,2,-1,-1/100,1/100,-2,-3/100,3/100,True,True,2
0,1,2,-1,-1/100,1/100,0,-1/100,1/100,True,True,2
0,1,2,-1,-1/100,1/100,3,-1/50,1/50,True,True,2
0,1,2,-1,-11/7,-5/7,-2,1/7,9/2,True,True,4
0,1,2,-1,-11/7,-5/7,0,-9/7,3/2,True,True,4
0,1,2,-1,-11/7,-5/7,3,-36/7,-2,True,False,4
0,1,2,-1,31/16,33/16,-2,-67/16,-61/16,True,True,2
0,1,2,-1,31/16,33/16,0,-1/16,1/16,True,True,2
0,1,2,-1,31/16,33/16,3,47/8,49/8,True,True,2
0,1,2,0,-2,2,-2,-4,4,True,True,8
0,1,2,0,-2,2,0,-1,1,False,True,8
0,1,2,0,-2,2,3,-6,6,True,True,8
0,1,2,0,0,1,-2,-2,0,True,True,3
0,1,2,0,0,1,0,-1,1,False,True,3
0,1,2,0,0,1,3,0,3,True,True,3
0,1,2,0,1/7,13/7,-2,-4,0,False,True,5
0,1,2,0,1/7,13/7,0,-1,1,False,True,5
0,1,2,0,1/7,13/7,3,1/7,41/7,True,True,5
0,1,2,0,-3/4,-1/4,-2,0,2,False,True,3
0,1,2,0,-3/4,-1/4,0,-1,1,False,True,3
0,1,2,0,-3/4,-1/4,3,-11/4,-1/4,True,True,3
0,1,2,0,1/2,1/2,-2,0,0,True,True,1
0,1,2,0,1/2,1/2,0,1,1,True,True,1
0,1,2,0,1/2,1/2,3,5/2,5/2,True,True,1
0,1,2,0,-1/2,-1/2,-2,2,2,True,True,1
0,1,2,0,-1/2,-1/2,0,1,1,True,True,1
0,1,2,0,-1/2,-1/2,3,-1/2,-1/2,True,True,1
0,1,2,0,0,0,-2,0,0,True,True,1
0,1,2,0,0,0,0,0,0,True,True,1
0,1,2,0,0,0,3,0,0,True,True,1
0,1,2,0,3/8,5/8,-2,-2,0,False,True,3
0,1,2,0,3/8,5/8,0,-1,1,False,True,3
0,1,2,0,3/8,5/8,3,3/8,21/8,True,True,3
0,1,2,0,-1/100,1/100,-2,-1/25,1/25,True,True,2
0,1,2,0,-1/100,1/100,0,-1/50,1/50,True,True,2
0,1,2,0,-1/100,1/100,3,-1/100,1/100,True,True,2
0,1,2,0,-11/7,-5/7,-2,6/7,4,True,True,4
0,1,2,0,-11/7,-5/7,0,-1,1,False,True,4
0,1,2,0,-11/7,-5/7,3,-39/7,-19/7,True,True,4
0,1,2,0,31/16,33/16,-2,-17/4,-15/4,True,True,2
0,1,2,0,31/16,33/16,0,-1/8,1/8,True,True,2
0,1,2,0,31/16,33/16,3,95/16,97/16,True,True,2
0,1,2,1,-2,2,-2,-4,4,True,True,8
0,1,2,1,-2,2,0,-3/2,3/2,False,True,8
0,1,2,1,-2,2,3,-6,6,True,True,8
0,1,2,1,0,1,-2,-3,0,False,True,3
0,1,2,1,0,1,0,-3/2,1,False,True,3
0,1,2,1,0,1,3,0,4,True,True,3
0,1,2,1,1/7,13/7,-2,-7/2,-1/2,False,True,5
0,1,2,1,1/7,13/7,0,-3/2,3/2,False,True,5
0,1,2,1,1/7,13/7,3,0,6,True,True,5
0,1,2,1,-3/4,-1/4,-2,1/2,5/2,False,True,3
0,1,2,1,-3/4,-1/4,0,-1/2,3/2,False,True,3
0,1,2,1,-3/4,-1/4,3,-2,0,True,True,3
0,1,2,1,1/2,1/2,-2,-1/2,-1/2,True,True,1
0,1,2,1,1/2,1/2,0,1/2,1/2,True,True,1
0,1,2,1,1/2,1/2,3,2,2,True,True,1
0,1,2,1,-1/2,-1/2,-2,5/2,5/2,True,True,1
0,1,2,1,-1/2,-1/2,0,3/2,3/2,True,True,1
0,1,2,1,-1/2,-1/2,3,0,0,True,True,1
0,1,2,1,0,0,-2,0,0,True,True,1
0,1,2,1,0,0,0,0,0,True,True,1
0,1,2,1,0,0,3,0,0,True,True,1
0,1,2,1,3/8,5/8,-2,-5/2,-1/2,False,True,3
0,1,2,1,3/8,5/8,0,-3/2,1/2,False,True,3
0,1,2,1,3/8,5/8,3,0,2,True,True,3
0,1,2,1,-1/100,1/100,-2,-1/20,1/20,True,True,2
0,1,2,1,-1/100,1/100,0,-3/100,3/100,True,True,2
0,1,2,1,-1/100,1/100,3,0,0,True,True,2
0,1,2,1,-11/7,-5/7,-2,1,7/2,False,True,4
0,1,2,1,-11/7,-5/7,0,-3/2,1,False,True,4
0,1,2,1,-11/7,-5/7,3,-6,-2,True,True,4
0,1,2,1,31/16,33/16,-2,-69/16,-59/16,True,True,2
0,1,2,1,31/16,33/16,0,-3/16,3/16,True,True,2
0,1,2,1,31/16,33/16,3,6,6,True,True,2
0,1,2,2,-2,2,-2,-4,4,True,True,8
0,1,2,2,-2,2,0,-2,2,False,True,8
0,1,2,2,-2,2,3,-13/2,13/2,False,True,8
0,1,2,2,0,1,-2,-4,0,False,True,3
0,1,2,2,0,1,0,-2,2,False,True,3
0,1,2,2,0,1,3,-1/2,5,False,True,3
0,1,2,2,1/7,13/7,-2,-4,0,False,True,5
0,1,2,2,1/7,13/7,0,-2,2,False,True,5
0,1,2,2,1/7,13/7,3,-1/2,13/2,False,True,5
0,1,2,2,-3/4,-1/4,-2,1,3,False,True,3
0,1,2,2,-3/4,-1/4,0,0,2,False,True,3
0,1,2,2,-3/4,-1/4,3,-3/2,1/2,False,True,3
0,1,2,2,1/2,1/2,-2,-1,-1,True,True,1
0,1,2,2,1/2,1/2,0,0,0,True,True,1
0,1,2,2,1/2,1/2,3,3/2,3/2,True,True,1
0,1,2,2,-1/2,-1/2,-2,3,3,True,True,1
0,1,2,2,-1/2,-1/2,0,2,2,True,True,1
0,1,2,2,-1/2,-1/2,3,1/2,1/2,True,True,1
0,1,2,2,0,0,-2,0,0,True,True,1
0,1,2,2,0,0,0,0,0,True,True,1
0,1,2,2,0,0,3,0,0,True,True,1
0,1,2,2,3/8,5/8,-2,-3,-1,False,True,3
0,1,2,2,3/8,5/8,0,-2,0,False,True,3
0,1,2,2,3/8,5/8,3,-1/2,3/2,False,True,3
0,1,2,2,-1/100,1/100,-2,-3/50,3/50,True,True,2
0,1,2,2,-1/100,1/100,0,-1/25,1/25,True,True,2
0,1,2,2,-1/100,1/100,3,-1/100,1/100,True,True,2
0,1,2,2,-11/7,-5/7,-2,0,4,False,True,4
0,1,2,2,-11/7,-5/7,0,-2,2,False,True,4
0,1,2,2,-11/7,-5/7,3,-13/2,-1,False,True,4
0,1,2,2,31/16,33/16,-2,-35/8,-29/8,True,True,2
0,1,2,2,31/16,33/16,0,-1/4,1/4,True,True,2
0,1,2,2,31/16,33/16,3,95/16,97/16,True,True,2
